id,AR_usage,Country,Order_size,Payment_method,New_customers,Old_customers_tenure,Product_return,Channel,Order_day,Order_hour
1,0,NL,-0.312367098,ideal,1,-0.693841827,0,Paid Search Non-Branded,4,1
2,1,NL,-0.658724289,ideal,1,-0.693841827,0,Paid Search Branded,4,1
3,0,NL,-1.322864203,ideal,1,-0.693841827,0,Paid Search Non-Branded,4,1
4,0,NL,0.062853192,ideal,0,-0.261269042,0,Paid Search Branded,4,1
5,1,NL,1.563734354,ideal,0,-0.350179234,1,Organic Search,4,4
6,0,NL,-0.456682594,ideal,1,-0.693841827,0,Direct Access,4,7
7,0,NL,-0.052599205,ideal,1,-0.693841827,0,Paid Search Branded,4,7
8,0,NL,1.852365347,visa,0,2.444564491,0,Campaigning,4,7
9,1,NL,0.12029076,ideal,1,-0.693841827,0,Direct Access,4,7
10,0,NL,1.852365347,visa,0,2.444564491,0,Campaigning,4,7
11,0,NL,-0.312367098,ideal,1,-0.693841827,0,Paid Search Branded,4,8
12,1,NL,-0.832191516,ideal,1,-0.693841827,0,Paid Search Branded,4,8
13,0,NL,0.293469356,ideal,1,-0.693841827,0,Direct Access,4,8
14,0,NL,0.062853192,ideal,1,-0.693841827,0,Paid Search Branded,4,8
15,0,NL,2.11213324,ideal,1,-0.693841827,1,Paid Search Branded,4,8
16,0,NL,-0.2257778,visa,0,0.109190095,0,Organic Search,4,9
17,1,NL,0.120002129,ideal,1,-0.693841827,0,Paid Search Non-Branded,4,9
18,1,NL,1.708049851,ideal,1,-0.693841827,0,Paid Search Branded,4,9
19,0,NL,0.120579391,ideal,1,-0.693841827,0,Paid Search Branded,4,9
20,1,NL,-0.312367098,ideal,1,-0.693841827,0,Paid Search Branded,4,9
21,0,NL,-0.2257778,visa,0,0.62190554,0,Paid Social,4,9
22,1,NL,-0.889917714,ideal,1,-0.693841827,0,Paid Search Branded,4,9
23,0,NL,0.051019322,ideal,0,-0.246450676,1,Paid Search Branded,4,9
24,0,NL,1.592308822,ideal,0,2.026686585,0,Paid Search Branded,4,9
25,1,NL,-0.196914701,ideal,1,-0.693841827,0,Paid Search Non-Branded,4,9
26,1,NL,-1.03394458,ideal,1,-0.693841827,0,Organic Search,4,9
27,0,NL,-0.637942858,visa,1,-0.693841827,0,Affiliate,4,9
28,0,NL,0.120579391,ideal,1,-0.693841827,0,Organic Search,4,9
29,0,BE,-1.178837338,visa,1,-0.693841827,0,Paid Search Non-Branded,4,9
30,0,NL,-0.889629083,visa,1,-0.693841827,0,Direct Access,4,10
31,0,NL,-0.023736105,ideal,1,-0.693841827,0,Paid Search Branded,4,10
32,0,NL,-0.485545694,ideal,1,-0.693841827,0,Direct Access,4,10
33,0,NL,-0.312367098,ideal,0,-0.113085387,0,Paid Search Branded,4,10
34,0,NL,-0.543849154,ideal,0,-0.332397196,0,Organic Search,4,10
35,0,NL,-0.774465317,ideal,1,-0.693841827,0,Paid Search Branded,4,10
36,1,NL,1.852365347,visa,0,2.269707779,0,Paid Search Branded,4,10
37,0,NL,-0.196914701,visa,0,0.052880306,0,Direct Access,4,10
38,0,NL,-0.889917714,ideal,0,-0.284978426,0,Direct Access,4,10
39,1,NL,1.101636135,ideal,0,-0.302760465,0,Paid Search Branded,4,11
40,1,NL,0.351484185,ideal,0,1.202785466,0,Paid Search Branded,4,11
41,0,NL,-1.03394458,ideal,1,-0.693841827,0,Paid Search Branded,4,11
42,0,NL,-0.312367098,ideal,1,-0.693841827,0,Paid Search Branded,4,11
43,0,NL,0.120579391,ideal,0,2.554220396,0,Paid Search Branded,4,11
44,1,NL,-0.2257778,ideal,0,1.1109116,0,Paid Search Branded,4,11
45,1,NL,-0.918492183,ideal,0,-0.353142908,0,Direct Access,4,11
46,0,BE,-0.600998091,visa,1,-0.693841827,0,Paid Search Non-Branded,4,11
47,0,NL,0.120579391,visa,1,-0.693841827,0,Affiliate,4,11
48,0,NL,-0.600998091,ideal,0,-0.471689831,0,Paid Search Branded,4,11
49,0,NL,-0.038167655,ideal,1,-0.693841827,0,Affiliate,4,11
50,0,NL,-0.889917714,ideal,0,2.441600818,0,Paid Search Branded,4,11
51,0,NL,-0.052887836,ideal,1,-0.693841827,0,Paid Search Non-Branded,4,12
52,1,NL,-0.832191516,ideal,1,-0.693841827,0,Organic Search,4,12
53,0,NL,-0.774465317,ideal,0,1.851829873,0,Organic Search,4,12
54,0,NL,1.361692659,ideal,1,-0.693841827,0,Paid Search Branded,4,12
55,0,NL,-0.024024736,ideal,1,-0.693841827,0,Direct Access,4,12
56,0,NL,-0.081750935,visa,0,1.525825833,0,Direct Access,4,12
57,0,NL,1.563445723,visa,0,2.065214336,0,Organic Search,4,12
58,0,NL,-0.600998091,ideal,1,-0.693841827,0,Direct Access,4,12
59,0,NL,1.67889812,ideal,1,-0.693841827,0,Paid Search Branded,4,12
60,0,NL,0.062853192,visa,0,0.014352556,0,Member-get-member,4,12
61,1,NL,0.409210384,ideal,0,1.022001407,0,Paid Search Branded,4,12
62,0,NL,-0.198069225,ideal,1,-0.693841827,0,Paid Search Non-Branded,4,12
63,0,NL,-0.196914701,ideal,0,0.032134594,0,Direct Access,4,12
64,0,NL,0.12029076,ideal,1,-0.693841827,0,Organic Search,4,12
65,1,NL,1.101924766,ideal,0,-0.027138867,0,Paid Search Branded,4,12
66,0,NL,0.784430674,ideal,1,-0.693841827,0,Paid Search Non-Branded,4,12
67,1,NL,-0.485545694,ideal,1,-0.693841827,0,Paid Search Non-Branded,4,12
68,0,NL,-1.03394458,ideal,1,-0.693841827,0,Direct Access,4,12
69,0,NL,-0.197203332,ideal,1,-0.693841827,0,Organic Search,4,12
70,0,BE,1.130787865,visa,1,-0.693841827,0,Paid Search Non-Branded,4,13
72,0,NL,-0.312655729,ideal,1,-0.693841827,0,Paid Search Branded,4,13
73,0,NL,-0.456682594,ideal,1,-0.693841827,0,Paid Search Branded,4,13
75,0,NL,0.409210384,ideal,1,-0.693841827,0,Paid Search Non-Branded,4,13
76,0,NL,-1.03394458,ideal,0,0.417412096,0,Direct Access,4,13
77,1,NL,0.293469356,ideal,0,-0.329433523,1,Paid Search Branded,4,13
78,0,NL,0.264606256,ideal,1,-0.693841827,0,Direct Access,4,13
79,0,NL,2.285311836,ideal,0,0.346283942,0,Paid Search Branded,4,13
80,0,NL,-0.197203332,ideal,0,0.04695296,0,Organic Search,4,13
81,0,NL,-0.456682594,ideal,1,-0.693841827,0,Paid Search Non-Branded,4,14
82,1,NL,-0.600998091,ideal,0,0.876781426,0,Organic Search,4,14
83,0,NL,-0.832191516,ideal,1,-0.693841827,0,Direct Access,4,14
84,1,NL,0.206880058,ideal,1,-0.693841827,0,Direct Access,4,14
85,1,NL,-0.28379263,ideal,1,-0.693841827,0,Organic Search,4,14
86,0,NL,-0.572134991,ideal,0,0.624869213,0,Organic Search,4,14
87,0,NL,-0.312655729,ideal,1,-0.693841827,0,Paid Search Non-Branded,4,14
88,0,NL,-0.284081261,ideal,1,-0.693841827,1,Paid Search Non-Branded,4,14
89,1,NL,1.967529113,ideal,1,-0.693841827,0,Organic Search,4,14
90,1,NL,0.264606256,ideal,1,-0.693841827,0,Paid Search Non-Branded,4,14
91,1,NL,-0.081462304,visa,1,-0.693841827,0,Paid Search Branded,4,14
92,0,NL,-0.889629083,ideal,0,-0.127903753,0,Paid Search Branded,4,14
93,0,NL,-0.456682594,ideal,0,-0.267196388,0,Member-get-member,4,14
94,1,NL,1.274814731,ideal,1,-0.693841827,0,Paid Search Non-Branded,4,14
95,0,NL,-0.2257778,ideal,0,0.924200195,0,Paid Search Branded,4,14
97,0,NL,0.091427661,ideal,1,-0.693841827,0,Organic Search,4,14
98,0,NL,3.151204814,ideal,1,-0.693841827,1,Organic Search,4,14
99,1,NL,0.149153859,ideal,1,-0.693841827,1,Organic Search,4,14
101,1,NL,-0.600998091,ideal,1,-0.693841827,0,Paid Search Branded,4,14
102,1,NL,-0.600998091,ideal,0,-0.172358849,1,Paid Search Branded,4,14
103,0,NL,-0.918492183,ideal,0,1.291695659,0,Direct Access,4,14
104,0,NL,-0.918492183,ideal,0,0.126972133,0,Paid Search Branded,4,15
105,0,NL,-0.601286722,visa,0,0.835290002,0,Paid Search Non-Branded,4,15
106,0,NL,-1.005370111,ideal,0,2.192652278,0,Direct Access,4,15
107,0,NL,-0.485545694,visa,0,2.145233509,0,Paid Search Branded,4,15
108,1,NL,-1.03394458,ideal,1,-0.693841827,0,Direct Access,4,15
109,0,NL,1.823502248,ideal,1,-0.693841827,1,Paid Search Branded,4,15
110,1,NL,-0.197203332,ideal,1,-0.693841827,0,Paid Search Branded,4,15
111,0,NL,0.264606256,ideal,1,-0.693841827,0,Affiliate,4,15
112,0,NL,-0.428108126,ideal,0,-0.610982467,0,Organic Search,4,15
113,0,NL,0.524662781,ideal,0,1.294659332,0,Direct Access,4,15
114,1,NL,-0.861343246,ideal,1,-0.693841827,0,Organic Search,4,15
115,0,NL,0.437784852,ideal,1,-0.693841827,0,Paid Search Non-Branded,4,15
116,1,NL,0.351484185,ideal,0,1.333187082,0,Direct Access,4,15
117,0,NL,0.293469356,ideal,0,-0.610982467,1,Paid Search Branded,4,15
118,1,BE,0.062564561,ideal,1,-0.693841827,1,Organic Search,4,15
119,0,NL,0.149153859,ideal,0,0.156608864,0,Paid Search Branded,4,15
120,0,NL,-0.658724289,ideal,1,-0.693841827,0,Paid Search Branded,4,15
121,0,NL,-0.485545694,ideal,1,-0.693841827,0,Paid Search Branded,4,16
122,0,NL,0.726415845,ideal,0,1.605845006,1,Paid Search Non-Branded,4,16
123,1,NL,-0.31294436,ideal,0,0.918272849,0,Paid Search Branded,4,16
124,1,NL,0.553237249,ideal,0,1.211676485,1,Direct Access,4,16
125,1,NL,-0.197203332,ideal,1,-0.693841827,0,Paid Search Branded,4,16
126,0,NL,2.031316562,ideal,0,1.851829873,0,Direct Access,4,16
127,1,NL,1.708049851,ideal,1,-0.693841827,0,Paid Search Non-Branded,4,16
128,0,NL,0.437784852,ideal,1,-0.693841827,1,Organic Search,4,16
129,0,NL,-0.890206345,ideal,0,0.011388883,0,Paid Search Branded,4,16
130,0,NL,-0.658724289,ideal,0,1.259095254,1,Organic Search,4,16
131,0,NL,0.120579391,ideal,0,1.460625025,0,Paid Search Non-Branded,4,16
132,1,NL,0.697841376,ideal,1,-0.693841827,0,Organic Search,4,16
133,1,NL,-0.600998091,ideal,0,0.292937827,0,Direct Access,4,16
134,0,NL,-0.572423622,ideal,1,-0.693841827,0,Paid Search Non-Branded,4,16
135,0,NL,-0.889629083,ideal,1,-0.693841827,0,Paid Search Branded,4,16
136,0,NL,-0.600998091,ideal,1,-0.693841827,0,Paid Search Branded,4,16
137,1,NL,1.130787865,ideal,1,-0.693841827,0,Paid Search Branded,4,16
138,1,NL,-0.600998091,ideal,0,0.2959015,1,Paid Search Non-Branded,4,17
139,1,NL,-0.341230197,visa,0,0.070662345,1,Paid Search Branded,4,17
140,1,NL,-0.889917714,ideal,1,-0.693841827,0,Paid Search Non-Branded,4,17
141,0,NL,0.062853192,ideal,0,-0.282014753,0,Organic Search,4,17
142,1,NL,-0.456971225,ideal,1,-0.693841827,0,Paid Search Branded,4,17
143,1,NL,-0.456682594,visa,1,-0.693841827,0,Paid Search Branded,4,17
144,0,NL,0.120579391,ideal,1,-0.693841827,1,Paid Search Non-Branded,4,17
145,0,NL,0.524662781,ideal,1,-0.693841827,0,Paid Search Non-Branded,4,17
146,0,NL,0.149153859,ideal,1,-0.693841827,0,Paid Search Branded,4,17
147,0,NL,-0.600998091,ideal,0,-0.047884579,0,Direct Access,4,17
148,0,NL,0.351484185,ideal,1,-0.693841827,0,Paid Search Branded,4,17
149,0,NL,0.408921753,ideal,1,-0.693841827,0,Paid Search Branded,4,17
150,1,NL,0.120579391,ideal,1,-0.693841827,0,Paid Search Branded,4,17
151,1,NL,0.264606256,ideal,1,-0.693841827,0,Organic Search,4,17
152,0,NL,2.429627332,ideal,0,-0.593200428,0,Organic Search,4,17
153,1,NL,-0.600998091,ideal,0,0.956800599,0,Paid Search Branded,4,17
154,0,NL,-0.28379263,ideal,1,-0.693841827,0,Paid Search Branded,4,17
155,1,NL,0.12029076,ideal,1,-0.693841827,0,Paid Search Branded,4,18
156,0,NL,2.429627332,ideal,0,-0.471689831,0,Paid Search Branded,4,18
157,0,NL,-0.312367098,ideal,1,-0.693841827,0,Organic Search,4,18
158,0,NL,0.149153859,ideal,0,-0.252378022,0,Paid Search Branded,4,18
159,0,NL,-0.456682594,ideal,0,0.082517037,0,Direct Access,4,18
160,0,NL,0.351195554,visa,1,-0.693841827,0,Direct Access,4,18
161,0,NL,0.120579391,ideal,1,-0.693841827,1,Direct Access,4,18
162,0,NL,1.852365347,ideal,0,-0.578382063,0,Paid Search Branded,4,18
163,0,NL,-1.120533877,ideal,1,-0.693841827,0,Direct Access,4,18
164,0,NL,0.409210384,ideal,1,-0.693841827,0,Paid Search Branded,4,18
165,0,NL,-1.005370111,ideal,0,1.691791526,0,Paid Search Branded,4,18
166,0,NL,-1.611495196,ideal,1,-0.693841827,0,Organic Search,4,19
167,1,NL,-0.312655729,ideal,0,1.413206255,1,Direct Access,4,19
168,0,BE,-0.485545694,visa,0,1.570280929,0,Organic Search,4,19
169,0,NL,0.668689646,ideal,0,1.552498891,0,Direct Access,4,19
170,0,NL,0.380058653,ideal,0,-0.219777618,0,Direct Access,4,19
171,1,NL,-0.2257778,ideal,0,2.118560451,0,Organic Search,4,19
172,1,NL,0.380347284,ideal,0,-0.095303349,0,Organic Search,4,19
173,0,NL,3.151204814,ideal,0,-0.610982467,0,Paid Search Branded,4,19
174,1,NL,-0.889917714,ideal,1,-0.693841827,0,Paid Search Branded,4,19
175,1,NL,0.091427661,visa,0,1.931849046,0,Organic Search,4,19
177,1,NL,0.697841376,ideal,1,-0.693841827,0,Paid Search Branded,4,19
178,0,NL,-0.889629083,ideal,1,-0.693841827,0,Paid Search Branded,4,20
179,0,NL,-0.341230197,ideal,0,-0.459835139,0,Organic Search,4,20
180,0,NL,-0.947643913,visa,1,-0.693841827,1,Direct Access,4,20
182,1,BE,-1.03394458,visa,1,-0.693841827,0,Paid Search Branded,4,20
183,1,NL,-1.034233211,ideal,1,-0.693841827,1,Paid Search Branded,4,20
184,0,NL,0.062853192,ideal,1,-0.693841827,1,Organic Search,4,20
185,1,NL,-0.341518828,ideal,1,-0.693841827,0,Organic Search,4,20
186,1,NL,-0.658724289,ideal,0,1.333187082,0,Paid Search Non-Branded,4,20
187,0,NL,0.726415845,ideal,0,2.761677512,0,Paid Search Branded,4,20
188,0,NL,-1.322575572,ideal,1,-0.693841827,0,Organic Search,4,20
189,0,NL,-0.831902885,ideal,0,2.86540607,0,Paid Search Branded,4,20
190,1,NL,2.804847623,ideal,1,-0.693841827,0,Direct Access,4,20
191,1,NL,0.120579391,ideal,0,1.917030681,0,Paid Search Branded,4,20
192,1,NL,-0.485545694,ideal,0,-0.145685791,0,Paid Search Branded,4,20
193,1,NL,-0.341518828,ideal,1,-0.693841827,0,Paid Search Branded,4,20
194,0,NL,-0.803617047,ideal,0,0.950873253,0,Paid Search Branded,4,20
195,1,NL,-0.658724289,ideal,1,-0.693841827,0,Paid Search Branded,4,20
196,0,BE,-1.03394458,visa,0,-0.575418389,0,Paid Search Non-Branded,4,20
197,1,NL,-0.456682594,ideal,0,0.08548071,0,Organic Search,4,20
198,1,NL,0.120579391,ideal,0,-0.350179234,0,Paid Search Branded,4,20
199,0,NL,-0.196914701,ideal,0,0.055843979,0,Paid Search Branded,4,21
200,1,NL,0.408921753,ideal,1,-0.693841827,0,Paid Search Branded,4,21
201,1,NL,-0.485545694,ideal,0,0.076589691,0,Paid Search Branded,4,21
202,0,NL,-0.2257778,visa,1,-0.693841827,0,Organic Search,4,21
203,0,NL,-0.889917714,ideal,1,-0.693841827,0,Organic Search,4,21
204,0,NL,-0.630149821,ideal,0,1.14943935,0,Campaigning,4,21
205,0,NL,-0.600998091,ideal,0,1.223531177,0,Campaigning,4,21
206,0,NL,-0.312367098,visa,0,0.941982234,1,Direct Access,4,21
207,1,NL,-0.312367098,ideal,1,-0.693841827,0,Paid Search Branded,4,21
208,0,NL,-0.600998091,ideal,1,-0.693841827,0,Organic Search,4,21
209,0,NL,0.380058653,ideal,1,-0.693841827,0,Affiliate,4,21
210,1,NL,-0.658724289,ideal,0,1.756992334,0,Paid Search Branded,4,21
211,0,NL,-0.023736105,ideal,1,-0.693841827,0,Direct Access,4,21
212,1,NL,-0.600998091,visa,1,-0.693841827,0,Organic Search,4,21
213,0,NL,0.409210384,ideal,0,1.851829873,0,Direct Access,4,21
214,0,NL,-0.341230197,ideal,0,1.804411103,0,Direct Access,4,21
215,0,NL,0.640115178,ideal,0,-0.095303349,0,Paid Search Non-Branded,4,21
216,1,NL,1.130787865,ideal,0,-0.610982467,1,Direct Access,4,21
217,1,NL,1.996680843,ideal,1,-0.693841827,1,Paid Search Branded,4,21
218,1,NL,1.246240262,ideal,1,-0.693841827,1,Display,4,21
219,0,NL,-0.918492183,ideal,1,-0.693841827,0,Paid Search Branded,4,21
220,0,NL,-0.600998091,ideal,0,-0.575418389,0,Member-get-member,4,21
221,1,NL,0.264894887,ideal,1,-0.693841827,0,Organic Search,4,21
222,1,NL,0.697841376,ideal,0,-0.145685791,0,Paid Search Branded,4,21
223,0,NL,-0.889917714,ideal,0,2.035577605,1,Paid Search Branded,4,21
224,0,NL,-0.341230197,ideal,1,-0.693841827,0,Paid Search Non-Branded,4,21
225,1,NL,-1.106102328,ideal,0,2.82687832,0,Paid Search Branded,4,22
226,0,NL,-1.4671797,ideal,0,0.254410076,0,Paid Search Branded,4,22
227,0,NL,-0.139477133,ideal,0,0.45890352,0,Paid Search Branded,4,22
228,1,NL,-1.03394458,ideal,1,-0.693841827,0,Paid Search Branded,4,22
229,0,NL,0.10585921,visa,0,-0.222741291,1,Organic Search,4,22
230,1,NL,2.978026218,ideal,0,-0.468726158,0,Organic Search,4,22
231,1,NL,2.602517297,ideal,0,0.2959015,1,Organic Search,4,22
232,0,NL,0.120002129,ideal,1,-0.693841827,1,Paid Search Branded,4,22
233,1,NL,-0.658724289,ideal,0,1.285768312,1,Paid Search Non-Branded,4,22
234,0,NL,2.86228519,ideal,0,-0.581345736,0,Paid Search Branded,4,22
235,0,NL,0.409210384,ideal,1,-0.693841827,0,Paid Search Branded,4,22
236,0,NL,0.409210384,ideal,1,-0.693841827,0,Paid Social,4,22
237,0,NL,-0.601286722,ideal,1,-0.693841827,0,Paid Search Branded,4,22
238,0,NL,-0.075978315,ideal,1,-0.693841827,1,Direct Access,4,22
239,0,BE,-0.312367098,visa,1,-0.693841827,0,Paid Search Non-Branded,4,22
240,0,NL,-1.142181202,ideal,1,-0.693841827,0,Paid Search Branded,4,22
241,0,NL,-0.600998091,ideal,1,-0.693841827,0,Paid Search Branded,4,23
242,0,NL,-0.774465317,ideal,1,-0.693841827,0,Organic Search,4,23
243,0,NL,-0.067030754,ideal,0,1.997049854,1,Affiliate,4,23
244,0,NL,0.49551105,ideal,0,2.068178009,0,Paid Search Non-Branded,4,23
245,0,NL,0.033701462,visa,0,1.768847026,0,Direct Access,4,23
246,1,NL,-1.4671797,ideal,0,1.404315236,0,Paid Search Branded,4,23
247,0,NL,-0.168051602,ideal,0,0.94790958,0,Direct Access,4,0
248,0,NL,-1.4671797,ideal,0,-0.60505512,0,Organic Search,5,1
249,0,NL,0.264606256,ideal,1,-0.693841827,0,Paid Search Branded,5,2
250,0,NL,1.852076716,ideal,0,-0.462798812,0,Paid Search Branded,5,2
251,0,NL,-0.485545694,ideal,0,0.239591711,0,Campaigning,5,3
252,1,NL,-0.572423622,ideal,0,-0.261269042,1,Paid Search Branded,5,4
253,0,NL,-0.456682594,ideal,0,-0.61394614,0,Paid Social,5,5
254,0,NL,0.264894887,ideal,1,-0.693841827,0,Organic Search,5,7
255,1,NL,-0.341518828,ideal,0,-0.465762485,0,Direct Access,5,7
256,0,NL,1.661580261,ideal,1,-0.693841827,0,Direct Access,5,8
257,1,NL,-0.630149821,ideal,0,-0.222741291,0,Direct Access,5,8
258,0,NL,1.130787865,visa,0,2.014831893,1,Organic Search,5,8
259,1,NL,0.380058653,ideal,1,-0.693841827,1,Organic Search,5,9
260,0,NL,0.120579391,ideal,0,1.392460544,0,Paid Search Branded,5,9
261,0,NL,-0.197203332,ideal,0,-0.237559657,1,Paid Search Branded,5,9
262,0,NL,-0.024024736,ideal,1,-0.693841827,0,Paid Search Branded,5,9
263,0,NL,-0.409347112,ideal,0,0.924200195,0,Paid Search Branded,5,9
264,1,NL,-0.485545694,ideal,0,-0.504290235,0,Paid Search Branded,5,9
265,1,NL,-0.312367098,ideal,1,-0.693841827,0,Paid Search Branded,5,9
266,1,NL,-0.081462304,ideal,1,-0.693841827,0,Paid Search Non-Branded,5,10
267,0,NL,0.091716292,ideal,1,-0.693841827,0,Direct Access,5,10
268,1,NL,-0.658724289,ideal,1,-0.693841827,0,Organic Search,5,10
269,0,NL,-0.341230197,ideal,0,-0.302760465,0,Organic Search,5,10
270,1,NL,-0.226355062,ideal,1,-0.693841827,0,Paid Search Non-Branded,5,10
271,0,NL,0.235454526,ideal,0,-0.516144928,0,Direct Access,5,10
272,0,NL,-0.399245027,ideal,0,-0.370924946,0,Paid Search Branded,5,10
273,0,NL,0.120579391,ideal,1,-0.693841827,0,Direct Access,5,10
274,0,NL,0.380058653,ideal,0,0.029170921,0,Organic Search,5,10
275,0,NL,0.437784852,ideal,0,0.521140655,0,Direct Access,5,10
276,0,NL,-0.485545694,ideal,1,-0.693841827,0,Paid Search Branded,5,10
277,0,NL,-1.03394458,ideal,0,1.519898487,0,Paid Search Branded,5,11
278,0,NL,0.091427661,ideal,0,0.693033694,1,Organic Search,5,11
279,1,NL,-0.924553433,ideal,1,-0.693841827,0,Paid Search Branded,5,11
280,0,NL,0.784142043,ideal,0,1.469516044,0,Paid Search Branded,5,11
281,1,NL,0.149153859,ideal,1,-0.693841827,0,Paid Search Branded,5,11
282,1,NL,-0.168051602,ideal,1,-0.693841827,1,Organic Search,5,11
283,0,NL,-0.774465317,ideal,1,-0.693841827,0,Paid Search Branded,5,11
284,0,NL,-1.005370111,ideal,0,0.147717845,1,Paid Search Branded,5,11
285,0,NL,0.149153859,ideal,1,-0.693841827,0,Paid Search Branded,5,11
286,0,NL,-0.168051602,ideal,0,1.039783446,0,Direct Access,5,11
287,1,NL,-0.312367098,ideal,1,-0.693841827,0,Paid Search Branded,5,11
288,0,NL,-0.326798648,visa,1,-0.693841827,1,Affiliate,5,11
289,0,NL,0.697841376,ideal,0,1.816265796,1,Direct Access,5,12
290,0,NL,-0.774465317,ideal,0,1.022001407,0,Direct Access,5,12
291,1,NL,-0.514697424,ideal,0,-0.385743312,0,Paid Search Branded,5,12
292,0,NL,-1.03394458,ideal,1,-0.693841827,0,Direct Access,5,12
293,0,NL,-0.341230197,ideal,1,-0.693841827,0,Direct Access,5,12
294,0,NL,0.378038236,ideal,0,2.361581645,0,Affiliate,5,12
295,0,NL,-0.196914701,ideal,1,-0.693841827,0,Organic Search,5,12
296,1,NL,1.505719525,ideal,1,-0.693841827,0,Organic Search,5,12
297,1,NL,-0.456682594,ideal,1,-0.693841827,1,Organic Search,5,12
298,0,NL,-1.322575572,ideal,1,-0.693841827,0,Paid Search Non-Branded,5,12
299,0,NL,-1.322864203,ideal,1,-0.693841827,0,Paid Search Branded,5,12
300,1,NL,2.86228519,ideal,0,0.666360636,1,Affiliate,5,12
301,0,NL,-0.861054615,ideal,0,0.058807652,0,Organic Search,5,13
302,1,NL,-1.005370111,ideal,1,-0.693841827,0,Paid Search Branded,5,13
303,1,NL,-0.658724289,ideal,0,-0.445016773,0,Paid Search Branded,5,13
304,0,NL,-0.28379263,ideal,0,-0.041957233,0,Direct Access,5,13
305,0,NL,-1.4671797,ideal,0,1.955558431,0,Paid Search Branded,5,13
306,1,NL,-0.312655729,ideal,1,-0.693841827,0,Organic Search,5,13
307,1,NL,-0.2257778,ideal,0,1.52286216,0,Paid Search Branded,5,13
308,1,NL,-0.889917714,ideal,0,0.802689598,0,Organic Search,5,13
309,0,NL,-0.023736105,visa,0,0.470758212,0,Paid Search Branded,5,13
310,1,NL,-0.196914701,ideal,0,2.248962067,0,Paid Search Branded,5,13
311,1,NL,0.553237249,ideal,1,-0.693841827,1,Paid Search Branded,5,13
312,1,NL,0.091716292,ideal,0,-0.359070254,0,Organic Search,5,13
313,1,NL,-0.832191516,ideal,1,-0.693841827,1,Paid Search Branded,5,13
314,1,NL,-0.312367098,ideal,1,-0.693841827,0,Paid Search Branded,5,13
315,1,NL,0.697264114,visa,0,0.678215328,0,Paid Search Branded,5,13
316,1,NL,-0.312367098,ideal,1,-0.693841827,0,Paid Search Non-Branded,5,13
317,0,NL,-0.918492183,ideal,0,0.129935806,0,Paid Search Branded,5,13
318,1,NL,-0.600998091,ideal,0,2.598675492,0,Direct Access,5,13
319,1,NL,-0.456682594,ideal,1,-0.693841827,0,Organic Search,5,14
320,0,NL,0.55352588,ideal,1,-0.693841827,1,Direct Access,5,14
321,0,NL,-1.03394458,visa,1,-0.693841827,0,Paid Search Branded,5,14
322,0,NL,-0.485545694,ideal,0,0.432230462,0,Paid Search Branded,5,14
323,0,NL,-1.005370111,ideal,1,-0.693841827,0,Paid Search Non-Branded,5,14
324,0,NL,4.88299077,ideal,0,1.205749139,0,Organic Search,5,14
325,1,NL,-0.658724289,ideal,1,-0.693841827,0,Paid Search Non-Branded,5,14
326,0,NL,0.55352588,ideal,0,0.417412096,0,Paid Search Branded,5,14
327,1,NL,0.842156873,ideal,1,-0.693841827,0,Organic Search,5,14
328,0,NL,-0.889917714,ideal,0,-0.080484983,0,Paid Search Non-Branded,5,14
329,1,NL,0.062853192,ideal,1,-0.693841827,0,Paid Search Branded,5,14
330,1,NL,0.437784852,ideal,0,1.013110388,1,Organic Search,5,14
331,0,NL,-0.312367098,ideal,1,-0.693841827,1,Direct Access,5,14
332,1,NL,-0.312367098,ideal,1,-0.693841827,1,Direct Access,5,14
333,0,BE,-0.312367098,visa,1,-0.693841827,0,Paid Social,5,14
334,1,NL,-0.658724289,ideal,1,-0.693841827,1,Paid Search Branded,5,15
335,0,NL,0.582100348,ideal,0,-0.581345736,0,Organic Search,5,15
336,0,NL,-0.2257778,visa,0,0.817507964,0,Direct Access,5,15
337,0,NL,-0.823243955,ideal,1,-0.693841827,0,Paid Search Branded,5,15
338,0,NL,-0.889917714,ideal,0,-0.050848252,0,Paid Search Branded,5,15
339,0,NL,-0.168051602,ideal,0,1.362823813,0,Paid Search Branded,5,15
340,0,NL,0.409210384,ideal,0,1.306514024,0,Direct Access,5,15
341,0,NL,0.639826547,ideal,1,-0.693841827,0,Direct Access,5,15
342,0,NL,-0.658724289,visa,0,0.817507964,0,Direct Access,5,15
343,0,NL,0.062564561,ideal,0,0.08548071,0,Paid Search Non-Branded,5,15
344,1,NL,0.149153859,ideal,1,-0.693841827,0,Paid Search Branded,5,15
345,1,NL,-0.485545694,ideal,1,-0.693841827,0,Paid Search Branded,5,15
346,0,NL,0.582100348,ideal,0,2.95135259,1,Paid Search Branded,5,15
347,1,NL,0.120579391,ideal,0,0.485576577,0,Organic Search,5,15
348,1,NL,0.697552745,ideal,1,-0.693841827,0,Direct Access,5,15
349,0,NL,-0.023736105,ideal,0,2.646094262,0,Direct Access,5,15
350,1,NL,0.004838363,ideal,1,-0.693841827,1,Paid Search Branded,5,16
351,0,NL,1.275103362,ideal,1,-0.693841827,0,Paid Search Branded,5,16
352,0,NL,-0.572423622,ideal,0,-0.388706985,0,Paid Search Branded,5,16
353,0,NL,-1.03394458,ideal,1,-0.693841827,1,Paid Search Branded,5,16
354,0,NL,0.726415845,ideal,0,-0.3649976,0,Direct Access,5,16
355,0,NL,-0.918492183,ideal,1,-0.693841827,0,Direct Access,5,16
356,0,NL,3.439835806,ideal,0,0.541886366,0,Paid Search Branded,5,16
357,0,NL,-0.600998091,ideal,1,-0.693841827,0,Paid Search Branded,5,16
358,1,NL,-0.456682594,ideal,1,-0.693841827,0,Direct Access,5,16
359,0,NL,-1.005370111,ideal,1,-0.693841827,0,Paid Search Branded,5,16
360,0,NL,-0.2257778,visa,0,2.245998394,0,Organic Search,5,16
361,0,NL,-0.600998091,ideal,1,-0.693841827,0,Paid Search Branded,5,16
363,0,NL,-0.456971225,ideal,0,-0.533926966,0,Paid Search Branded,5,17
364,1,NL,-1.03394458,ideal,1,-0.693841827,0,Direct Access,5,17
365,0,NL,-1.03394458,ideal,0,1.229458524,0,Paid Search Branded,5,17
366,0,NL,-0.600998091,ideal,1,-0.693841827,1,Paid Search Branded,5,17
367,1,NL,-0.918492183,ideal,1,-0.693841827,0,Paid Search Non-Branded,5,17
368,1,NL,0.12029076,ideal,1,-0.693841827,0,Organic Search,5,17
369,0,NL,-0.312367098,ideal,0,0.073626018,0,Organic Search,5,17
370,1,NL,-0.774465317,ideal,1,-0.693841827,0,Direct Access,5,17
371,1,NL,-0.2257778,ideal,0,-0.462798812,0,Direct Access,5,17
372,0,NL,0.409210384,ideal,0,0.814544291,0,Direct Access,5,17
373,1,NL,-0.889917714,ideal,1,-0.693841827,0,Paid Search Branded,5,17
374,1,NL,0.726415845,ideal,1,-0.693841827,0,Paid Search Branded,5,17
375,0,NL,0.409210384,ideal,0,-0.216813945,1,Paid Search Non-Branded,5,17
376,1,BE,-0.168340233,visa,1,-0.693841827,0,Paid Search Non-Branded,5,17
377,0,NL,-0.485545694,ideal,1,-0.693841827,0,Direct Access,5,17
378,1,NL,0.409210384,ideal,1,-0.693841827,1,Paid Search Branded,5,17
379,1,NL,-0.28379263,ideal,1,-0.693841827,0,Organic Search,5,17
380,1,NL,-0.312367098,ideal,0,-0.602091447,1,Organic Search,5,18
381,1,NL,-0.486122956,ideal,1,-0.693841827,0,Paid Search Branded,5,18
382,0,NL,2.140996339,ideal,0,1.407278909,0,Paid Search Branded,5,18
383,0,NL,0.409210384,ideal,0,-0.335360869,0,Campaigning,5,18
384,0,NL,0.524085519,ideal,0,0.097335402,0,Direct Access,5,18
385,1,NL,-0.456682594,ideal,1,-0.693841827,0,Paid Search Branded,5,18
386,0,NL,-0.456682594,ideal,1,-0.693841827,0,Organic Search,5,18
387,1,BE,0.409210384,visa,1,-0.693841827,0,Paid Search Non-Branded,5,19
388,1,NL,3.872493664,visa,0,1.057565484,0,Paid Search Branded,5,19
389,1,NL,0.004838363,ideal,1,-0.693841827,0,Paid Search Branded,5,19
390,1,NL,0.206880058,ideal,0,0.675251655,0,Direct Access,5,19
391,0,NL,-0.28379263,ideal,0,-0.050848252,0,Paid Search Branded,5,19
392,0,NL,0.697841376,ideal,1,-0.693841827,1,Paid Search Branded,5,19
393,0,NL,-0.312367098,ideal,0,0.645614924,0,Paid Search Branded,5,19
394,1,NL,-0.196914701,ideal,1,-0.693841827,1,Paid Search Branded,5,19
395,1,NL,-0.312367098,ideal,0,0.177354576,0,Direct Access,5,19
396,1,NL,-0.485545694,ideal,0,1.297623005,0,Direct Access,5,20
397,0,NL,0.409210384,ideal,0,2.820950974,0,Organic Search,5,20
398,1,NL,1.967529113,ideal,1,-0.693841827,0,Direct Access,5,20
399,0,NL,1.708049851,ideal,1,-0.693841827,0,Paid Search Branded,5,20
400,1,NL,-1.322864203,ideal,1,-0.693841827,0,Paid Social,5,20
401,0,NL,0.437784852,ideal,0,-0.616909813,0,Organic Search,5,20
402,1,NL,-1.03394458,ideal,0,1.39838789,0,Paid Search Branded,5,20
403,0,NL,0.986472369,ideal,0,-0.548745332,0,Direct Access,5,20
405,0,NL,-0.485545694,ideal,1,-0.693841827,0,Paid Search Non-Branded,5,21
406,1,NL,-0.2257778,ideal,1,-0.693841827,0,Direct Access,5,21
407,1,NL,-0.572423622,ideal,1,-0.693841827,0,Organic Search,5,21
408,0,NL,0.235743157,ideal,1,-0.693841827,0,Paid Search Branded,5,21
409,1,NL,-0.918492183,ideal,0,0.00842521,0,Paid Search Branded,5,21
411,0,NL,-1.4671797,ideal,1,-0.693841827,0,Paid Search Non-Branded,5,21
412,1,NL,0.178305589,ideal,0,1.030892426,1,Paid Search Branded,5,21
413,0,BE,0.351484185,visa,1,-0.693841827,0,Direct Access,5,21
414,0,NL,0.235454526,ideal,1,-0.693841827,0,Member-get-member,5,21
415,0,NL,-0.052887836,ideal,0,1.190930773,0,Paid Search Branded,5,21
416,0,NL,-0.352775437,ideal,1,-0.693841827,1,Direct Access,5,21
417,1,NL,0.697841376,visa,1,-0.693841827,0,Paid Search Branded,5,21
418,0,NL,3.786192998,visa,0,0.503358616,0,Organic Search,5,21
419,0,NL,-0.658724289,ideal,1,-0.693841827,0,Organic Search,5,21
420,1,NL,0.120579391,ideal,1,-0.693841827,1,Organic Search,5,21
421,1,NL,-0.312367098,ideal,0,-0.196068234,0,Paid Search Branded,5,21
422,0,NL,-0.456682594,ideal,0,-0.006393156,0,Paid Search Branded,5,21
423,1,NL,-0.601286722,ideal,1,-0.693841827,0,Organic Search,5,21
424,0,NL,-0.312655729,ideal,1,-0.693841827,0,Paid Search Branded,5,22
425,1,NL,-0.803617047,ideal,1,-0.693841827,0,Direct Access,5,22
427,0,NL,-0.600998091,ideal,1,-0.693841827,0,Paid Search Branded,5,22
428,1,NL,-0.197203332,ideal,1,-0.693841827,0,Organic Search,5,22
429,1,NL,-0.25492953,ideal,1,-0.693841827,0,Paid Search Non-Branded,5,22
430,0,NL,0.437784852,ideal,1,-0.693841827,0,Organic Search,5,23
431,1,NL,-0.889629083,ideal,0,1.949631085,0,Paid Search Branded,5,23
432,0,NL,-0.312367098,ideal,0,-0.095303349,0,Direct Access,5,0
433,0,NL,-0.312367098,ideal,0,0.20995498,0,Paid Search Branded,5,0
434,0,NL,-0.312367098,ideal,0,-0.095303349,0,Direct Access,5,0
435,0,NL,-0.341230197,ideal,0,-0.267196388,0,Paid Search Branded,5,0
436,0,NL,0.986472369,ideal,1,-0.693841827,0,Direct Access,6,1
437,0,NL,1.794639148,ideal,0,1.241313216,0,Organic Search,6,8
439,0,NL,-0.312367098,ideal,1,-0.693841827,0,Direct Access,6,9
440,0,NL,-0.861343246,ideal,0,0.378884346,0,Paid Search Branded,6,9
441,0,NL,-0.456971225,ideal,1,-0.693841827,0,Paid Search Non-Branded,6,9
442,1,NL,-0.081462304,ideal,1,-0.693841827,0,Direct Access,6,9
443,1,NL,1.246240262,visa,1,-0.693841827,0,Paid Search Branded,6,9
444,1,NL,-0.312367098,ideal,1,-0.693841827,0,Direct Access,6,10
445,1,NL,-0.341230197,ideal,1,-0.693841827,0,Paid Search Branded,6,10
446,0,NL,-0.889917714,ideal,1,-0.693841827,0,Direct Access,6,10
447,1,NL,-0.600998091,ideal,0,1.022001407,0,Organic Search,6,10
448,0,NL,-1.03394458,ideal,0,-0.40352535,0,Organic Search,6,10
449,1,NL,0.55352588,ideal,0,1.656227449,1,Direct Access,6,10
450,1,NL,1.130787865,ideal,0,-0.015284175,0,Paid Search Branded,6,10
451,0,NL,0.236031788,ideal,0,0.284046807,0,Organic Search,6,10
452,0,NL,0.409210384,ideal,1,-0.693841827,0,Paid Search Branded,6,10
453,0,NL,1.708049851,ideal,0,-0.190140887,0,Organic Search,6,10
454,1,NL,0.986472369,visa,0,2.237107375,0,Organic Search,6,10
455,0,NL,-0.312367098,ideal,0,2.180797586,0,Organic Search,6,10
456,1,NL,0.530435401,ideal,0,-0.545781659,0,Organic Search,6,11
457,1,NL,-0.456971225,visa,1,-0.693841827,0,Paid Search Branded,6,11
458,1,NL,0.120579391,ideal,1,-0.693841827,0,Direct Access,6,11
459,0,NL,-1.03394458,ideal,1,-0.693841827,0,Organic Search,6,11
460,1,NL,-0.601286722,ideal,1,-0.693841827,0,Paid Search Branded,6,11
461,1,NL,-0.312367098,ideal,1,-0.693841827,1,Organic Search,6,11
462,1,NL,0.409210384,ideal,0,0.675251655,0,Paid Search Branded,6,11
463,1,NL,-0.485545694,ideal,1,-0.693841827,0,Paid Search Branded,6,11
464,0,NL,0.062853192,ideal,0,-0.622837159,0,Member-get-member,6,11
465,0,NL,-1.03394458,ideal,0,1.585099295,0,Paid Search Non-Branded,6,12
466,1,NL,-0.2257778,ideal,1,-0.693841827,0,Paid Search Branded,6,12
467,0,NL,0.264894887,ideal,0,0.939018561,0,Paid Search Branded,6,12
468,0,NL,-0.889629083,ideal,0,-0.160504157,0,Organic Search,6,12
469,0,NL,-0.658724289,ideal,1,-0.693841827,0,Direct Access,6,12
470,1,NL,0.264894887,ideal,0,0.349247615,0,Paid Search Branded,6,12
471,1,NL,-1.322864203,ideal,1,-0.693841827,0,Paid Search Non-Branded,6,12
472,0,NL,-1.03394458,ideal,1,-0.693841827,0,Direct Access,6,12
473,0,BE,0.784430674,ideal,0,0.079553364,0,Organic Search,6,12
474,1,NL,-0.485545694,ideal,0,2.545329376,0,Paid Search Branded,6,12
475,0,NL,-1.322864203,ideal,1,-0.693841827,0,Organic Search,6,12
476,0,NL,-1.03394458,ideal,0,1.315405043,0,Direct Access,6,12
477,0,NL,0.120579391,ideal,1,-0.693841827,0,Paid Search Branded,6,12
478,0,NL,-1.005370111,ideal,1,-0.693841827,0,Organic Search,6,12
479,0,NL,-0.832191516,ideal,1,-0.693841827,0,Paid Search Branded,6,13
480,0,NL,-0.312655729,ideal,1,-0.693841827,0,Direct Access,6,13
481,1,NL,-1.409453501,ideal,1,-0.693841827,0,Affiliate,6,13
482,0,NL,-0.168340233,ideal,1,-0.693841827,1,Paid Search Branded,6,13
483,0,NL,-0.889629083,ideal,1,-0.693841827,0,Direct Access,6,13
484,0,NL,-0.658724289,ideal,1,-0.693841827,0,Direct Access,6,13
485,1,NL,-0.081462304,ideal,1,-0.693841827,0,Paid Search Branded,6,13
486,0,BE,1.852365347,visa,0,0.340356596,0,Paid Search Branded,6,13
487,1,NL,0.697841376,ideal,1,-0.693841827,1,Paid Search Branded,6,13
488,1,BE,0.192448508,visa,1,-0.693841827,0,Paid Search Branded,6,13
489,0,NL,0.351484185,ideal,0,-0.373888619,1,Paid Search Branded,6,13
490,0,NL,-0.918492183,visa,0,-0.341288215,0,Paid Search Branded,6,13
491,0,NL,-0.485545694,ideal,0,2.483092241,0,Direct Access,6,13
492,0,NL,1.938954645,ideal,0,0.669324309,1,Paid Search Branded,6,13
493,1,NL,0.437784852,ideal,0,-0.554672678,0,Paid Search Branded,6,13
494,0,NL,-0.312367098,ideal,1,-0.693841827,1,Organic Search,6,13
495,1,NL,-0.081462304,ideal,1,-0.693841827,0,Paid Search Branded,6,13
496,0,NL,0.409210384,ideal,0,0.04695296,1,Direct Access,6,13
497,0,NL,-1.293712473,ideal,1,-0.693841827,1,Paid Search Branded,6,13
498,0,NL,-0.600998091,ideal,0,2.480128568,1,Paid Search Branded,6,13
499,0,NL,-0.023736105,ideal,0,1.845902527,0,Direct Access,6,14
500,0,BE,0.408921753,visa,1,-0.693841827,0,Paid Search Branded,6,14
501,0,NL,-0.456971225,ideal,0,0.503358616,0,Paid Search Branded,6,14
502,0,NL,-0.456971225,ideal,1,-0.693841827,0,Paid Search Branded,6,14
503,1,NL,-0.803617047,ideal,1,-0.693841827,0,Organic Search,6,14
504,1,NL,-0.774465317,ideal,1,-0.693841827,0,Paid Search Branded,6,14
505,0,NL,-0.485545694,ideal,0,-0.590236755,0,Paid Search Branded,6,14
506,0,NL,1.275103362,ideal,0,-0.184213541,0,Paid Search Branded,6,14
508,1,NL,-0.600998091,ideal,0,1.208712812,0,Paid Search Branded,6,14
509,1,NL,-0.572423622,ideal,0,0.156608864,1,Paid Search Branded,6,14
510,1,NL,-0.832768778,ideal,1,-0.693841827,0,Organic Search,6,14
511,0,NL,-0.312367098,ideal,1,-0.693841827,0,Paid Search Non-Branded,6,14
512,1,BE,-1.4671797,ideal,1,-0.693841827,0,Paid Search Non-Branded,6,14
513,1,NL,-0.600998091,ideal,0,2.234143702,0,Paid Search Branded,6,14
514,0,NL,-0.312367098,ideal,0,-0.548745332,1,Organic Search,6,14
515,1,NL,0.091716292,ideal,0,-0.584309409,0,Paid Search Branded,6,14
516,0,NL,0.120579391,ideal,0,-0.610982467,0,Paid Search Branded,6,15
517,0,NL,0.206880058,ideal,0,1.890357623,0,Direct Access,6,15
518,0,NL,-0.2257778,ideal,0,0.263301096,1,Paid Search Non-Branded,6,15
519,1,NL,2.285311836,ideal,0,0.4500125,1,Campaigning,6,15
520,0,NL,0.120579391,ideal,1,-0.693841827,0,Paid Search Branded,6,15
521,0,NL,0.55352588,ideal,1,-0.693841827,0,Direct Access,6,15
522,0,NL,0.784430674,ideal,0,-0.385743312,0,Paid Search Non-Branded,6,15
523,0,NL,-0.485545694,ideal,1,-0.693841827,0,Direct Access,6,15
524,1,NL,0.120579391,ideal,1,-0.693841827,0,Paid Search Non-Branded,6,15
525,0,NL,3.006889317,ideal,0,1.158330369,0,Paid Search Branded,6,15
526,0,NL,-0.341230197,ideal,0,-0.196068234,0,Direct Access,6,15
527,1,NL,1.361115397,ideal,1,-0.693841827,0,Paid Search Branded,6,15
528,0,NL,-1.03394458,ideal,1,-0.693841827,0,Paid Search Non-Branded,6,15
529,0,NL,0.120579391,ideal,0,-0.16346783,0,Organic Search,6,15
530,1,NL,-0.2257778,ideal,1,-0.693841827,1,Paid Search Non-Branded,6,15
531,0,NL,-0.485545694,ideal,0,-0.062702945,0,Direct Access,6,15
532,1,NL,-0.024024736,ideal,1,-0.693841827,0,Direct Access,6,15
533,0,NL,0.409210384,ideal,0,-0.619873486,1,Paid Search Branded,6,15
534,1,NL,0.437496221,ideal,1,-0.693841827,0,Paid Search Non-Branded,6,15
535,0,NL,-0.2257778,ideal,0,-0.533926966,0,Organic Search,6,15
536,0,NL,-0.312367098,ideal,1,-0.693841827,0,Paid Search Non-Branded,6,15
537,0,NL,1.072773036,ideal,1,-0.693841827,1,Organic Search,6,16
540,0,NL,-0.600998091,ideal,1,-0.693841827,0,Organic Search,6,16
541,1,NL,-0.600998091,ideal,1,-0.693841827,0,Paid Search Non-Branded,6,16
542,0,NL,0.120579391,ideal,0,-0.121976406,0,Paid Search Branded,6,16
543,0,NL,-0.658724289,ideal,1,-0.693841827,1,Paid Search Non-Branded,6,16
544,0,NL,2.12079217,ideal,1,-0.693841827,1,Direct Access,6,16
545,0,NL,0.697841376,ideal,1,-0.693841827,0,Paid Search Non-Branded,6,16
546,1,NL,1.332540929,ideal,0,2.020759239,0,Direct Access,6,16
547,0,NL,-0.889917714,ideal,1,-0.693841827,0,Paid Search Branded,6,16
548,1,NL,-0.2257778,ideal,1,-0.693841827,0,Paid Search Branded,6,16
549,0,NL,-0.600998091,ideal,0,-0.622837159,0,Direct Access,6,16
550,0,NL,-0.28379263,ideal,1,-0.693841827,0,Direct Access,6,16
551,1,NL,-0.485545694,ideal,1,-0.693841827,0,Paid Search Branded,6,16
552,0,NL,-0.196914701,visa,1,-0.693841827,0,Direct Access,6,16
553,0,NL,-0.600998091,ideal,0,-0.062702945,0,Direct Access,6,16
554,0,NL,-0.312367098,ideal,0,3.013589725,0,Organic Search,6,16
555,0,NL,-0.918492183,ideal,1,-0.693841827,0,Paid Search Branded,6,16
556,0,NL,-1.322575572,ideal,0,0.24848273,0,Paid Search Non-Branded,6,16
557,1,NL,-0.2257778,ideal,0,-0.477617177,0,Paid Search Branded,6,16
558,0,NL,0.236031788,ideal,0,-0.498362889,0,Paid Search Branded,6,16
559,0,NL,-0.918492183,ideal,1,-0.693841827,0,Paid Search Branded,6,16
560,0,NL,0.697841376,ideal,1,-0.693841827,0,Paid Search Branded,6,17
561,1,NL,-0.399245027,ideal,1,-0.693841827,1,Organic Search,6,17
562,1,NL,-0.485545694,ideal,0,0.399630058,0,Organic Search,6,17
563,0,NL,-0.456682594,ideal,1,-0.693841827,0,Organic Search,6,17
564,1,NL,-0.456682594,ideal,0,1.433951967,0,Paid Search Branded,6,17
565,0,NL,2.891148289,ideal,0,-0.216813945,0,Paid Search Branded,6,17
566,0,NL,2.688817964,ideal,1,-0.693841827,1,Paid Search Branded,6,17
567,1,NL,-0.774465317,visa,1,-0.693841827,1,Paid Search Branded,6,17
568,0,NL,-0.197203332,ideal,1,-0.693841827,0,Paid Social,6,17
569,0,NL,0.55352588,ideal,0,1.958522104,0,Paid Search Branded,6,17
570,1,NL,-0.485545694,ideal,1,-0.693841827,0,Organic Search,6,17
571,0,NL,0.120579391,ideal,1,-0.693841827,0,Paid Search Branded,6,17
572,0,NL,-0.023736105,ideal,0,2.121524124,0,Direct Access,6,17
573,1,NL,-0.456971225,ideal,1,-0.693841827,1,Paid Search Non-Branded,6,17
574,1,NL,-0.341230197,ideal,1,-0.693841827,0,Direct Access,6,17
575,1,NL,0.697841376,ideal,1,-0.693841827,1,Organic Search,6,18
576,1,NL,-0.2257778,ideal,1,-0.693841827,0,Paid Search Branded,6,18
577,1,NL,-0.918492183,ideal,1,-0.693841827,0,Organic Search,6,18
578,1,NL,-0.514697424,ideal,1,-0.693841827,0,Paid Search Non-Branded,6,18
579,0,NL,0.120579391,ideal,1,-0.693841827,0,Paid Search Branded,6,18
580,0,NL,-1.668932763,ideal,0,0.894563464,0,Direct Access,6,18
581,0,NL,-0.2257778,ideal,1,-0.693841827,0,Paid Search Branded,6,18
582,0,NL,-0.658724289,ideal,0,1.016074061,0,Paid Search Branded,6,18
583,1,NL,0.207168689,ideal,0,-0.350179234,0,Paid Search Non-Branded,6,19
584,0,NL,0.928457539,ideal,1,-0.693841827,1,Paid Search Branded,6,19
585,1,NL,3.959371593,ideal,0,2.660912627,0,Direct Access,6,19
586,0,NL,0.293469356,ideal,1,-0.693841827,0,Direct Access,6,19
587,1,NL,0.062853192,ideal,1,-0.693841827,0,Paid Search Branded,6,19
589,0,NL,0.264894887,ideal,0,0.011388883,0,Affiliate,6,19
590,0,NL,0.120579391,visa,1,-0.693841827,0,Paid Search Non-Branded,6,19
591,0,NL,0.091716292,ideal,0,0.292937827,0,Paid Search Branded,6,19
592,0,NL,1.231808713,visa,1,-0.693841827,0,Organic Search,6,19
593,0,NL,-0.485545694,ideal,1,-0.693841827,0,Paid Search Branded,6,19
594,0,NL,-0.254640899,ideal,1,-0.693841827,0,Paid Search Branded,6,19
595,0,NL,-0.254640899,ideal,0,-0.619873486,0,Direct Access,6,19
596,1,NL,0.120579391,ideal,0,0.375920673,0,Paid Search Non-Branded,6,19
597,0,NL,0.120579391,ideal,0,-0.036029887,0,Paid Search Branded,6,19
598,1,NL,0.379770022,ideal,1,-0.693841827,0,Paid Search Branded,6,19
599,0,NL,-0.139477133,ideal,1,-0.693841827,0,Paid Search Branded,6,20
600,1,NL,-0.531726652,ideal,0,-0.548745332,0,Campaigning,6,20
602,0,NL,1.959158814,visa,1,-0.693841827,0,Organic Search,6,20
603,1,NL,-0.630149821,ideal,1,-0.693841827,0,Paid Social,6,20
604,1,NL,-0.428108126,ideal,1,-0.693841827,0,Organic Search,6,20
605,0,NL,-0.052887836,ideal,0,2.020759239,1,Direct Access,6,20
606,1,NL,-0.861054615,ideal,1,-0.693841827,0,Organic Search,6,21
607,0,NL,-0.197203332,ideal,0,0.853072041,0,Paid Search Branded,6,21
608,0,NL,0.380058653,ideal,0,1.07238385,0,Organic Search,6,21
609,0,NL,-0.600998091,visa,1,-0.693841827,0,Organic Search,6,21
611,1,NL,0.712272926,ideal,0,-0.047884579,0,Member-get-member,6,21
612,0,NL,0.264894887,ideal,1,-0.693841827,0,Organic Search,6,21
613,0,BE,-0.341230197,visa,0,0.657469617,0,Paid Search Branded,6,21
614,0,NL,0.55352588,visa,0,-0.009356829,0,Affiliate,6,21
615,0,NL,0.149153859,ideal,0,-0.619873486,1,Organic Search,6,21
616,1,NL,-0.600998091,ideal,1,-0.693841827,0,Paid Search Branded,6,21
617,1,NL,-1.03394458,ideal,1,-0.693841827,0,Paid Search Branded,6,22
618,1,NL,0.409210384,ideal,1,-0.693841827,0,Organic Search,6,22
619,0,NL,-0.456971225,ideal,1,-0.693841827,0,Direct Access,6,22
620,0,NL,0.582100348,ideal,0,-0.516144928,0,Direct Access,6,22
621,1,NL,-0.052887836,ideal,1,-0.693841827,0,Organic Search,6,22
623,0,NL,-0.2257778,ideal,0,-0.107158041,0,Direct Access,6,22
624,0,NL,-0.889629083,ideal,1,-0.693841827,0,Paid Search Branded,6,22
625,0,NL,0.120579391,ideal,0,-0.353142908,0,Paid Search Branded,6,22
626,1,NL,0.437784852,ideal,1,-0.693841827,0,Paid Search Branded,6,22
627,0,NL,-0.485545694,ideal,0,-0.332397196,0,Paid Search Branded,6,23
628,0,NL,0.928168908,ideal,1,-0.693841827,0,Direct Access,6,23
629,0,NL,-1.4671797,ideal,1,-0.693841827,1,Organic Search,6,23
630,0,NL,-0.890206345,ideal,0,0.509285962,0,Direct Access,6,23
631,0,NL,0.236031788,ideal,0,1.783665392,0,Organic Search,6,0
632,1,NL,-0.889917714,ideal,1,-0.693841827,0,Paid Search Branded,6,0
633,0,NL,-0.861054615,ideal,1,-0.693841827,1,Paid Search Branded,7,1
634,1,NL,-1.005370111,ideal,0,0.014352556,0,Paid Search Branded,7,1
635,1,NL,-1.322864203,ideal,1,-0.693841827,0,Paid Search Branded,7,2
636,1,NL,-0.889917714,ideal,0,-0.027138867,0,Organic Search,7,8
637,0,NL,0.120579391,ideal,0,0.672287982,0,Organic Search,7,9
638,0,NL,0.668401015,ideal,1,-0.693841827,0,Direct Access,7,9
639,1,NL,-0.312367098,ideal,1,-0.693841827,0,Paid Search Branded,7,9
640,0,NL,-0.312655729,ideal,1,-0.693841827,0,Direct Access,7,9
641,1,BE,-0.456682594,visa,1,-0.693841827,0,Paid Search Non-Branded,7,10
642,1,NL,-0.745602218,ideal,1,-0.693841827,0,Direct Access,7,10
643,0,NL,-0.254640899,visa,1,-0.693841827,1,Organic Search,7,10
644,1,NL,-0.485545694,ideal,0,-0.616909813,0,Organic Search,7,10
645,1,NL,-0.600998091,ideal,0,0.100299076,0,Organic Search,7,10
646,0,NL,-0.658724289,ideal,0,1.265022601,0,Paid Search Branded,7,10
647,0,NL,0.408633122,ideal,0,1.010146715,0,Paid Search Branded,7,11
648,1,NL,-0.889917714,ideal,1,-0.693841827,0,Organic Search,7,11
649,1,NL,-0.485545694,ideal,1,-0.693841827,0,Paid Search Branded,7,11
650,0,NL,-0.485545694,ideal,0,-0.359070254,0,Organic Search,7,11
651,0,NL,-0.312367098,ideal,1,-0.693841827,0,Paid Search Non-Branded,7,11
652,0,NL,-0.160835827,ideal,0,1.442842986,0,Affiliate,7,11
653,0,NL,-0.889917714,ideal,0,0.921236522,0,Direct Access,7,11
654,0,NL,1.852365347,ideal,0,2.106705759,0,Direct Access,7,11
655,1,NL,0.062853192,ideal,1,-0.693841827,0,Organic Search,7,11
656,1,NL,0.841868242,visa,1,-0.693841827,0,Organic Search,7,11
657,1,NL,0.062853192,ideal,0,2.077069028,0,Direct Access,7,11
658,1,NL,1.101924766,ideal,1,-0.693841827,0,Organic Search,7,11
659,0,NL,0.036876403,ideal,1,-0.693841827,0,Organic Search,7,12
660,0,NL,0.120579391,ideal,0,1.211676485,0,Organic Search,7,12
661,0,NL,0.207168689,ideal,0,1.1109116,0,Direct Access,7,12
662,0,NL,0.207168689,ideal,0,0.829362656,0,Direct Access,7,12
663,1,NL,-0.052599205,ideal,1,-0.693841827,0,Organic Search,7,12
664,0,NL,-0.600998091,ideal,1,-0.693841827,0,Paid Search Non-Branded,7,12
665,0,BE,2.51621663,visa,1,-0.693841827,1,Direct Access,7,12
666,1,NL,-0.918492183,ideal,1,-0.693841827,0,Organic Search,7,12
667,0,NL,-0.284081261,ideal,1,-0.693841827,0,Paid Search Non-Branded,7,12
668,1,NL,-0.600998091,visa,0,-0.27905108,0,Paid Search Branded,7,13
669,1,NL,-0.196914701,ideal,1,-0.693841827,1,Paid Search Branded,7,13
670,0,NL,-0.312367098,ideal,0,2.657948954,0,Paid Search Branded,7,13
671,0,NL,-0.890206345,ideal,0,2.657948954,0,Paid Search Branded,7,13
672,1,NL,-1.4671797,ideal,1,-0.693841827,1,Paid Search Non-Branded,7,13
673,0,NL,1.506008156,ideal,0,2.207470644,0,Paid Search Branded,7,13
674,0,NL,0.062853192,ideal,0,1.67697316,0,Paid Search Branded,7,13
675,1,NL,0.120579391,ideal,1,-0.693841827,0,Organic Search,7,13
676,1,NL,-1.03394458,ideal,0,1.045710792,0,Paid Search Non-Branded,7,13
677,0,NL,-0.456682594,ideal,1,-0.693841827,0,Organic Search,7,14
678,0,NL,-1.322864203,ideal,1,-0.693841827,1,Paid Search Non-Branded,7,14
679,0,NL,0.178305589,ideal,0,-0.599127774,0,Paid Search Branded,7,14
680,0,NL,0.06804855,visa,1,-0.693841827,0,Direct Access,7,14
681,0,NL,2.660532126,ideal,0,2.420855107,0,Paid Search Branded,7,14
682,0,NL,-0.600998091,ideal,0,-0.193104561,0,Direct Access,7,14
683,1,NL,-0.745602218,visa,0,0.13289948,0,Direct Access,7,14
684,0,NL,1.419418858,visa,1,-0.693841827,0,Paid Search Branded,7,14
685,0,NL,0.726415845,ideal,1,-0.693841827,0,Paid Search Non-Branded,7,14
686,1,NL,-0.774465317,ideal,1,-0.693841827,0,Organic Search,7,14
687,1,NL,-1.03394458,ideal,1,-0.693841827,0,Paid Search Branded,7,15
688,0,NL,-0.312655729,ideal,1,-0.693841827,0,Paid Search Non-Branded,7,15
689,1,NL,-0.889917714,ideal,1,-0.693841827,0,Paid Search Non-Branded,7,15
690,0,NL,-0.456682594,ideal,0,0.390739039,0,Paid Search Branded,7,15
691,1,NL,-1.322864203,ideal,1,-0.693841827,0,Paid Search Branded,7,15
692,0,NL,0.928457539,ideal,0,-0.554672678,0,Paid Search Branded,7,15
693,0,NL,0.524662781,ideal,0,0.858999387,0,Direct Access,7,15
694,1,NL,4.88299077,ideal,0,-0.412416369,0,Paid Search Branded,7,15
695,0,NL,-1.4671797,visa,1,-0.693841827,0,Direct Access,7,15
696,1,NL,0.408921753,ideal,1,-0.693841827,0,Direct Access,7,15
697,1,NL,0.091716292,ideal,1,-0.693841827,0,Paid Search Branded,7,15
698,0,NL,-0.456682594,ideal,0,-0.554672678,0,Paid Search Branded,7,15
699,1,BE,0.351484185,ideal,1,-0.693841827,0,Direct Access,7,15
700,0,NL,-0.312367098,ideal,0,0.224773345,0,Paid Search Branded,7,15
701,1,NL,-0.023736105,ideal,1,-0.693841827,0,Direct Access,7,15
702,0,NL,-0.312367098,ideal,1,-0.693841827,0,Paid Search Branded,7,16
703,0,NL,-1.4671797,ideal,1,-0.693841827,0,Organic Search,7,16
704,0,NL,-0.2257778,ideal,0,1.093129561,0,Direct Access,7,16
705,0,NL,0.12029076,ideal,1,-0.693841827,1,Paid Search Branded,7,16
706,1,NL,0.264894887,ideal,1,-0.693841827,0,Direct Access,7,16
707,0,NL,0.524662781,ideal,1,-0.693841827,0,Direct Access,7,16
708,1,NL,-0.889629083,ideal,1,-0.693841827,0,Direct Access,7,16
709,0,NL,-0.456971225,ideal,0,1.182039754,0,Paid Search Branded,7,16
710,0,NL,1.390267128,ideal,0,-0.593200428,1,Direct Access,7,16
711,0,NL,-0.600998091,visa,1,-0.693841827,0,Direct Access,7,16
712,0,NL,-0.341230197,visa,1,-0.693841827,0,Paid Search Non-Branded,7,16
713,0,NL,-1.005370111,ideal,0,1.019037734,0,Campaigning,7,16
714,0,NL,1.708049851,ideal,0,1.632518064,0,Paid Search Non-Branded,7,16
715,0,NL,0.120579391,ideal,0,1.321332389,0,Direct Access,7,16
716,1,NL,0.726415845,ideal,0,1.703646218,1,Direct Access,7,16
717,0,NL,-1.03394458,ideal,1,-0.693841827,0,Paid Search Branded,7,16
718,1,NL,-0.456682594,ideal,1,-0.693841827,0,Direct Access,7,16
719,0,BE,-0.196914701,visa,0,-0.15457681,0,Direct Access,7,16
720,0,NL,0.120579391,ideal,0,0.020279902,0,Organic Search,7,16
721,0,NL,1.044198567,visa,1,-0.693841827,1,Direct Access,7,16
722,1,NL,-0.139477133,ideal,0,0.455939847,0,Paid Search Branded,7,16
723,0,NL,-0.312367098,ideal,0,-0.596164101,0,Paid Search Branded,7,17
724,1,NL,-0.485545694,ideal,0,0.112153768,0,Paid Search Branded,7,17
725,1,NL,-1.034233211,ideal,0,1.490261756,0,Paid Search Branded,7,17
726,0,NL,-1.03394458,ideal,1,-0.693841827,0,Organic Search,7,17
727,1,NL,2.545079729,ideal,0,0.263301096,1,Paid Search Branded,7,17
728,1,NL,0.091427661,ideal,1,-0.693841827,0,Paid Search Branded,7,17
729,1,NL,0.351484185,ideal,1,-0.693841827,0,Organic Search,7,17
730,1,NL,-0.341230197,ideal,1,-0.693841827,0,Paid Search Branded,7,17
731,0,NL,-0.514408793,ideal,0,1.736246622,0,Paid Search Non-Branded,7,17
732,1,NL,-0.889917714,ideal,1,-0.693841827,0,Paid Search Branded,7,17
733,1,NL,1.996392212,ideal,1,-0.693841827,0,Organic Search,7,18
734,1,NL,0.091427661,ideal,0,1.451734005,1,Paid Search Branded,7,18
735,0,NL,0.351484185,ideal,0,1.955558431,0,Direct Access,7,18
736,0,NL,-0.774465317,visa,1,-0.693841827,0,Paid Search Non-Branded,7,18
737,1,NL,-0.832191516,ideal,1,-0.693841827,0,Organic Search,7,18
738,0,NL,0.928457539,ideal,0,-0.130867426,0,Direct Access,7,18
739,0,NL,-0.196914701,ideal,0,-0.142722118,0,Direct Access,7,18
740,0,NL,-1.062807679,ideal,0,-0.359070254,0,Direct Access,7,18
741,1,NL,-0.196914701,ideal,0,1.333187082,0,Organic Search,7,18
742,0,NL,-0.658724289,ideal,1,-0.693841827,0,Paid Search Branded,7,18
743,0,NL,-0.716739119,visa,0,-0.406489023,0,Direct Access,7,18
744,1,NL,0.091427661,ideal,1,-0.693841827,0,Paid Search Branded,7,18
745,0,NL,-0.832191516,ideal,1,-0.693841827,0,Paid Search Branded,7,19
746,1,NL,0.813005142,ideal,1,-0.693841827,0,Paid Search Non-Branded,7,19
747,0,NL,-0.918492183,visa,0,2.041504951,0,Paid Search Non-Branded,7,19
748,1,NL,-0.456971225,ideal,0,1.591026641,1,Direct Access,7,19
749,0,NL,0.264894887,ideal,1,-0.693841827,0,Paid Search Non-Branded,7,19
750,0,NL,2.573942828,ideal,0,0.488540251,1,Direct Access,7,19
751,0,NL,-0.081462304,ideal,1,-0.693841827,0,Paid Search Non-Branded,7,19
752,0,NL,-0.052599205,ideal,0,-0.284978426,0,Paid Search Branded,7,19
753,0,NL,1.938954645,visa,1,-0.693841827,1,Campaigning,7,19
754,1,NL,-0.485545694,ideal,1,-0.693841827,0,Paid Search Branded,7,19
755,1,NL,0.841868242,ideal,1,-0.693841827,1,Paid Search Branded,7,20
756,1,NL,-0.745890849,ideal,1,-0.693841827,0,Paid Search Non-Branded,7,20
757,0,NL,-0.861343246,ideal,1,-0.693841827,1,Paid Search Non-Branded,7,20
758,1,NL,0.120579391,ideal,1,-0.693841827,0,Paid Search Branded,7,20
759,0,BE,-0.61254333,visa,1,-0.693841827,0,Paid Social,7,20
760,0,NL,-0.023736105,ideal,0,1.730319276,0,Affiliate,7,20
761,1,NL,-1.03394458,ideal,1,-0.693841827,0,Paid Search Branded,7,20
762,0,NL,-1.4671797,ideal,1,-0.693841827,0,Paid Search Branded,7,20
763,1,NL,2.4582018,ideal,0,1.97334047,1,Direct Access,7,20
764,0,NL,-1.03394458,ideal,0,1.525825833,0,Organic Search,7,20
765,0,NL,-0.658724289,ideal,1,-0.693841827,0,Direct Access,7,20
766,1,NL,0.409210384,ideal,0,1.253167908,0,Paid Search Branded,7,20
767,1,BE,-0.918492183,visa,1,-0.693841827,0,Paid Search Non-Branded,7,20
768,1,NL,0.524662781,ideal,0,2.062250662,0,Direct Access,7,20
769,1,NL,3.006889317,ideal,0,2.930606878,1,Organic Search,7,20
770,1,NL,0.206880058,ideal,1,-0.693841827,1,Paid Search Branded,7,20
771,1,NL,-0.168340233,ideal,1,-0.693841827,1,Paid Search Branded,7,21
772,0,NL,2.025255311,ideal,0,2.850587705,1,Paid Social,7,21
773,0,NL,-0.052887836,ideal,1,-0.693841827,0,Paid Search Branded,7,21
774,1,NL,2.51621663,ideal,1,-0.693841827,1,Direct Access,7,21
775,1,NL,0.92874617,ideal,0,-0.121976406,0,Organic Search,7,21
776,1,NL,-0.081462304,visa,1,-0.693841827,0,Direct Access,7,21
777,1,NL,0.264894887,ideal,1,-0.693841827,0,Paid Search Branded,7,21
779,0,NL,-0.399245027,ideal,0,1.099056908,0,Direct Access,7,21
780,1,NL,0.091716292,ideal,0,0.633760232,0,Direct Access,7,22
781,1,NL,-0.456682594,ideal,1,-0.693841827,0,Paid Search Non-Branded,7,22
782,0,NL,0.55352588,ideal,1,-0.693841827,1,Paid Search Branded,7,22
783,0,NL,-0.832191516,ideal,1,-0.693841827,0,Direct Access,7,22
784,0,NL,1.130787865,ideal,0,2.785386897,0,Campaigning,7,22
785,1,NL,-0.312367098,ideal,1,-0.693841827,0,Organic Search,7,22
786,0,NL,-0.312367098,ideal,1,-0.693841827,0,Display,7,22
787,0,NL,-0.739540967,ideal,0,1.14943935,0,Paid Search Branded,7,22
788,0,NL,0.206880058,ideal,0,0.826398983,1,Affiliate,7,22
789,0,NL,-1.669221394,ideal,1,-0.693841827,0,Paid Search Non-Branded,7,22
790,1,NL,0.408633122,ideal,1,-0.693841827,0,Paid Search Non-Branded,7,22
791,0,NL,0.091427661,ideal,1,-0.693841827,0,Paid Search Branded,7,22
793,0,NL,-0.052599205,ideal,0,-0.625800832,0,Paid Search Branded,7,23
794,0,NL,-0.312367098,ideal,0,-0.24052333,0,Paid Search Branded,7,23
795,0,NL,-1.03394458,ideal,1,-0.693841827,0,Paid Search Branded,7,23
796,1,NL,-0.2257778,ideal,0,0.367029654,0,Paid Search Branded,7,0
797,1,NL,0.206880058,ideal,0,0.761198175,0,Paid Search Branded,7,0
798,0,NL,-0.889917714,ideal,1,-0.693841827,0,Direct Access,7,0
799,1,NL,-0.168628864,ideal,1,-0.693841827,0,Paid Search Non-Branded,7,0
800,1,NL,-0.081462304,ideal,0,0.052880306,0,Affiliate,8,1
801,0,NL,0.120579391,ideal,0,-0.225704965,0,Paid Search Branded,8,1
802,1,NL,-0.774465317,ideal,1,-0.693841827,0,Paid Search Non-Branded,8,1
803,0,NL,0.813005142,ideal,1,-0.693841827,1,Paid Search Non-Branded,8,2
804,0,NL,0.466647951,ideal,0,-0.628764505,1,Paid Search Non-Branded,8,2
805,1,NL,-0.832191516,ideal,1,-0.693841827,0,Paid Search Branded,8,2
806,0,NL,-1.322864203,ideal,1,-0.693841827,0,Paid Search Branded,8,4
807,0,NL,-0.658724289,ideal,0,1.389496871,0,Direct Access,8,7
808,0,NL,1.506008156,ideal,0,-0.03899356,0,Direct Access,8,7
810,1,NL,-0.081462304,ideal,1,-0.693841827,0,Direct Access,8,8
811,0,NL,-0.485545694,ideal,1,-0.693841827,0,Paid Search Branded,8,8
812,0,NL,0.062853192,ideal,0,0.082517037,0,Organic Search,8,9
813,1,NL,-0.023736105,visa,1,-0.693841827,0,Organic Search,8,9
814,1,NL,0.697841376,ideal,0,1.093129561,1,Paid Search Branded,8,9
815,0,NL,-0.600998091,ideal,1,-0.693841827,0,Paid Search Branded,8,9
816,1,NL,0.784430674,ideal,1,-0.693841827,0,Paid Search Branded,8,9
817,1,NL,1.217377163,ideal,0,2.37640001,0,Campaigning,8,9
818,0,NL,-1.03394458,ideal,1,-0.693841827,0,Organic Search,8,9
819,1,BE,-0.889917714,visa,1,-0.693841827,0,Paid Search Non-Branded,8,9
820,1,NL,0.697552745,ideal,1,-0.693841827,0,Direct Access,8,10
821,0,NL,-0.312367098,ideal,1,-0.693841827,0,Direct Access,8,10
823,1,NL,2.227585637,ideal,0,0.610050847,0,Organic Search,8,10
824,0,NL,0.120579391,ideal,0,2.257853086,1,Paid Search Branded,8,10
825,1,NL,1.246240262,ideal,1,-0.693841827,0,Paid Search Branded,8,10
826,0,NL,1.447993326,ideal,1,-0.693841827,0,Paid Search Non-Branded,8,10
828,0,NL,-0.2257778,ideal,0,-0.61394614,0,Paid Search Branded,8,10
829,1,NL,0.062853192,ideal,1,-0.693841827,0,Direct Access,8,10
830,1,NL,-1.322864203,ideal,1,-0.693841827,0,Organic Search,8,10
831,1,NL,-0.831902885,ideal,1,-0.693841827,0,Paid Search Branded,8,10
832,1,NL,-0.774465317,visa,1,-0.693841827,0,Organic Search,8,10
833,1,NL,-0.052887836,ideal,1,-0.693841827,0,Paid Search Non-Branded,8,10
834,1,BE,-0.456971225,visa,1,-0.693841827,0,Paid Search Branded,8,11
835,1,NL,0.437784852,ideal,1,-0.693841827,0,Direct Access,8,11
836,0,NL,-1.03394458,ideal,0,-0.382779638,0,Organic Search,8,11
837,0,NL,-0.312655729,ideal,0,1.579171948,0,Affiliate,8,11
838,0,NL,-0.514697424,ideal,0,2.311199202,0,Direct Access,8,11
839,1,NL,1.130499234,ideal,0,1.022001407,0,Direct Access,8,11
840,0,NL,-0.2257778,ideal,1,-0.693841827,0,Direct Access,8,11
841,1,BE,2.227585637,visa,0,0.879745099,0,Paid Search Branded,8,11
842,1,NL,-1.03394458,ideal,1,-0.693841827,0,Organic Search,8,11
843,0,BE,0.697841376,visa,0,0.269228442,0,Paid Search Branded,8,11
844,1,NL,1.361404028,ideal,1,-0.693841827,1,Organic Search,8,11
845,0,NL,1.130787865,ideal,0,1.353932793,0,Paid Search Branded,8,11
846,1,NL,-0.052887836,ideal,1,-0.693841827,0,Paid Search Non-Branded,8,11
847,0,NL,-0.918492183,ideal,1,-0.693841827,0,Paid Search Branded,8,11
848,0,NL,0.524662781,ideal,0,0.808616945,1,Organic Search,8,11
849,1,NL,-0.023736105,visa,0,-0.11604906,0,Paid Search Branded,8,11
850,1,NL,-0.052599205,visa,0,1.190930773,0,Paid Search Branded,8,12
851,0,NL,0.062853192,ideal,1,-0.693841827,0,Paid Search Branded,8,12
852,0,NL,0.957320639,ideal,0,-0.302760465,0,Direct Access,8,12
853,0,NL,-0.2257778,ideal,1,-0.693841827,0,Paid Search Branded,8,12
854,1,NL,0.697841376,ideal,0,-0.385743312,0,Organic Search,8,12
855,0,NL,-0.168051602,ideal,0,-0.299796792,0,Paid Search Branded,8,12
856,0,NL,-0.745890849,ideal,0,-0.021211521,0,Organic Search,8,12
857,0,NL,-0.889917714,ideal,1,-0.693841827,0,Paid Search Branded,8,12
858,1,NL,0.55352588,ideal,1,-0.693841827,0,Paid Search Branded,8,12
859,0,NL,0.149153859,ideal,1,-0.693841827,0,Paid Search Branded,8,12
860,0,NL,-0.312367098,visa,0,-0.584309409,0,Member-get-member,8,12
861,1,NL,1.708049851,ideal,0,-0.338324542,0,Paid Search Branded,8,12
862,1,NL,0.351484185,ideal,1,-0.693841827,0,Paid Search Branded,8,12
863,0,NL,-0.196914701,ideal,1,-0.693841827,0,Paid Search Branded,8,12
865,1,NL,-0.2257778,ideal,0,0.924200195,0,Direct Access,8,13
866,0,NL,-0.168340233,ideal,1,-0.693841827,0,Paid Search Non-Branded,8,13
867,0,NL,1.708049851,ideal,1,-0.693841827,0,Paid Search Branded,8,13
868,0,NL,-0.341230197,ideal,0,-0.207922926,0,Paid Search Branded,8,13
869,0,NL,-0.312367098,ideal,1,-0.693841827,0,Organic Search,8,13
870,0,NL,-0.658724289,ideal,1,-0.693841827,0,Paid Search Non-Branded,8,13
871,0,NL,-0.312367098,ideal,0,2.109669432,0,Paid Search Branded,8,13
873,0,NL,-0.832191516,ideal,0,1.783665392,0,Affiliate,8,13
874,1,NL,-0.62408857,ideal,1,-0.693841827,1,Paid Search Branded,8,13
875,0,NL,1.188225433,ideal,1,-0.693841827,0,Organic Search,8,13
876,0,NL,-0.918492183,ideal,1,-0.693841827,0,Paid Search Branded,8,13
877,0,NL,-0.196914701,ideal,1,-0.693841827,0,Paid Search Branded,8,13
878,0,NL,0.783853412,ideal,1,-0.693841827,0,Organic Search,8,13
879,0,NL,-1.03394458,visa,1,-0.693841827,0,Paid Search Branded,8,13
880,1,NL,0.207168689,ideal,1,-0.693841827,0,Direct Access,8,13
881,0,NL,-0.197203332,ideal,0,0.432230462,0,Paid Search Branded,8,13
882,0,NL,0.293469356,ideal,1,-0.693841827,0,Direct Access,8,13
883,1,NL,2.631669027,ideal,1,-0.693841827,0,Direct Access,8,13
884,0,NL,-0.052599205,visa,1,-0.693841827,0,Paid Search Non-Branded,8,13
885,0,NL,-0.600998091,ideal,0,1.143512004,0,Paid Search Non-Branded,8,13
886,0,NL,0.062853192,ideal,0,-0.587273082,1,Direct Access,8,13
887,0,NL,-0.341518828,ideal,1,-0.693841827,0,Direct Access,8,13
888,0,NL,-0.889917714,ideal,0,2.761677512,0,Direct Access,8,13
889,1,NL,-0.485545694,ideal,0,1.185003427,0,Paid Search Branded,8,13
890,0,NL,-1.03394458,ideal,0,0.491503924,0,Paid Search Branded,8,14
891,0,NL,1.794639148,ideal,1,-0.693841827,0,Organic Search,8,14
892,1,NL,0.726127214,ideal,1,-0.693841827,0,Paid Social,8,14
893,1,NL,2.978026218,ideal,0,-0.148649464,0,Paid Search Branded,8,14
894,1,NL,-0.2257778,ideal,1,-0.693841827,0,Paid Search Branded,8,14
895,0,NL,-0.600998091,ideal,1,-0.693841827,0,Paid Search Branded,8,14
896,1,NL,-0.2257778,ideal,0,0.04695296,0,Organic Search,8,14
897,1,NL,-0.312367098,ideal,0,-0.160504157,0,Direct Access,8,14
898,0,NL,0.351484185,ideal,0,0.035098268,0,Paid Search Non-Branded,8,14
899,0,NL,-0.312655729,ideal,1,-0.693841827,0,Paid Search Branded,8,14
900,0,NL,-0.889629083,ideal,1,-0.693841827,0,Organic Search,8,15
901,0,NL,-0.312367098,ideal,0,-0.602091447,0,Paid Search Non-Branded,8,15
902,0,NL,0.120579391,ideal,0,2.130415144,0,Direct Access,8,15
903,1,NL,0.639537916,ideal,1,-0.693841827,0,Organic Search,8,15
904,0,NL,-0.456971225,ideal,1,-0.693841827,0,Paid Search Non-Branded,8,15
905,0,NL,-0.600998091,visa,1,-0.693841827,0,Direct Access,8,15
906,0,NL,-0.485545694,ideal,0,1.309477697,0,Paid Search Branded,8,15
907,1,NL,-0.485545694,visa,0,-0.60505512,0,Paid Search Branded,8,15
908,1,NL,-0.024313367,ideal,1,-0.693841827,0,Paid Search Non-Branded,8,15
909,1,NL,0.49551105,ideal,1,-0.693841827,0,Organic Search,8,15
910,0,NL,-1.03394458,ideal,1,-0.693841827,0,Paid Search Branded,8,15
911,0,NL,0.813005142,ideal,1,-0.693841827,0,Paid Search Branded,8,15
912,1,NL,-0.600998091,ideal,1,-0.693841827,0,Paid Search Branded,8,15
913,1,NL,0.351484185,ideal,0,1.06349283,0,Organic Search,8,15
914,1,NL,-0.2257778,ideal,0,2.240071048,0,Direct Access,8,15
915,1,NL,-0.312367098,ideal,1,-0.693841827,0,Organic Search,8,15
916,1,NL,-0.600998091,ideal,0,-0.151613137,0,Paid Search Branded,8,15
917,0,NL,-0.052887836,ideal,0,0.289974153,0,Paid Search Branded,8,15
918,0,NL,0.351195554,visa,1,-0.693841827,0,Paid Search Non-Branded,8,16
919,1,NL,-0.658724289,ideal,0,2.752786493,0,Direct Access,8,16
920,0,NL,-0.226066431,ideal,1,-0.693841827,0,Paid Search Non-Branded,8,16
921,1,NL,-0.081462304,ideal,0,-0.07752131,0,Organic Search,8,16
922,0,NL,0.409210384,ideal,1,-0.693841827,0,Direct Access,8,16
923,1,NL,-0.352775437,ideal,0,-0.619873486,1,Direct Access,8,16
924,1,NL,-0.28379263,ideal,0,-0.554672678,0,Paid Search Branded,8,16
925,0,NL,0.207168689,ideal,0,0.604123501,0,Direct Access,8,16
926,1,NL,-0.456682594,ideal,0,0.802689598,0,Paid Search Branded,8,16
927,0,NL,-0.889917714,ideal,1,-0.693841827,0,Organic Search,8,16
928,1,NL,-0.2257778,ideal,0,0.118081114,0,Paid Search Branded,8,16
929,0,NL,-0.572423622,ideal,1,-0.693841827,0,Paid Search Non-Branded,8,16
930,0,NL,-0.168051602,ideal,1,-0.693841827,0,Paid Search Branded,8,16
931,1,NL,0.409210384,ideal,1,-0.693841827,1,Paid Search Non-Branded,8,16
932,1,NL,-1.03394458,ideal,0,-0.127903753,0,Organic Search,8,16
933,0,NL,-0.485545694,ideal,0,0.476685558,1,Organic Search,8,16
934,0,NL,-0.312655729,ideal,1,-0.693841827,0,Paid Search Non-Branded,8,17
935,1,BE,-0.717605012,visa,1,-0.693841827,0,Paid Search Non-Branded,8,17
936,0,NL,-0.052599205,ideal,0,2.494946934,0,Organic Search,8,17
937,1,NL,-0.600998091,ideal,1,-0.693841827,0,Paid Search Branded,8,17
938,0,NL,0.264606256,ideal,1,-0.693841827,0,Paid Search Branded,8,17
939,0,NL,-1.03394458,ideal,1,-0.693841827,0,Paid Search Non-Branded,8,17
940,1,NL,-0.600998091,ideal,0,-0.047884579,0,Paid Search Branded,8,17
941,1,NL,0.120579391,ideal,1,-0.693841827,0,Paid Search Branded,8,17
942,1,NL,0.438073483,visa,1,-0.693841827,1,Paid Search Branded,8,17
943,1,NL,0.380058653,ideal,1,-0.693841827,0,Paid Search Branded,8,17
945,0,NL,0.987626893,ideal,1,-0.693841827,1,Direct Access,8,17
946,1,NL,-0.889629083,ideal,1,-0.693841827,1,Paid Search Branded,8,17
947,0,NL,0.697841376,ideal,1,-0.693841827,0,Paid Search Branded,8,17
948,0,NL,-0.312367098,ideal,1,-0.693841827,0,Paid Search Branded,8,17
949,0,NL,-0.312655729,ideal,1,-0.693841827,0,Paid Search Branded,8,17
950,0,BE,-0.118984333,visa,1,-0.693841827,0,Member-get-member,8,17
951,0,NL,-0.485545694,visa,0,2.109669432,0,Paid Search Branded,8,17
952,0,NL,-0.168340233,ideal,0,1.905175989,0,Direct Access,8,17
954,1,NL,0.380058653,ideal,1,-0.693841827,0,Paid Search Branded,8,17
955,0,NL,1.823502248,ideal,0,0.33442925,0,Paid Search Branded,8,17
956,0,NL,0.784430674,ideal,0,0.298865173,0,Paid Search Branded,8,18
957,1,NL,-0.196914701,ideal,1,-0.693841827,0,Organic Search,8,18
958,1,NL,-1.322864203,ideal,1,-0.693841827,0,Direct Access,8,18
959,0,NL,0.524662781,ideal,1,-0.693841827,0,Organic Search,8,18
960,0,NL,0.120579391,ideal,1,-0.693841827,0,Paid Search Branded,8,18
962,0,BE,-0.160835827,visa,1,-0.693841827,0,Organic Search,8,18
963,1,NL,-1.322864203,ideal,1,-0.693841827,0,Paid Search Branded,8,18
964,0,NL,-1.03394458,ideal,1,-0.693841827,0,Organic Search,8,18
965,1,NL,-0.2257778,ideal,1,-0.693841827,0,Paid Search Branded,8,18
966,0,NL,0.091716292,ideal,1,-0.693841827,0,Paid Search Branded,8,18
967,0,NL,-1.4671797,ideal,0,-0.015284175,0,Direct Access,8,18
968,0,NL,-0.456682594,visa,0,2.580893454,0,Direct Access,8,18
969,0,NL,-0.600998091,ideal,1,-0.693841827,0,Direct Access,8,18
970,0,NL,-0.2257778,ideal,1,-0.693841827,1,Direct Access,8,18
971,1,NL,-0.196914701,ideal,0,0.292937827,0,Member-get-member,8,18
972,1,NL,1.67889812,ideal,0,-0.009356829,0,Paid Search Branded,8,18
973,0,NL,0.92874617,ideal,1,-0.693841827,0,Direct Access,8,18
975,1,NL,2.169570808,ideal,0,1.792556411,0,Direct Access,8,19
976,0,NL,-0.658724289,ideal,0,-0.40352535,1,Direct Access,8,19
977,0,NL,1.708049851,ideal,1,-0.693841827,1,Paid Search Branded,8,19
978,0,NL,-0.658724289,ideal,1,-0.693841827,0,Paid Search Branded,8,19
979,0,NL,-0.312367098,ideal,1,-0.693841827,0,Paid Search Branded,8,19
980,0,NL,-0.168051602,ideal,0,0.121044787,0,Direct Access,8,19
981,0,BE,2.083270141,visa,0,1.72439193,0,Paid Search Branded,8,19
982,0,NL,2.948874488,ideal,0,0.767125521,0,Organic Search,8,19
983,0,NL,-0.485545694,ideal,1,-0.693841827,0,Paid Search Branded,8,19
984,1,NL,-0.406172171,ideal,0,1.075347523,0,Paid Search Branded,8,19
985,0,NL,-0.456682594,ideal,0,1.439879313,0,Direct Access,8,19
986,1,NL,0.091716292,ideal,1,-0.693841827,0,Paid Search Branded,8,19
987,1,NL,0.120579391,ideal,0,0.630796559,0,Direct Access,8,19
988,0,NL,0.062564561,ideal,1,-0.693841827,1,Organic Search,8,19
989,0,NL,-0.61254333,ideal,0,1.519898487,0,Paid Search Branded,8,19
990,1,BE,0.841868242,ideal,1,-0.693841827,0,Organic Search,8,19
991,1,NL,1.823502248,ideal,0,-0.628764505,0,Paid Search Branded,8,19
992,1,NL,0.207168689,ideal,0,1.511007467,0,Paid Search Branded,8,19
993,0,NL,0.351195554,ideal,1,-0.693841827,1,Direct Access,8,20
994,0,NL,-1.322864203,ideal,1,-0.693841827,0,Direct Access,8,20
995,1,BE,1.938666014,ideal,0,-0.628764505,0,Organic Search,8,20
996,0,NL,-0.918492183,ideal,1,-0.693841827,0,Paid Search Branded,8,20
997,1,NL,0.149153859,ideal,0,-0.092339675,0,Organic Search,8,20
998,0,NL,0.264894887,ideal,1,-0.693841827,0,Paid Search Branded,8,20
999,0,NL,0.120579391,ideal,1,-0.693841827,0,Direct Access,8,20
1000,0,NL,-0.485545694,ideal,1,-0.693841827,0,Direct Access,8,20
1001,0,NL,0.784430674,ideal,0,0.615978194,0,Campaigning,8,20
1002,1,NL,-0.196914701,ideal,1,-0.693841827,0,Direct Access,8,20
1003,1,NL,-0.197203332,ideal,1,-0.693841827,0,Paid Search Branded,8,20
1004,0,NL,-0.600998091,ideal,1,-0.693841827,0,Direct Access,8,20
1005,0,NL,0.293180725,ideal,1,-0.693841827,1,Paid Search Branded,8,20
1006,0,NL,-1.03394458,ideal,0,1.828120488,0,Paid Search Non-Branded,8,20
1007,0,NL,-0.630149821,ideal,0,2.720186089,0,Direct Access,8,20
1008,0,NL,-0.428108126,ideal,1,-0.693841827,0,Paid Search Branded,8,20
1009,1,NL,-0.889917714,ideal,1,-0.693841827,0,Paid Search Branded,8,20
1010,1,NL,-0.197203332,visa,0,1.588062968,0,Direct Access,8,20
1011,0,NL,-0.312367098,ideal,0,-0.590236755,0,Direct Access,8,20
1012,0,BE,-0.312655729,visa,1,-0.693841827,0,Paid Search Non-Branded,8,20
1013,1,NL,-0.832191516,ideal,1,-0.693841827,0,Paid Search Branded,8,20
1014,1,NL,-0.2257778,ideal,0,-0.628764505,0,Paid Search Branded,8,20
1015,1,NL,0.062853192,ideal,1,-0.693841827,0,Paid Search Branded,8,20
1016,0,NL,-0.081750935,ideal,0,0.13289948,0,Paid Search Branded,8,20
1017,0,NL,0.091427661,ideal,0,2.382327356,0,Direct Access,8,20
1018,0,NL,0.553237249,ideal,0,2.074105355,0,Campaigning,8,20
1019,0,NL,-0.485545694,ideal,1,-0.693841827,0,Direct Access,8,20
1020,0,NL,-0.600998091,ideal,1,-0.693841827,0,Paid Search Non-Branded,8,20
1021,0,NL,0.264606256,visa,1,-0.693841827,0,Paid Search Branded,8,20
1022,1,NL,-0.081750935,ideal,1,-0.693841827,0,Direct Access,8,20
1023,0,NL,0.668978277,ideal,0,1.39838789,0,Paid Search Branded,8,20
1024,0,NL,0.120579391,ideal,0,0.367029654,0,Paid Search Branded,8,20
1025,1,NL,0.149153859,ideal,1,-0.693841827,1,Direct Access,8,20
1026,0,NL,-0.023736105,ideal,0,1.294659332,0,Direct Access,8,20
1027,0,BE,-0.658724289,visa,1,-0.693841827,0,Organic Search,8,21
1028,1,NL,-0.456682594,visa,1,-0.693841827,0,Paid Search Non-Branded,8,21
1029,1,NL,-0.023736105,ideal,0,2.080032701,0,Organic Search,8,21
1030,1,NL,0.264894887,ideal,0,0.322574557,1,Direct Access,8,21
1031,1,NL,0.986472369,ideal,0,1.454697679,0,Paid Search Branded,8,21
1032,0,NL,0.726415845,ideal,0,-0.210886599,1,Paid Search Non-Branded,8,21
1033,1,NL,0.841868242,ideal,1,-0.693841827,0,Paid Search Branded,8,21
1034,0,NL,-0.312367098,ideal,0,0.239591711,0,Organic Search,8,21
1035,0,NL,0.409210384,ideal,1,-0.693841827,0,Paid Search Branded,8,21
1036,0,NL,-0.196914701,ideal,0,1.863684565,0,Paid Search Branded,8,21
1037,1,NL,-0.600998091,ideal,1,-0.693841827,0,Paid Search Non-Branded,8,21
1038,0,NL,-0.485545694,ideal,0,0.263301096,0,Paid Search Branded,8,21
1039,1,NL,1.130787865,ideal,0,1.158330369,0,Organic Search,8,21
1040,1,NL,-0.889917714,ideal,0,0.135863153,0,Paid Search Branded,8,21
1041,1,NL,0.182635054,visa,0,1.674009487,0,Affiliate,8,21
1042,0,NL,1.072773036,ideal,1,-0.693841827,0,Paid Search Non-Branded,8,21
1043,0,NL,0.408921753,ideal,0,0.693033694,0,Organic Search,8,21
1044,1,NL,0.062564561,ideal,1,-0.693841827,0,Paid Search Branded,8,21
1045,1,BE,0.235743157,ideal,0,-0.628764505,0,Organic Search,8,21
1046,1,NL,0.264606256,ideal,1,-0.693841827,0,Paid Search Branded,8,21
1048,0,NL,1.996680843,visa,0,0.906418157,0,Affiliate,8,21
1049,1,NL,-0.486122956,ideal,1,-0.693841827,0,Direct Access,8,21
1050,0,NL,0.120579391,ideal,1,-0.693841827,0,Paid Search Non-Branded,8,21
1051,0,NL,0.55352588,ideal,1,-0.693841827,0,Paid Search Branded,8,21
1052,1,NL,-0.456971225,visa,1,-0.693841827,0,Paid Search Branded,8,21
1053,1,NL,-1.322864203,ideal,1,-0.693841827,0,Paid Search Branded,8,21
1054,1,NL,-1.034233211,visa,1,-0.693841827,0,Paid Search Branded,8,21
1055,1,NL,0.351484185,ideal,0,1.727355603,0,Direct Access,8,21
1056,1,NL,-0.28379263,ideal,1,-0.693841827,1,Direct Access,8,21
1057,1,NL,0.264606256,ideal,0,0.384811692,0,Paid Search Branded,8,21
1058,0,BE,-0.514697424,visa,1,-0.693841827,0,Affiliate,8,22
1059,1,NL,0.409210384,ideal,1,-0.693841827,0,Paid Search Branded,8,22
1060,0,NL,-0.312367098,ideal,1,-0.693841827,0,Paid Search Branded,8,22
1061,0,NL,-0.600998091,visa,1,-0.693841827,0,Direct Access,8,22
1062,0,BE,-0.658724289,visa,0,2.46234653,0,Paid Search Branded,8,22
1063,1,NL,-0.600998091,ideal,0,-0.581345736,0,Paid Search Non-Branded,8,22
1064,1,NL,-0.658724289,ideal,1,-0.693841827,0,Paid Search Branded,8,22
1065,0,NL,0.524662781,ideal,1,-0.693841827,1,Paid Search Branded,8,22
1066,1,NL,-0.312367098,ideal,0,-0.267196388,1,Paid Search Branded,8,22
1067,1,NL,0.120579391,ideal,0,1.481370736,0,Paid Search Branded,8,22
1068,0,NL,-1.03394458,ideal,0,-0.338324542,0,Organic Search,8,22
1069,1,NL,-0.081750935,ideal,1,-0.693841827,0,Paid Search Branded,8,22
1070,0,NL,0.408921753,ideal,0,2.13634249,0,Direct Access,8,22
1071,1,NL,-0.774465317,ideal,1,-0.693841827,1,Direct Access,8,22
1072,1,NL,0.264894887,ideal,0,0.278119461,1,Paid Search Non-Branded,8,22
1073,0,NL,0.697841376,ideal,1,-0.693841827,0,Organic Search,8,23
1074,0,NL,0.380058653,ideal,0,0.00842521,0,Paid Search Branded,8,23
1075,1,NL,-0.658724289,ideal,0,-0.222741291,0,Organic Search,8,23
1077,0,NL,0.697841376,ideal,0,1.179076081,0,Organic Search,8,23
1078,0,NL,0.409210384,ideal,1,-0.693841827,0,Direct Access,8,23
1079,0,NL,-0.197203332,ideal,0,1.709573564,0,Organic Search,8,23
1080,0,NL,-0.312655729,ideal,1,-0.693841827,0,Paid Search Non-Branded,8,0
1081,0,NL,-0.482948015,ideal,1,-0.693841827,0,Member-get-member,9,1
1082,1,NL,-0.600998091,ideal,1,-0.693841827,1,Organic Search,9,1
1083,1,NL,0.351484185,ideal,0,-0.353142908,1,Paid Search Branded,9,1
1084,0,NL,0.351484185,ideal,0,-0.483544524,0,Direct Access,9,2
1085,1,NL,-1.005658742,ideal,1,-0.693841827,0,Paid Search Branded,9,4
1086,1,NL,0.293180725,ideal,1,-0.693841827,0,Paid Social,9,4
1087,0,NL,-1.524905898,ideal,0,1.751064988,0,Affiliate,9,4
1088,0,NL,0.264606256,ideal,1,-0.693841827,0,Direct Access,9,6
1089,0,NL,-0.918492183,ideal,0,2.195615952,0,Organic Search,9,7
1090,0,NL,-0.341230197,ideal,1,-0.693841827,0,Direct Access,9,7
1091,1,NL,-0.630149821,ideal,0,0.707852059,1,Paid Search Branded,9,7
1092,0,NL,0.351484185,ideal,1,-0.693841827,0,Paid Search Branded,9,8
1093,0,NL,-0.081462304,ideal,1,-0.693841827,1,Paid Search Non-Branded,9,8
1094,0,NL,0.409210384,ideal,0,-0.065666618,0,Paid Search Branded,9,8
1095,1,NL,3.382109608,ideal,1,-0.693841827,0,Direct Access,9,8
1096,1,NL,-0.514697424,ideal,0,2.124487797,0,Paid Search Non-Branded,9,9
1097,0,NL,-0.572423622,ideal,0,-0.581345736,1,Direct Access,9,9
1098,1,NL,0.120579391,ideal,1,-0.693841827,0,Organic Search,9,9
1099,0,NL,-0.803328417,ideal,1,-0.693841827,0,Organic Search,9,9
1100,1,NL,0.351195554,ideal,0,-0.222741291,1,Paid Search Branded,9,9
1101,1,NL,1.217377163,ideal,1,-0.693841827,0,Paid Search Non-Branded,9,9
1102,0,NL,-0.716450488,ideal,1,-0.693841827,0,Organic Search,9,9
1103,0,NL,-0.485545694,ideal,0,-0.044920906,0,Paid Search Branded,9,9
1104,0,NL,0.264606256,ideal,0,0.592268809,0,Paid Search Branded,9,9
1105,0,NL,0.004838363,ideal,1,-0.693841827,1,Paid Search Branded,9,9
1106,0,BE,-0.485545694,visa,1,-0.693841827,0,Organic Search,9,9
1107,0,NL,-1.03394458,ideal,1,-0.693841827,0,Paid Search Branded,9,9
1108,0,BE,-0.341230197,visa,0,1.039783446,0,Organic Search,9,9
1109,0,NL,1.246240262,ideal,0,1.131657312,1,Direct Access,9,9
1110,0,NL,-0.745602218,ideal,1,-0.693841827,0,Paid Search Non-Branded,9,10
1111,0,NL,1.823502248,ideal,1,-0.693841827,0,Paid Search Non-Branded,9,10
1112,0,NL,-1.03394458,ideal,0,0.882708772,0,Affiliate,9,10
1113,0,NL,0.120579391,ideal,0,0.272192115,0,Paid Search Branded,9,10
1114,0,NL,0.149153859,ideal,0,0.853072041,0,Direct Access,9,10
1115,0,NL,-0.832191516,ideal,1,-0.693841827,0,Paid Search Non-Branded,9,10
1116,1,NL,-0.023736105,ideal,1,-0.693841827,0,Paid Search Branded,9,10
1117,0,NL,0.207168689,ideal,0,-0.602091447,0,Organic Search,9,10
1118,0,NL,-0.485545694,ideal,1,-0.693841827,0,Paid Search Non-Branded,9,10
1119,0,BE,-0.168051602,visa,0,-0.462798812,0,Organic Search,9,10
1120,0,NL,-0.312367098,ideal,0,-0.32646985,0,Paid Search Branded,9,10
1121,0,NL,-0.600998091,ideal,0,2.100778413,0,Paid Search Branded,9,11
1122,0,NL,-0.312367098,visa,1,-0.693841827,0,Direct Access,9,11
1123,0,BE,-0.918492183,visa,0,-0.382779638,0,Direct Access,9,11
1124,0,NL,-0.600998091,ideal,1,-0.693841827,0,Direct Access,9,11
1125,0,NL,-0.2257778,ideal,1,-0.693841827,0,Paid Search Branded,9,11
1126,0,NL,-0.197203332,ideal,1,-0.693841827,0,Organic Search,9,11
1127,1,NL,-0.196914701,ideal,1,-0.693841827,0,Direct Access,9,11
1128,0,NL,-0.658724289,ideal,1,-0.693841827,0,Paid Search Branded,9,11
1129,0,NL,-0.456682594,ideal,0,0.639687578,0,Organic Search,9,11
1130,1,NL,-0.658724289,ideal,0,2.177833913,1,Paid Search Branded,9,11
1131,1,NL,1.130787865,ideal,0,-0.631728178,1,Direct Access,9,11
1132,1,NL,-0.745890849,ideal,1,-0.693841827,0,Paid Search Branded,9,11
1133,0,NL,1.880939815,ideal,0,0.829362656,0,Paid Search Branded,9,11
1134,0,NL,-0.889917714,ideal,1,-0.693841827,0,Organic Search,9,11
1135,0,NL,-0.774465317,ideal,1,-0.693841827,0,Direct Access,9,12
1136,0,NL,0.55352588,visa,1,-0.693841827,0,Paid Search Non-Branded,9,12
1137,0,NL,-0.889917714,ideal,1,-0.693841827,0,Paid Search Branded,9,12
1138,1,NL,0.091427661,ideal,0,-0.427234735,0,Paid Search Branded,9,12
1139,1,NL,-0.2257778,ideal,1,-0.693841827,0,Paid Search Branded,9,12
1140,0,NL,0.264606256,ideal,0,2.613493858,0,Direct Access,9,12
1141,1,NL,0.524085519,ideal,1,-0.693841827,0,Paid Search Branded,9,12
1142,0,NL,-0.341230197,ideal,0,0.121044787,1,Affiliate,9,12
1143,1,NL,-1.03394458,visa,1,-0.693841827,0,Paid Social,9,12
1144,1,NL,1.246240262,ideal,0,-0.60505512,0,Organic Search,9,12
1145,1,NL,-0.630149821,ideal,0,0.939018561,0,Paid Search Branded,9,12
1146,1,NL,-0.918492183,ideal,0,-0.246450676,0,Paid Search Branded,9,12
1147,1,NL,-0.370381928,ideal,1,-0.693841827,1,Affiliate,9,12
1149,0,NL,0.149153859,ideal,0,0.607087174,0,Direct Access,9,12
1150,1,NL,-0.312367098,ideal,0,-0.172358849,0,Paid Search Branded,9,12
1151,0,NL,0.120579391,ideal,0,-0.616909813,1,Member-get-member,9,12
1153,1,NL,-0.082039566,ideal,0,-0.548745332,0,Campaigning,9,12
1154,0,NL,-0.524799509,ideal,0,-0.581345736,1,Direct Access,9,12
1155,1,NL,-0.658724289,ideal,1,-0.693841827,0,Organic Search,9,12
1156,1,NL,0.380058653,ideal,0,-0.61394614,0,Organic Search,9,12
1157,1,NL,-1.03394458,ideal,1,-0.693841827,1,Organic Search,9,12
1158,0,NL,0.409210384,ideal,1,-0.693841827,1,Direct Access,9,12
1159,1,NL,-0.600998091,ideal,1,-0.693841827,0,Paid Search Branded,9,12
1160,0,NL,0.409210384,ideal,0,1.217603831,1,Organic Search,9,12
1161,1,NL,0.293469356,ideal,0,-0.219777618,0,Paid Search Branded,9,12
1162,0,NL,-1.322864203,ideal,0,1.152403023,0,Direct Access,9,13
1163,0,BE,-0.572134991,visa,1,-0.693841827,0,Organic Search,9,13
1164,1,BE,0.697552745,visa,1,-0.693841827,0,Paid Search Non-Branded,9,13
1165,0,NL,-0.630149821,ideal,1,-0.693841827,0,Paid Search Branded,9,13
1166,1,NL,-1.03394458,ideal,1,-0.693841827,0,Paid Search Branded,9,13
1167,0,NL,-0.2257778,ideal,0,-0.350179234,0,Paid Search Branded,9,13
1168,1,NL,-0.406172171,ideal,1,-0.693841827,0,Affiliate,9,13
1169,0,NL,-1.4671797,visa,1,-0.693841827,0,Organic Search,9,13
1170,1,NL,-0.600998091,ideal,0,0.719706752,0,Paid Search Branded,9,13
1171,0,NL,2.948874488,ideal,0,-0.560600024,0,Campaigning,9,13
1172,0,NL,-0.2257778,ideal,0,2.705367723,1,Paid Search Branded,9,13
1173,0,NL,0.120579391,ideal,1,-0.693841827,0,Paid Search Branded,9,13
1174,0,NL,-0.196914701,visa,1,-0.693841827,1,Direct Access,9,13
1175,1,NL,0.293180725,ideal,1,-0.693841827,0,Organic Search,9,13
1176,0,NL,-1.005370111,ideal,1,-0.693841827,0,Paid Search Non-Branded,9,13
1177,0,NL,0.062853192,ideal,0,0.236628038,1,Paid Search Branded,9,14
1178,0,NL,1.708049851,ideal,1,-0.693841827,1,Organic Search,9,14
1179,1,NL,-0.774465317,ideal,1,-0.693841827,0,Paid Search Branded,9,14
1180,0,NL,2.371612503,visa,0,-0.284978426,0,Direct Access,9,14
1181,0,NL,0.120579391,ideal,1,-0.693841827,1,Paid Search Branded,9,14
1182,1,NL,0.524662781,ideal,1,-0.693841827,1,Paid Search Branded,9,14
1183,0,NL,-0.889629083,ideal,1,-0.693841827,0,Affiliate,9,14
1184,0,NL,-0.600998091,visa,0,-0.359070254,0,Paid Search Branded,9,14
1185,1,NL,-0.2257778,ideal,0,-0.622837159,0,Direct Access,9,14
1186,0,NL,0.207168689,ideal,0,1.952594758,0,Paid Search Branded,9,14
1187,0,NL,-0.456682594,ideal,0,2.468273876,1,Paid Search Non-Branded,9,14
1188,1,NL,-0.168051602,visa,1,-0.693841827,0,Paid Search Branded,9,14
1189,0,NL,0.120579391,ideal,0,-0.246450676,0,Paid Search Branded,9,14
1190,0,NL,0.264606256,ideal,1,-0.693841827,0,Organic Search,9,14
1191,1,BE,-0.600998091,ideal,1,-0.693841827,0,Organic Search,9,14
1192,0,NL,-0.485545694,ideal,0,0.592268809,0,Organic Search,9,14
1193,0,BE,-1.322864203,visa,0,-0.03899356,0,Direct Access,9,14
1194,0,NL,-1.4671797,ideal,0,-0.314615157,0,Paid Search Branded,9,14
1195,0,NL,-0.485545694,ideal,0,2.98988034,0,Paid Search Branded,9,14
1196,0,NL,-0.2257778,ideal,1,-0.693841827,0,Paid Search Branded,9,14
1197,0,NL,0.813293773,ideal,0,1.152403023,0,Paid Search Branded,9,14
1198,0,NL,-0.312367098,ideal,1,-0.693841827,0,Organic Search,9,14
1199,0,NL,-0.168051602,ideal,1,-0.693841827,0,Paid Search Non-Branded,9,14
1200,1,NL,-0.572423622,ideal,0,-0.270160061,0,Direct Access,9,14
1201,0,NL,-0.312367098,ideal,1,-0.693841827,0,Direct Access,9,14
1202,0,NL,-1.03394458,ideal,1,-0.693841827,0,Organic Search,9,15
1203,0,NL,-0.081462304,ideal,0,-0.539854312,0,Paid Search Branded,9,15
1204,1,NL,0.697841376,ideal,0,-0.382779638,0,Paid Search Branded,9,15
1205,0,NL,-0.658724289,ideal,1,-0.693841827,0,Organic Search,9,15
1206,0,BE,-0.2257778,visa,0,0.017316229,0,Paid Search Branded,9,15
1207,1,NL,-0.197203332,ideal,1,-0.693841827,0,Paid Search Non-Branded,9,15
1208,0,NL,-0.572423622,ideal,0,2.480128568,1,Paid Search Branded,9,15
1209,0,NL,-1.322864203,visa,1,-0.693841827,0,Direct Access,9,15
1210,0,NL,-0.046826585,ideal,0,-0.133831099,0,Paid Search Branded,9,15
1211,0,NL,-0.889917714,ideal,1,-0.693841827,0,Direct Access,9,15
1212,0,NL,-0.312367098,ideal,0,0.950873253,0,Organic Search,9,15
1213,0,NL,-1.178837338,ideal,0,0.939018561,0,Paid Search Branded,9,15
1214,1,NL,0.581811717,ideal,0,-0.228668638,1,Paid Search Branded,9,15
1215,1,NL,3.61243714,ideal,1,-0.693841827,1,Paid Search Branded,9,15
1216,0,NL,-0.600998091,ideal,1,-0.693841827,0,Organic Search,9,15
1217,1,NL,-0.600998091,ideal,1,-0.693841827,0,Paid Search Non-Branded,9,15
1218,0,NL,-0.428108126,ideal,0,0.645614924,0,Organic Search,9,15
1219,0,NL,-0.861343246,ideal,1,-0.693841827,0,Member-get-member,9,15
1221,0,NL,-0.485545694,ideal,1,-0.693841827,0,Paid Search Non-Branded,9,16
1222,1,NL,1.563734354,ideal,1,-0.693841827,0,Paid Search Non-Branded,9,16
1223,0,NL,-0.803617047,ideal,0,2.082996374,0,Paid Search Branded,9,16
1224,1,NL,-0.2257778,ideal,0,1.792556411,0,Paid Search Branded,9,16
1225,0,NL,-0.081462304,ideal,1,-0.693841827,0,Paid Search Branded,9,16
1226,0,NL,0.091716292,ideal,1,-0.693841827,0,Paid Search Branded,9,16
1227,1,NL,-0.052599205,ideal,1,-0.693841827,0,Paid Search Branded,9,16
1228,0,NL,-0.168051602,ideal,0,0.266264769,0,Direct Access,9,16
1229,0,BE,-0.196914701,ideal,1,-0.693841827,0,Organic Search,9,16
1230,0,NL,0.49551105,ideal,0,-0.367961273,0,Paid Search Branded,9,16
1231,1,NL,-1.03394458,ideal,0,0.340356596,0,Paid Search Branded,9,16
1232,1,NL,-0.485545694,ideal,1,-0.693841827,0,Direct Access,9,16
1233,0,NL,-0.918492183,visa,1,-0.693841827,0,Paid Search Non-Branded,9,16
1234,0,NL,-1.03394458,ideal,1,-0.693841827,0,Paid Search Non-Branded,9,16
1235,1,NL,-0.774465317,visa,0,2.862442397,0,Paid Search Non-Branded,9,16
1236,0,NL,-0.456971225,ideal,1,-0.693841827,0,Affiliate,9,16
1237,1,NL,-0.918492183,ideal,1,-0.693841827,0,Paid Search Non-Branded,9,16
1238,1,NL,2.371612503,ideal,1,-0.693841827,0,Direct Access,9,16
1239,1,NL,-0.052887836,ideal,1,-0.693841827,0,Direct Access,9,16
1240,0,NL,-0.2257778,ideal,1,-0.693841827,0,Paid Search Branded,9,16
1241,0,NL,-0.168051602,visa,0,-0.619873486,0,Direct Access,9,16
1242,1,NL,-0.312367098,visa,1,-0.693841827,1,Paid Search Branded,9,16
1243,0,NL,-0.197203332,ideal,0,2.020759239,0,Direct Access,9,16
1244,0,NL,-1.322864203,ideal,0,-0.231632311,0,Organic Search,9,16
1245,1,NL,1.679186751,ideal,1,-0.693841827,1,Organic Search,9,16
1246,1,NL,1.852365347,ideal,0,-0.219777618,0,Paid Search Branded,9,16
1247,1,NL,-0.774176686,ideal,0,-0.249414349,0,Paid Search Branded,9,16
1248,1,NL,3.439835806,ideal,0,1.469516044,1,Organic Search,9,16
1249,1,BE,0.120579391,visa,0,-0.619873486,0,Paid Search Non-Branded,9,17
1250,0,NL,-0.861920508,ideal,1,-0.693841827,0,Direct Access,9,17
1251,1,NL,-0.832191516,visa,1,-0.693841827,0,Paid Search Non-Branded,9,17
1252,0,NL,-0.185369461,ideal,0,-0.590236755,0,Organic Search,9,17
1253,1,NL,1.361692659,visa,1,-0.693841827,0,Direct Access,9,17
1254,0,NL,-0.341230197,visa,0,2.204506971,0,Direct Access,9,17
1255,1,NL,-0.052887836,ideal,1,-0.693841827,1,Paid Search Branded,9,17
1256,0,NL,-0.600998091,ideal,1,-0.693841827,0,Paid Search Non-Branded,9,17
1257,0,NL,0.264894887,ideal,1,-0.693841827,0,Paid Search Non-Branded,9,17
1258,1,NL,-0.832191516,ideal,1,-0.693841827,0,Organic Search,9,17
1259,1,NL,-0.196914701,ideal,1,-0.693841827,0,Organic Search,9,17
1260,1,NL,-1.03394458,ideal,1,-0.693841827,0,Paid Search Branded,9,17
1261,0,NL,-0.312367098,ideal,1,-0.693841827,0,Paid Search Branded,9,17
1262,0,NL,0.380058653,ideal,0,0.710815732,0,Organic Search,9,17
1263,0,NL,-1.322575572,ideal,0,0.121044787,0,Paid Search Branded,9,17
1264,1,NL,2.321102079,ideal,0,0.011388883,0,Affiliate,9,17
1265,0,NL,-1.03394458,ideal,1,-0.693841827,0,Paid Search Non-Branded,9,17
1266,0,NL,0.120579391,ideal,1,-0.693841827,0,Paid Search Branded,9,17
1267,1,NL,0.120579391,ideal,1,-0.693841827,1,Direct Access,9,17
1268,1,NL,0.495799681,visa,1,-0.693841827,0,Paid Search Branded,9,17
1269,0,NL,0.351195554,ideal,1,-0.693841827,0,Paid Search Non-Branded,9,17
1270,0,NL,-0.572423622,ideal,1,-0.693841827,1,Paid Search Branded,9,18
1271,0,NL,-0.600998091,ideal,1,-0.693841827,0,Paid Search Branded,9,18
1272,0,NL,-1.4671797,ideal,0,1.499152775,0,Paid Search Branded,9,18
1273,1,NL,0.120579391,ideal,1,-0.693841827,0,Organic Search,9,18
1274,0,NL,0.92874617,visa,0,0.272192115,0,Paid Search Branded,9,18
1275,1,NL,-0.745602218,ideal,1,-0.693841827,0,Paid Search Non-Branded,9,18
1276,1,NL,0.120579391,ideal,0,1.961485777,1,Paid Search Branded,9,18
1277,0,NL,-0.889917714,ideal,1,-0.693841827,0,Paid Search Branded,9,18
1278,1,NL,-0.081462304,ideal,1,-0.693841827,0,Direct Access,9,18
1279,0,NL,-0.918492183,ideal,1,-0.693841827,0,Paid Search Non-Branded,9,18
1280,0,NL,-0.456971225,ideal,1,-0.693841827,0,Direct Access,9,18
1281,1,NL,-1.03394458,ideal,1,-0.693841827,0,Paid Search Non-Branded,9,18
1282,1,NL,-0.341230197,ideal,1,-0.693841827,0,Paid Search Branded,9,18
1283,1,NL,-1.03394458,ideal,1,-0.693841827,1,Paid Search Branded,9,18
1284,0,NL,0.149153859,ideal,0,0.835290002,0,Paid Search Branded,9,18
1285,0,NL,-0.774465317,ideal,1,-0.693841827,0,Paid Search Branded,9,18
1286,0,NL,-0.313810253,ideal,0,2.13634249,0,Direct Access,9,18
1287,0,NL,-0.2257778,ideal,1,-0.693841827,0,Member-get-member,9,18
1288,1,NL,-0.341518828,ideal,1,-0.693841827,0,Paid Search Non-Branded,9,18
1289,0,NL,0.120579391,ideal,0,0.367029654,0,Paid Search Branded,9,18
1290,0,NL,0.842156873,ideal,0,1.407278909,0,Paid Search Branded,9,19
1291,0,NL,0.004838363,ideal,1,-0.693841827,0,Paid Search Branded,9,19
1292,1,NL,0.120579391,ideal,1,-0.693841827,0,Organic Search,9,19
1293,0,NL,-0.774465317,ideal,1,-0.693841827,0,Organic Search,9,19
1294,1,NL,0.207168689,ideal,0,0.094371729,0,Paid Search Non-Branded,9,19
1295,0,NL,-0.745602218,ideal,1,-0.693841827,0,Organic Search,9,19
1296,1,NL,-1.005370111,ideal,1,-0.693841827,0,Paid Search Branded,9,19
1297,0,NL,2.429627332,ideal,1,-0.693841827,0,Organic Search,9,19
1299,1,NL,-0.2257778,ideal,1,-0.693841827,0,Direct Access,9,19
1300,0,NL,1.419130227,ideal,1,-0.693841827,0,Paid Search Branded,9,19
1301,1,NL,1.563734354,ideal,0,-0.350179234,0,Organic Search,9,19
1302,0,NL,-0.197203332,ideal,0,2.735004454,1,Paid Search Branded,9,19
1303,0,NL,-0.889917714,ideal,0,-0.169395176,0,Direct Access,9,19
1304,1,NL,0.726415845,ideal,0,1.107947927,0,Direct Access,9,19
1305,1,NL,-0.168051602,ideal,0,0.518176982,1,Direct Access,9,19
1306,1,NL,-1.03394458,ideal,1,-0.693841827,0,Paid Search Non-Branded,9,19
1307,0,NL,-0.832191516,ideal,0,-0.059739271,0,Organic Search,9,19
1308,1,NL,0.120579391,ideal,1,-0.693841827,0,Organic Search,9,19
1309,1,NL,1.130787865,ideal,0,1.084238542,0,Direct Access,9,19
1310,0,NL,-0.739829598,ideal,1,-0.693841827,1,Paid Search Branded,9,19
1311,1,NL,-1.03394458,ideal,1,-0.693841827,0,Paid Search Branded,9,20
1312,0,NL,-0.053176467,ideal,0,0.319610884,0,Paid Search Branded,9,20
1313,1,NL,-0.31294436,ideal,1,-0.693841827,0,Paid Search Non-Branded,9,20
1314,0,NL,-0.456682594,ideal,1,-0.693841827,0,Paid Search Branded,9,20
1315,0,NL,-0.053176467,ideal,0,-0.391670658,0,Organic Search,9,20
1316,1,NL,0.004838363,ideal,1,-0.693841827,1,Paid Search Branded,9,20
1317,0,NL,0.264894887,ideal,1,-0.693841827,0,Paid Search Non-Branded,9,20
1318,1,NL,0.149153859,ideal,0,2.103742086,0,Paid Search Branded,9,20
1319,0,NL,1.390555759,ideal,0,-0.237559657,0,Paid Search Branded,9,20
1320,0,NL,-0.600998091,visa,1,-0.693841827,0,Direct Access,9,20
1321,1,NL,0.062564561,ideal,0,1.505080121,0,Direct Access,9,20
1322,0,NL,0.697841376,ideal,0,0.73748879,0,Direct Access,9,20
1323,1,NL,-0.485545694,ideal,1,-0.693841827,0,Organic Search,9,20
1326,1,NL,-0.312367098,ideal,1,-0.693841827,0,Direct Access,9,20
1327,0,NL,0.206880058,ideal,1,-0.693841827,0,Paid Social,9,20
1328,1,NL,-0.081462304,ideal,0,-0.00046581,0,Affiliate,9,20
1329,0,NL,0.12029076,ideal,1,-0.693841827,0,Affiliate,9,21
1330,0,NL,-0.889629083,ideal,1,-0.693841827,1,Organic Search,9,21
1331,1,NL,-0.456682594,ideal,1,-0.693841827,0,Paid Search Branded,9,21
1332,0,NL,-0.024313367,ideal,1,-0.693841827,0,Paid Search Non-Branded,9,21
1333,0,NL,0.120579391,ideal,0,2.453455511,0,Direct Access,9,21
1334,1,NL,-0.624377201,ideal,0,-0.181249868,0,Paid Search Branded,9,21
1335,1,BE,1.881228446,visa,1,-0.693841827,0,Organic Search,9,21
1336,0,NL,-0.658724289,ideal,1,-0.693841827,0,Organic Search,9,21
1337,1,NL,-0.630149821,ideal,0,0.515213308,0,Paid Search Branded,9,21
1338,0,NL,-0.889917714,ideal,1,-0.693841827,0,Organic Search,9,21
1339,0,NL,-0.889917714,ideal,1,-0.693841827,0,Paid Search Non-Branded,9,21
1340,0,NL,0.264894887,ideal,1,-0.693841827,0,Paid Search Non-Branded,9,21
1341,0,NL,0.841868242,ideal,0,-0.584309409,0,Direct Access,9,21
1342,1,NL,-0.2257778,ideal,1,-0.693841827,0,Paid Search Branded,9,21
1343,0,NL,-1.322864203,ideal,0,-0.222741291,0,Paid Search Branded,9,21
1344,0,NL,-0.601286722,ideal,1,-0.693841827,0,Paid Search Non-Branded,9,21
1345,1,NL,-0.745602218,ideal,1,-0.693841827,0,Paid Search Branded,9,21
1346,1,NL,-0.658724289,ideal,1,-0.693841827,0,Paid Search Branded,9,21
1347,0,NL,-0.889917714,ideal,0,-0.056775598,0,Paid Search Branded,9,21
1348,0,NL,0.120579391,ideal,1,-0.693841827,0,Direct Access,9,21
1349,0,NL,-0.485834325,ideal,0,0.695997367,0,Paid Search Branded,9,21
1350,1,NL,-0.485545694,ideal,1,-0.693841827,0,Organic Search,9,21
1351,1,NL,0.062853192,ideal,0,1.81033845,1,Paid Search Branded,9,21
1352,0,NL,-0.196914701,visa,0,-0.133831099,0,Direct Access,9,21
1353,0,NL,0.697841376,ideal,1,-0.693841827,0,Direct Access,9,21
1354,0,NL,0.928457539,ideal,0,-0.608018793,0,Direct Access,9,21
1355,0,NL,2.89143692,ideal,0,-0.341288215,0,Direct Access,9,21
1356,1,NL,-0.456682594,ideal,0,0.352211288,0,Paid Search Branded,9,21
1357,1,NL,-0.889917714,ideal,0,0.959764272,0,Paid Search Branded,9,22
1358,0,NL,-0.482659384,ideal,1,-0.693841827,0,Organic Search,9,22
1359,0,NL,-0.2257778,ideal,0,2.25192574,0,Direct Access,9,22
1360,1,NL,0.409210384,ideal,0,-0.362033927,0,Paid Search Branded,9,22
1362,1,NL,-0.485545694,ideal,0,1.022001407,0,Organic Search,9,22
1363,1,NL,0.062853192,ideal,0,1.14943935,0,Paid Search Branded,9,22
1364,1,NL,2.573942828,ideal,0,-0.362033927,0,Paid Search Branded,9,22
1365,0,NL,-1.03394458,ideal,0,0.678215328,0,Paid Search Branded,9,22
1366,1,NL,0.148865228,ideal,1,-0.693841827,0,Organic Search,9,22
1367,1,NL,0.149153859,ideal,0,2.607566511,0,Paid Search Branded,9,22
1368,1,NL,0.351484185,ideal,0,-0.575418389,0,Paid Search Branded,9,22
1369,0,NL,0.120579391,ideal,0,1.457661352,0,Direct Access,9,22
1370,0,NL,0.437784852,ideal,0,1.478407063,0,Direct Access,9,22
1371,0,NL,-0.196914701,ideal,0,-0.344251888,0,Paid Search Branded,9,22
1372,0,NL,-0.312367098,ideal,1,-0.693841827,0,Paid Search Branded,9,22
1373,0,NL,0.437784852,ideal,1,-0.693841827,1,Direct Access,9,22
1374,1,BE,-0.485545694,visa,1,-0.693841827,0,Direct Access,9,23
1375,0,NL,-1.034233211,ideal,1,-0.693841827,0,Organic Search,9,23
1376,0,NL,-0.485545694,ideal,1,-0.693841827,1,Organic Search,9,23
1377,1,NL,-0.456682594,ideal,0,-0.533926966,0,Organic Search,9,23
1378,1,NL,0.264894887,ideal,1,-0.693841827,0,Organic Search,9,23
1379,1,NL,0.409210384,ideal,0,0.799725925,1,Paid Search Branded,9,23
1380,1,NL,0.120579391,ideal,1,-0.693841827,0,Paid Search Branded,9,23
1381,0,NL,0.55352588,ideal,0,1.937776393,0,Organic Search,9,23
1382,0,NL,-0.485545694,visa,1,-0.693841827,0,Organic Search,9,23
1383,0,NL,-0.312367098,ideal,1,-0.693841827,0,Paid Search Non-Branded,9,23
1384,0,NL,0.807232522,ideal,1,-0.693841827,0,Paid Search Branded,9,23
1385,1,NL,-0.531726652,ideal,0,0.319610884,1,Organic Search,9,0
1386,1,NL,-1.178260076,ideal,1,-0.693841827,0,Affiliate,9,0
1387,1,NL,-0.774465317,ideal,0,0.45890352,0,Paid Search Branded,10,1
1388,0,NL,0.207168689,ideal,1,-0.693841827,0,Direct Access,10,1
1389,0,NL,-0.312655729,ideal,0,0.888636118,0,Campaigning,10,6
1390,1,NL,-0.658724289,visa,0,0.885672445,0,Campaigning,10,7
1391,1,NL,1.159362334,ideal,0,-0.041957233,0,Campaigning,10,7
1392,1,BE,0.120579391,visa,0,0.135863153,0,Paid Search Branded,10,7
1393,0,NL,-0.600998091,ideal,0,-0.071593964,0,Paid Search Branded,10,7
1394,1,BE,-0.2257778,visa,0,0.135863153,0,Paid Search Branded,10,8
1395,0,NL,-0.889917714,ideal,0,-0.599127774,0,Campaigning,10,8
1396,0,NL,0.062564561,ideal,0,1.997049854,0,Paid Search Branded,10,8
1397,1,NL,1.880939815,ideal,0,1.445806659,0,Campaigning,10,8
1398,0,NL,-0.485545694,visa,0,0.944945907,0,Paid Search Branded,10,8
1399,1,NL,1.275103362,ideal,0,0.740452463,0,Campaigning,10,8
1400,1,NL,1.130499234,ideal,0,0.091408056,0,Organic Search,10,8
1401,0,NL,2.256160106,ideal,0,1.668082141,1,Paid Search Branded,10,9
1402,0,NL,-1.322864203,ideal,0,0.109190095,0,Campaigning,10,9
1403,0,NL,-0.052599205,ideal,1,-0.693841827,0,Display,10,9
1404,0,NL,1.159362334,ideal,0,0.592268809,0,Paid Search Branded,10,9
1405,0,NL,-0.918492183,ideal,0,1.030892426,0,Campaigning,10,9
1406,1,NL,0.120579391,ideal,1,-0.693841827,1,Paid Search Branded,10,9
1407,1,NL,-0.2257778,ideal,0,0.017316229,1,Campaigning,10,9
1408,0,NL,-1.034233211,ideal,0,-0.216813945,0,Paid Search Branded,10,9
1409,0,NL,-0.861054615,ideal,0,1.819229469,0,Campaigning,10,9
1410,0,NL,-0.485545694,ideal,0,-0.513181254,0,Paid Search Branded,10,9
1411,0,NL,-0.2257778,ideal,0,0.263301096,0,Campaigning,10,9
1412,1,NL,0.293469356,ideal,1,-0.693841827,0,Paid Search Non-Branded,10,9
1413,1,NL,0.120579391,ideal,0,1.1109116,0,Campaigning,10,9
1414,0,NL,-0.312367098,ideal,0,-0.619873486,0,Paid Search Branded,10,9
1415,1,NL,0.784430674,ideal,1,-0.693841827,0,Paid Search Branded,10,10
1416,0,NL,30.56710828,ideal,1,-0.693841827,0,Paid Search Branded,10,10
1417,1,NL,-0.762631447,ideal,1,-0.693841827,1,Affiliate,10,10
1418,1,NL,-0.312367098,ideal,1,-0.693841827,0,Organic Search,10,10
1419,0,NL,-0.196914701,visa,0,2.62534855,0,Paid Search Non-Branded,10,10
1420,0,NL,-0.889917714,ideal,0,1.300586678,0,Paid Search Branded,10,10
1421,0,NL,0.409210384,ideal,0,2.038541278,0,Paid Search Branded,10,10
1422,1,NL,-0.312367098,ideal,0,1.985195162,0,Paid Search Branded,10,10
1423,1,NL,-0.878083844,ideal,0,0.212918653,0,Direct Access,10,10
1424,0,NL,0.120579391,visa,0,1.839975181,0,Paid Search Branded,10,10
1425,0,NL,-0.196914701,ideal,0,0.918272849,1,Paid Search Branded,10,10
1426,1,NL,-0.312367098,ideal,1,-0.693841827,0,Direct Access,10,10
1427,1,NL,0.12029076,ideal,1,-0.693841827,0,Organic Search,10,11
1428,0,NL,0.524662781,ideal,0,2.666839973,0,Paid Search Branded,10,11
1429,0,NL,2.429627332,ideal,0,2.177833913,0,Paid Search Branded,10,11
1430,0,NL,2.862573821,ideal,0,0.372957,0,Organic Search,10,11
1431,1,NL,-0.600998091,ideal,1,-0.693841827,0,Direct Access,10,11
1432,1,NL,0.264606256,ideal,1,-0.693841827,0,Direct Access,10,11
1433,0,NL,-1.03394458,ideal,1,-0.693841827,0,Paid Search Branded,10,11
1434,0,NL,1.736624319,ideal,0,0.78490756,0,Paid Search Branded,10,11
1435,1,NL,-1.4671797,ideal,0,-0.015284175,0,Direct Access,10,11
1436,1,BE,-1.03394458,visa,0,-0.575418389,0,Paid Social,10,11
1437,0,NL,0.264606256,ideal,1,-0.693841827,0,Paid Search Branded,10,11
1438,0,NL,-0.918492183,ideal,0,-0.228668638,0,Direct Access,10,11
1439,0,NL,0.813005142,ideal,1,-0.693841827,0,Paid Search Branded,10,11
1440,1,NL,-1.062807679,ideal,1,-0.693841827,0,Organic Search,10,11
1441,0,NL,-0.630149821,ideal,0,-0.447980446,0,Paid Search Branded,10,11
1442,1,NL,0.045246702,ideal,1,-0.693841827,0,Affiliate,10,11
1443,1,NL,-0.2257778,ideal,0,0.24848273,0,Direct Access,10,11
1444,1,NL,-0.456971225,ideal,0,0.858999387,0,Paid Search Branded,10,11
1446,1,NL,0.380058653,ideal,1,-0.693841827,0,Direct Access,10,12
1447,0,NL,0.409210384,ideal,1,-0.693841827,1,Paid Search Non-Branded,10,12
1448,1,NL,-0.312367098,ideal,1,-0.693841827,0,Organic Search,10,12
1449,0,NL,1.361692659,visa,0,1.967413123,0,Campaigning,10,12
1450,1,NL,-1.524905898,ideal,1,-0.693841827,0,Affiliate,10,12
1451,0,NL,0.841868242,ideal,1,-0.693841827,0,Paid Search Non-Branded,10,12
1452,0,NL,-0.2257778,ideal,0,2.222289009,0,Campaigning,10,12
1453,0,NL,1.592597453,ideal,1,-0.693841827,0,Paid Search Branded,10,12
1454,1,NL,-0.658724289,ideal,1,-0.693841827,0,Paid Search Branded,10,12
1455,1,NL,0.264606256,ideal,1,-0.693841827,0,Paid Social,10,12
1456,0,NL,-0.601286722,ideal,0,-0.622837159,1,Paid Search Branded,10,12
1457,1,NL,0.062853192,visa,0,2.266744106,0,Campaigning,10,12
1458,0,NL,-0.312367098,ideal,1,-0.693841827,0,Paid Search Branded,10,12
1459,0,NL,-0.485545694,ideal,1,-0.693841827,0,Paid Search Branded,10,12
1460,0,NL,0.264606256,ideal,1,-0.693841827,0,Direct Access,10,12
1461,0,NL,-0.393183776,ideal,1,-0.693841827,0,Organic Search,10,12
1462,0,NL,-0.081462304,ideal,1,-0.693841827,0,Direct Access,10,12
1463,1,NL,-0.312367098,ideal,1,-0.693841827,0,Direct Access,10,12
1464,1,NL,-0.456971225,ideal,0,2.168942894,0,Direct Access,10,12
1465,0,NL,-0.889917714,ideal,1,-0.693841827,0,Organic Search,10,12
1466,0,NL,-0.630149821,ideal,1,-0.693841827,0,Organic Search,10,12
1467,0,NL,-0.832191516,ideal,0,0.08548071,0,Paid Search Non-Branded,10,13
1468,1,NL,-0.069917064,visa,0,0.98643733,0,Campaigning,10,13
1469,0,NL,-0.2257778,ideal,1,-0.693841827,0,Paid Search Branded,10,13
1470,0,NL,0.55352588,ideal,0,2.12745147,0,Direct Access,10,13
1471,1,NL,2.227585637,ideal,1,-0.693841827,0,Paid Search Branded,10,13
1472,0,NL,2.054118411,ideal,1,-0.693841827,0,Paid Search Branded,10,13
1473,1,NL,-0.600998091,ideal,1,-0.693841827,0,Paid Search Branded,10,13
1474,0,NL,-0.312367098,ideal,1,-0.693841827,0,Organic Search,10,13
1475,1,NL,-0.341230197,ideal,1,-0.693841827,0,Paid Search Non-Branded,10,13
1476,0,NL,-0.601286722,visa,0,0.378884346,0,Affiliate,10,13
1477,0,NL,-0.485545694,ideal,0,0.506322289,0,Campaigning,10,13
1478,1,NL,-0.485545694,ideal,1,-0.693841827,0,Paid Search Branded,10,13
1479,1,NL,-0.600998091,ideal,1,-0.693841827,0,Paid Search Branded,10,13
1480,1,NL,2.83313346,ideal,0,0.530031674,0,Paid Search Branded,10,13
1482,0,NL,1.130787865,ideal,0,2.542365703,0,Direct Access,10,13
1483,1,NL,0.091716292,ideal,0,2.459382857,0,Direct Access,10,13
1484,0,NL,-1.03394458,ideal,1,-0.693841827,0,Organic Search,10,13
1485,0,NL,0.068625812,visa,1,-0.693841827,0,Paid Search Branded,10,13
1486,0,NL,-0.052599205,ideal,0,-0.548745332,0,Paid Search Branded,10,13
1487,0,NL,0.986472369,ideal,1,-0.693841827,0,Organic Search,10,13
1488,0,NL,-0.600998091,ideal,0,-0.622837159,0,Paid Search Branded,10,13
1489,1,NL,-0.774176686,ideal,1,-0.693841827,0,Paid Search Branded,10,13
1490,0,NL,0.409210384,ideal,1,-0.693841827,0,Paid Search Non-Branded,10,14
1491,1,NL,-0.831902885,ideal,1,-0.693841827,0,Paid Search Branded,10,14
1492,1,NL,-0.277731379,ideal,1,-0.693841827,0,Direct Access,10,14
1493,0,NL,-0.2257778,ideal,1,-0.693841827,0,Paid Search Non-Branded,10,14
1494,0,NL,-0.341230197,ideal,0,0.461867193,0,Direct Access,10,14
1495,1,BE,1.822924986,visa,1,-0.693841827,0,Paid Search Branded,10,14
1496,1,NL,0.264606256,ideal,1,-0.693841827,0,Paid Search Branded,10,14
1497,0,NL,-1.4671797,ideal,0,1.662154795,0,Paid Search Branded,10,14
1498,0,NL,-0.918492183,ideal,0,0.310719865,0,Campaigning,10,14
1499,1,NL,0.437784852,ideal,1,-0.693841827,0,Paid Search Branded,10,14
1500,1,NL,-0.658724289,ideal,1,-0.693841827,1,Paid Search Branded,10,14
1501,0,NL,-0.485545694,ideal,0,1.967413123,0,Paid Search Branded,10,14
1502,1,NL,2.025255311,ideal,0,-0.625800832,1,Paid Search Branded,10,14
1503,0,NL,-0.624377201,ideal,0,-0.628764505,0,Paid Search Branded,10,14
1504,0,NL,-0.658724289,ideal,1,-0.693841827,1,Organic Search,10,14
1505,0,NL,1.909802914,ideal,1,-0.693841827,0,Direct Access,10,14
1506,1,NL,0.206880058,ideal,0,0.518176982,1,Paid Search Branded,10,14
1507,0,NL,-0.831902885,ideal,1,-0.693841827,0,Affiliate,10,14
1509,0,NL,0.149153859,ideal,0,-0.628764505,0,Direct Access,10,14
1510,1,NL,0.004838363,ideal,0,2.518656319,0,Paid Search Branded,10,14
1511,1,NL,-1.322864203,ideal,1,-0.693841827,0,Paid Search Branded,10,15
1513,0,NL,0.420178361,ideal,0,0.814544291,1,Paid Search Branded,10,15
1514,0,NL,1.30367783,ideal,0,-0.376852292,0,Organic Search,10,15
1515,1,NL,3.122341714,visa,0,2.346763279,0,Campaigning,10,15
1516,0,NL,-0.630149821,ideal,1,-0.693841827,0,Paid Search Non-Branded,10,15
1517,0,NL,0.437784852,ideal,0,0.921236522,0,Campaigning,10,15
1518,0,NL,-0.312367098,ideal,1,-0.693841827,0,Paid Search Branded,10,15
1519,0,NL,-0.889917714,ideal,0,1.694755199,0,Direct Access,10,15
1520,1,NL,-0.993824872,ideal,0,-0.172358849,0,Organic Search,10,15
1521,0,NL,-0.485545694,ideal,1,-0.693841827,0,Paid Search Branded,10,15
1522,0,NL,0.380058653,ideal,0,0.337392923,1,Campaigning,10,15
1523,1,NL,-0.600998091,ideal,1,-0.693841827,0,Paid Search Branded,10,15
1524,1,NL,-0.918492183,ideal,0,0.530031674,0,Paid Search Branded,10,15
1525,1,NL,0.409210384,ideal,0,-0.252378022,0,Direct Access,10,15
1526,0,NL,0.091716292,visa,0,1.190930773,0,Paid Search Branded,10,15
1527,0,NL,-0.918492183,ideal,0,0.029170921,0,Direct Access,10,15
1528,0,BE,1.073061667,visa,1,-0.693841827,0,Display,10,15
1529,0,NL,0.120579391,ideal,1,-0.693841827,0,Paid Search Non-Branded,10,15
1530,1,NL,0.697841376,ideal,0,0.316647211,0,Organic Search,10,15
1531,1,NL,-0.370093297,ideal,1,-0.693841827,1,Affiliate,10,15
1532,1,NL,-0.416274255,ideal,1,-0.693841827,1,Paid Search Branded,10,15
1533,0,NL,-0.456682594,ideal,1,-0.693841827,1,Paid Search Branded,10,15
1534,0,NL,0.55352588,ideal,0,1.831084161,0,Paid Search Branded,10,15
1535,0,NL,0.149153859,ideal,0,2.340835933,0,Paid Search Branded,10,16
1536,1,NL,-1.03394458,ideal,0,-0.030102541,0,Direct Access,10,16
1537,1,NL,-0.456971225,ideal,0,-0.261269042,0,Paid Search Branded,10,16
1538,0,NL,0.120579391,ideal,0,1.291695659,0,Direct Access,10,16
1540,1,NL,-0.831902885,ideal,1,-0.693841827,0,Affiliate,10,16
1541,0,BE,-0.861343246,visa,1,-0.693841827,0,Paid Search Branded,10,16
1542,0,NL,1.563157092,ideal,0,-0.575418389,0,Organic Search,10,16
1543,0,NL,-1.03394458,ideal,1,-0.693841827,0,Organic Search,10,16
1544,0,NL,-0.745602218,ideal,1,-0.693841827,0,Paid Search Branded,10,16
1545,0,NL,0.091716292,ideal,0,-0.07752131,0,Direct Access,10,16
1546,1,NL,-0.350177758,ideal,1,-0.693841827,0,Paid Search Branded,10,16
1547,0,NL,0.816180083,ideal,1,-0.693841827,1,Organic Search,10,16
1549,0,NL,-1.06309631,ideal,1,-0.693841827,1,Paid Social,10,16
1550,1,BE,-0.312367098,visa,1,-0.693841827,0,Organic Search,10,16
1551,0,NL,-0.341230197,ideal,0,-0.213850272,0,Direct Access,10,16
1552,1,NL,-0.630149821,ideal,1,-0.693841827,0,Paid Search Non-Branded,10,16
1553,1,NL,0.640115178,ideal,0,2.595711819,0,Paid Search Branded,10,16
1554,1,NL,-1.005370111,ideal,1,-0.693841827,0,Organic Search,10,16
1555,0,NL,-0.600998091,visa,1,-0.693841827,0,Paid Search Branded,10,16
1556,0,NL,0.293469356,ideal,0,0.24848273,0,Paid Search Branded,10,16
1557,0,NL,0.351484185,ideal,0,-0.376852292,0,Paid Search Branded,10,16
1558,1,NL,-1.03394458,ideal,1,-0.693841827,0,Paid Search Branded,10,16
1559,1,NL,1.419418858,ideal,1,-0.693841827,0,Paid Search Branded,10,16
1560,0,NL,-0.485545694,ideal,0,-0.628764505,0,Paid Search Non-Branded,10,16
1561,1,NL,-0.803617047,ideal,1,-0.693841827,1,Paid Search Branded,10,17
1562,0,NL,-0.630149821,ideal,1,-0.693841827,0,Organic Search,10,17
1563,0,NL,-0.658724289,ideal,1,-0.693841827,0,Paid Search Branded,10,17
1564,1,NL,-0.28379263,ideal,1,-0.693841827,0,Organic Search,10,17
1565,1,NL,0.957032008,ideal,0,1.671045814,0,Campaigning,10,17
1566,0,NL,0.293469356,ideal,1,-0.693841827,1,Organic Search,10,17
1567,1,NL,-0.918492183,ideal,1,-0.693841827,0,Paid Search Branded,10,17
1568,1,BE,1.130787865,ideal,0,1.016074061,0,Paid Search Branded,10,17
1569,0,NL,-0.600998091,ideal,1,-0.693841827,1,Paid Search Non-Branded,10,17
1570,0,NL,-0.023736105,ideal,0,1.472479717,0,Paid Search Non-Branded,10,17
1571,0,NL,-0.052599205,visa,1,-0.693841827,1,Paid Search Branded,10,17
1572,0,NL,0.409210384,ideal,0,2.023722912,0,Direct Access,10,17
1573,0,BE,-0.658724289,visa,0,2.598675492,0,Paid Search Branded,10,17
1574,1,NL,-1.03394458,ideal,0,1.428024621,0,Paid Search Branded,10,17
1575,1,NL,0.409210384,ideal,0,0.322574557,0,Direct Access,10,17
1576,0,NL,0.986183738,ideal,1,-0.693841827,1,Organic Search,10,17
1577,0,NL,1.130499234,ideal,0,2.70240405,0,Campaigning,10,17
1578,1,NL,-0.312367098,ideal,1,-0.693841827,0,Paid Search Branded,10,17
1580,0,NL,-0.832191516,ideal,1,-0.693841827,0,Affiliate,10,17
1581,0,NL,0.409210384,ideal,0,0.980509984,0,Organic Search,10,17
1582,0,NL,1.517553395,ideal,0,0.980509984,0,Organic Search,10,17
1584,0,NL,1.852365347,ideal,1,-0.693841827,1,Paid Search Branded,10,17
1585,1,BE,0.55352588,visa,1,-0.693841827,0,Paid Search Branded,10,18
1586,1,NL,-1.03394458,ideal,1,-0.693841827,0,Direct Access,10,18
1587,0,NL,-0.889629083,ideal,0,0.011388883,0,Paid Search Branded,10,18
1588,0,NL,-0.456682594,ideal,1,-0.693841827,0,Paid Search Branded,10,18
1590,0,NL,-0.312367098,ideal,1,-0.693841827,0,Paid Search Branded,10,18
1591,1,NL,-0.600998091,ideal,1,-0.693841827,0,Organic Search,10,18
1592,1,BE,-0.600998091,visa,0,1.045710792,0,Direct Access,10,18
1593,0,NL,0.264894887,ideal,1,-0.693841827,0,Paid Search Non-Branded,10,18
1594,1,NL,0.379770022,ideal,0,0.206991307,0,Organic Search,10,18
1595,0,NL,-1.322864203,visa,1,-0.693841827,0,Organic Search,10,18
1596,0,NL,-0.918492183,ideal,0,0.24848273,0,Campaigning,10,18
1597,1,NL,-0.2257778,ideal,0,1.392460544,1,Organic Search,10,18
1598,0,NL,-0.168340233,ideal,1,-0.693841827,0,Affiliate,10,18
1599,0,NL,-0.889917714,ideal,1,-0.693841827,0,Organic Search,10,18
1600,0,NL,-0.456971225,ideal,1,-0.693841827,0,Organic Search,10,18
1601,0,NL,-0.300821858,ideal,0,-0.021211521,0,Paid Search Branded,10,18
1602,0,NL,-0.312367098,ideal,1,-0.693841827,0,Paid Search Branded,10,18
1603,1,NL,-0.572423622,ideal,0,-0.003429483,0,Paid Search Branded,10,18
1604,0,NL,-0.485545694,ideal,1,-0.693841827,0,Paid Search Branded,10,18
1605,0,NL,1.708049851,ideal,1,-0.693841827,0,Organic Search,10,19
1606,1,NL,0.409210384,ideal,0,-0.56652737,0,Direct Access,10,19
1607,0,NL,0.697841376,ideal,1,-0.693841827,0,Direct Access,10,19
1608,1,NL,-0.456971225,ideal,0,0.04695296,0,Organic Search,10,19
1609,0,NL,-0.485545694,ideal,1,-0.693841827,0,Organic Search,10,19
1610,0,NL,-0.185369461,ideal,0,-0.542817985,1,Organic Search,10,19
1611,1,NL,0.062853192,visa,0,2.542365703,0,Paid Search Branded,10,19
1612,1,NL,-0.803328417,ideal,1,-0.693841827,0,Direct Access,10,19
1613,0,NL,0.409210384,ideal,1,-0.693841827,0,Paid Search Branded,10,19
1614,0,NL,-1.03394458,ideal,1,-0.693841827,0,Paid Search Branded,10,19
1615,0,NL,-0.341230197,ideal,0,1.004219369,0,Direct Access,10,19
1616,1,NL,-0.081462304,ideal,1,-0.693841827,0,Paid Search Branded,10,19
1617,0,NL,2.545079729,ideal,0,1.931849046,1,Paid Search Branded,10,19
1618,1,NL,-0.023736105,ideal,0,0.879745099,1,Paid Search Branded,10,19
1620,1,NL,0.120579391,ideal,0,-0.2879421,0,Direct Access,10,19
1621,1,NL,-1.322864203,ideal,0,2.657948954,0,Paid Search Branded,10,19
1622,1,NL,-0.456682594,ideal,1,-0.693841827,0,Paid Search Branded,10,19
1623,1,BE,-0.312367098,ideal,0,-0.101230695,0,Paid Search Non-Branded,10,19
1624,0,NL,-1.03394458,ideal,1,-0.693841827,0,Paid Search Non-Branded,10,19
1625,1,NL,-0.658724289,ideal,1,-0.693841827,0,Paid Search Branded,10,19
1626,1,NL,0.264894887,ideal,1,-0.693841827,0,Paid Search Branded,10,19
1627,1,NL,-0.081462304,ideal,1,-0.693841827,0,Organic Search,10,19
1628,0,NL,-0.197203332,ideal,0,2.284526144,0,Paid Search Branded,10,19
1629,0,NL,-0.168340233,ideal,0,-0.009356829,0,Paid Search Branded,10,19
1630,1,NL,-0.312367098,ideal,1,-0.693841827,1,Direct Access,10,19
1631,0,NL,-0.428108126,ideal,0,-0.52799962,0,Member-get-member,10,19
1632,0,NL,0.091716292,ideal,1,-0.693841827,0,Paid Search Branded,10,19
1633,0,NL,1.292421221,ideal,1,-0.693841827,0,Paid Search Branded,10,19
1634,0,NL,-1.322864203,ideal,0,0.289974153,0,Organic Search,10,20
1635,0,NL,-0.456971225,ideal,0,0.301828846,0,Direct Access,10,20
1636,1,NL,0.206880058,ideal,1,-0.693841827,0,Organic Search,10,20
1637,1,NL,-0.485545694,ideal,1,-0.693841827,1,Paid Search Non-Branded,10,20
1638,0,NL,-0.196914701,ideal,1,-0.693841827,0,Paid Search Branded,10,20
1639,0,NL,-0.393183776,ideal,0,0.719706752,0,Paid Search Branded,10,20
1640,0,NL,-1.03394458,ideal,0,-0.228668638,0,Direct Access,10,20
1641,1,NL,0.409210384,ideal,0,0.014352556,0,Direct Access,10,20
1642,0,NL,-0.918492183,ideal,0,-0.557636351,0,Organic Search,10,20
1643,0,NL,1.30367783,ideal,1,-0.693841827,0,Organic Search,10,20
1644,1,NL,1.447993326,ideal,0,-0.510217581,0,Organic Search,10,20
1645,1,NL,1.130787865,ideal,1,-0.693841827,0,Direct Access,10,20
1646,0,NL,-0.023736105,ideal,0,1.958522104,0,Organic Search,10,20
1647,0,NL,-0.739540967,ideal,1,-0.693841827,0,Direct Access,10,20
1648,0,NL,-0.676042149,ideal,1,-0.693841827,0,Organic Search,10,20
1649,1,NL,0.55352588,ideal,1,-0.693841827,0,Organic Search,10,20
1650,1,NL,-1.03394458,ideal,1,-0.693841827,0,Organic Search,10,20
1651,0,BE,-0.745602218,visa,1,-0.693841827,0,Direct Access,10,20
1652,0,NL,-0.456682594,ideal,0,1.099056908,0,Paid Search Branded,10,20
1653,0,NL,0.091716292,ideal,1,-0.693841827,0,Paid Search Branded,10,20
1654,0,NL,-1.03394458,ideal,1,-0.693841827,0,Paid Search Non-Branded,10,20
1655,1,NL,-0.889917714,ideal,1,-0.693841827,0,Paid Search Branded,10,20
1656,1,NL,-0.277731379,ideal,1,-0.693841827,1,Organic Search,10,20
1657,1,NL,0.409210384,ideal,0,0.20995498,0,Paid Search Branded,10,20
1658,1,NL,-0.485545694,ideal,1,-0.693841827,0,Direct Access,10,20
1659,0,NL,-0.197203332,ideal,1,-0.693841827,0,Paid Search Branded,10,20
1660,0,NL,0.120579391,ideal,1,-0.693841827,0,Organic Search,10,20
1661,1,NL,0.351484185,visa,0,2.474201222,0,Paid Search Branded,10,20
1662,0,NL,-1.438605231,ideal,1,-0.693841827,0,Paid Search Branded,10,20
1663,1,NL,1.592597453,ideal,1,-0.693841827,0,Direct Access,10,20
1664,1,NL,-0.197203332,ideal,0,1.756992334,0,Organic Search,10,20
1665,1,NL,-0.023736105,ideal,1,-0.693841827,0,Organic Search,10,20
1666,1,NL,-0.2257778,ideal,1,-0.693841827,0,Paid Search Branded,10,20
1667,1,NL,2.111844609,visa,0,1.47544339,0,Paid Search Branded,10,20
1668,1,NL,1.101924766,ideal,1,-0.693841827,0,Paid Search Branded,10,20
1669,0,NL,-0.485545694,ideal,1,-0.693841827,0,Paid Search Branded,10,20
1670,0,NL,0.437784852,ideal,0,3.126209302,0,Paid Search Non-Branded,10,21
1671,0,NL,1.852365347,ideal,0,-0.356106581,0,Paid Search Branded,10,21
1672,0,NL,-1.03394458,ideal,1,-0.693841827,0,Organic Search,10,21
1673,1,NL,0.409210384,ideal,0,-0.07752131,0,Paid Search Branded,10,21
1674,1,NL,-0.889629083,ideal,1,-0.693841827,1,Paid Search Branded,10,21
1675,1,NL,-0.024024736,ideal,1,-0.693841827,0,Paid Search Non-Branded,10,21
1676,0,NL,-0.918492183,ideal,1,-0.693841827,0,Paid Search Branded,10,21
1677,0,NL,-0.600998091,ideal,0,0.147717845,0,Affiliate,10,21
1678,1,NL,-0.600998091,ideal,1,-0.693841827,0,Paid Search Non-Branded,10,21
1679,0,NL,0.149153859,ideal,1,-0.693841827,0,Paid Search Branded,10,21
1680,1,NL,-0.600998091,ideal,1,-0.693841827,0,Paid Search Branded,10,21
1681,0,NL,-0.2257778,ideal,1,-0.693841827,1,Organic Search,10,21
1682,0,BE,-0.918492183,visa,1,-0.693841827,0,Paid Search Non-Branded,10,21
1683,1,NL,0.697552745,ideal,1,-0.693841827,0,Paid Search Non-Branded,10,21
1684,0,NL,0.149153859,ideal,1,-0.693841827,1,Organic Search,10,21
1685,1,NL,-0.2257778,ideal,0,-0.133831099,0,Paid Search Branded,10,21
1686,0,NL,2.573654197,ideal,0,0.035098268,0,Paid Search Branded,10,21
1687,0,NL,1.967817744,ideal,0,1.205749139,0,Paid Search Non-Branded,10,21
1688,0,NL,-0.918492183,ideal,1,-0.693841827,0,Paid Search Non-Branded,10,21
1689,1,NL,1.708049851,ideal,0,0.944945907,0,Direct Access,10,21
1690,0,NL,-0.312655729,ideal,1,-0.693841827,0,Direct Access,10,21
1691,0,NL,-0.456682594,ideal,1,-0.693841827,0,Paid Search Branded,10,21
1692,0,NL,-0.600998091,ideal,1,-0.693841827,1,Paid Search Branded,10,21
1693,0,NL,-0.312655729,ideal,0,-0.24052333,0,Paid Search Branded,10,22
1694,1,NL,3.179779282,ideal,1,-0.693841827,0,Organic Search,10,22
1695,1,NL,-0.312655729,ideal,1,-0.693841827,1,Paid Search Non-Branded,10,22
1696,0,BE,-0.832191516,ideal,1,-0.693841827,0,Paid Search Non-Branded,10,22
1697,1,NL,-0.197203332,ideal,1,-0.693841827,0,Paid Search Branded,10,22
1698,0,NL,-0.052599205,ideal,1,-0.693841827,1,Organic Search,10,22
1699,0,NL,-0.889629083,ideal,0,0.367029654,0,Paid Search Branded,10,22
1700,0,NL,-0.023736105,ideal,1,-0.693841827,1,Affiliate,10,22
1701,0,BE,-1.380879033,visa,1,-0.693841827,0,Organic Search,10,22
1702,0,NL,-0.600998091,ideal,0,0.764161848,0,Member-get-member,10,22
1703,1,BE,0.120579391,visa,1,-0.693841827,1,Organic Search,10,22
1704,1,NL,0.726127214,ideal,0,-0.2879421,0,Paid Search Branded,10,22
1705,0,NL,-0.081462304,ideal,0,1.816265796,1,Paid Search Branded,10,22
1706,0,NL,-0.600998091,ideal,0,2.106705759,0,Campaigning,10,22
1707,0,NL,-0.600998091,ideal,1,-0.693841827,0,Direct Access,10,22
1708,0,BE,-0.889917714,visa,1,-0.693841827,1,Paid Search Non-Branded,10,22
1709,0,NL,-1.034233211,ideal,1,-0.693841827,0,Paid Search Non-Branded,10,22
1710,0,NL,-1.322864203,ideal,1,-0.693841827,0,Affiliate,10,22
1711,1,NL,0.149153859,ideal,0,1.048674465,0,Paid Search Branded,10,22
1712,0,NL,-0.774465317,ideal,1,-0.693841827,0,Paid Search Branded,10,22
1713,1,NL,0.062853192,ideal,1,-0.693841827,0,Organic Search,10,22
1714,0,NL,2.227297006,ideal,0,1.392460544,0,Direct Access,10,22
1715,0,NL,0.495799681,visa,0,0.254410076,0,Organic Search,10,22
1716,0,NL,-0.312367098,ideal,1,-0.693841827,0,Organic Search,10,22
1717,1,NL,-0.312367098,ideal,1,-0.693841827,0,Paid Search Non-Branded,10,23
1718,1,NL,0.755278944,ideal,1,-0.693841827,0,Organic Search,10,23
1719,0,NL,0.351195554,ideal,0,-0.628764505,1,Paid Search Non-Branded,10,23
1720,1,NL,-0.745890849,ideal,0,1.688827853,0,Paid Search Branded,10,23
1721,0,NL,-1.03394458,ideal,0,-0.575418389,0,Organic Search,10,23
1722,0,NL,0.120579391,ideal,1,-0.693841827,1,Paid Search Non-Branded,10,23
1723,1,NL,-0.745890849,ideal,0,1.688827853,0,Paid Search Branded,10,23
1724,1,NL,4.161413288,ideal,0,0.870854079,0,Campaigning,10,23
1725,0,NL,-0.023736105,ideal,1,-0.693841827,1,Organic Search,10,23
1726,0,NL,-0.889917714,ideal,1,-0.693841827,0,Organic Search,10,23
1727,0,NL,0.409210384,ideal,1,-0.693841827,0,Organic Search,10,0
1728,0,NL,-0.312367098,ideal,0,1.721428257,0,Organic Search,10,0
1729,0,NL,-0.658724289,ideal,1,-0.693841827,0,Paid Search Branded,10,0
1730,1,NL,-0.832191516,ideal,1,-0.693841827,1,Organic Search,10,0
1731,1,NL,-1.03394458,ideal,0,2.835769339,0,Paid Search Branded,10,0
1732,1,NL,-0.312367098,ideal,1,-0.693841827,0,Paid Search Non-Branded,10,0
1733,1,BE,-0.196914701,visa,0,-0.625800832,0,Organic Search,10,0
1734,1,NL,0.437496221,ideal,1,-0.693841827,0,Direct Access,10,0
1736,1,NL,-0.889917714,ideal,1,-0.693841827,1,Paid Search Non-Branded,11,1
1737,1,NL,-0.168051602,visa,0,0.559668405,0,Direct Access,11,2
1738,0,NL,-0.081462304,ideal,1,-0.693841827,0,Paid Search Branded,11,2
1739,0,NL,0.841868242,visa,0,-0.525035947,0,Paid Search Branded,11,6
1740,0,NL,-0.600998091,visa,0,1.875539258,0,Direct Access,11,7
1741,1,NL,-1.03394458,ideal,1,-0.693841827,0,Paid Search Branded,11,7
1742,0,NL,1.592597453,ideal,0,1.914067008,0,Affiliate,11,8
1743,0,NL,2.804558992,ideal,0,0.186245595,0,Paid Search Branded,11,8
1744,0,NL,-0.2257778,ideal,1,-0.693841827,0,Paid Search Branded,11,8
1745,0,NL,-0.2257778,ideal,0,1.229458524,0,Direct Access,11,8
1746,0,NL,-0.456971225,ideal,1,-0.693841827,0,Paid Search Non-Branded,11,8
1747,1,NL,1.159362334,ideal,0,0.580414116,1,Paid Search Branded,11,9
1748,0,NL,3.151204814,ideal,0,2.497910607,0,Campaigning,11,9
1749,0,NL,-0.341518828,ideal,1,-0.693841827,0,Paid Search Non-Branded,11,9
1750,1,NL,0.120579391,ideal,0,1.416169928,0,Paid Search Branded,11,9
1751,0,NL,-1.322864203,ideal,1,-0.693841827,0,Affiliate,11,9
1752,0,NL,-0.456682594,ideal,0,2.468273876,0,Paid Search Non-Branded,11,9
1753,1,NL,0.120579391,ideal,1,-0.693841827,0,Direct Access,11,9
1754,0,NL,-0.861343246,ideal,1,-0.693841827,0,Paid Search Branded,11,9
1755,0,NL,0.322621086,ideal,0,2.530511011,0,Paid Search Branded,11,10
1756,1,NL,0.409210384,ideal,0,0.189209268,0,Paid Search Branded,11,10
1757,1,NL,-0.456682594,ideal,1,-0.693841827,0,Direct Access,11,10
1758,0,NL,-1.03394458,ideal,1,-0.693841827,0,Organic Search,11,10
1759,0,NL,0.004838363,ideal,1,-0.693841827,0,Paid Search Branded,11,10
1760,1,NL,-1.034233211,visa,1,-0.693841827,0,Organic Search,11,10
1761,0,NL,-0.081462304,ideal,1,-0.693841827,0,Organic Search,11,10
1762,0,NL,-0.081462304,visa,0,3.019517071,0,Direct Access,11,10
1763,0,NL,0.668978277,ideal,0,1.902212315,0,Paid Search Branded,11,10
1764,1,NL,0.264894887,ideal,0,0.144754172,0,Direct Access,11,10
1765,0,BE,-0.658724289,visa,0,-0.625800832,0,Organic Search,11,10
1766,0,NL,-0.196914701,ideal,0,1.099056908,0,Campaigning,11,10
1767,1,NL,0.120579391,ideal,0,-0.572454716,0,Organic Search,11,10
1768,1,NL,-0.716450488,visa,1,-0.693841827,0,Paid Search Branded,11,10
1769,1,NL,-0.485545694,ideal,1,-0.693841827,0,Paid Search Branded,11,10
1770,0,NL,-1.03394458,ideal,1,-0.693841827,0,Paid Search Branded,11,11
1771,1,NL,-0.023736105,ideal,1,-0.693841827,0,Paid Search Non-Branded,11,11
1772,0,BE,0.957032008,visa,1,-0.693841827,0,Direct Access,11,11
1773,0,NL,-0.861343246,ideal,0,-0.196068234,0,Paid Search Branded,11,11
1774,0,NL,-0.024313367,ideal,1,-0.693841827,1,Paid Search Non-Branded,11,11
1775,1,NL,1.015046837,ideal,1,-0.693841827,0,Paid Social,11,11
1776,0,NL,-0.485545694,ideal,0,-0.367961273,0,Organic Search,11,11
1777,0,NL,-0.168051602,ideal,1,-0.693841827,0,Paid Search Non-Branded,11,11
1778,0,NL,-0.658724289,ideal,0,0.944945907,0,Direct Access,11,11
1779,1,NL,0.264894887,ideal,0,2.228216356,1,Organic Search,11,11
1780,0,NL,-0.25492953,ideal,1,-0.693841827,0,Paid Search Non-Branded,11,11
1781,0,NL,1.419418858,ideal,0,-0.261269042,0,Paid Search Branded,11,11
1782,1,BE,-0.2257778,visa,1,-0.693841827,0,Paid Search Branded,11,11
1783,1,NL,-0.745602218,ideal,1,-0.693841827,0,Organic Search,11,11
1784,0,NL,-1.005370111,ideal,0,0.150681518,0,Paid Search Branded,11,11
1785,1,NL,-1.178260076,visa,0,-0.178286195,0,Affiliate,11,11
1787,1,NL,-0.312367098,visa,1,-0.693841827,0,Direct Access,11,11
1788,1,NL,0.409210384,visa,1,-0.693841827,1,Paid Search Branded,11,11
1789,0,NL,-0.2257778,ideal,1,-0.693841827,0,Paid Search Branded,11,11
1790,1,NL,0.784430674,ideal,1,-0.693841827,0,Paid Search Branded,11,11
1791,0,NL,-0.139477133,ideal,0,-0.231632311,0,Direct Access,11,11
1792,0,NL,-0.081750935,ideal,0,0.094371729,0,Direct Access,11,11
1793,0,NL,-0.700864414,ideal,0,0.799725925,0,Organic Search,11,11
1794,0,BE,0.264894887,visa,1,-0.693841827,0,Paid Search Non-Branded,11,11
1795,0,NL,-0.889917714,ideal,1,-0.693841827,0,Direct Access,11,12
1796,0,NL,-0.2257778,ideal,1,-0.693841827,1,Paid Search Branded,11,12
1797,0,NL,-0.600998091,ideal,0,0.029170921,0,Direct Access,11,12
1798,0,NL,0.084500517,ideal,1,-0.693841827,0,Affiliate,11,12
1799,1,NL,1.881228446,ideal,1,-0.693841827,0,Organic Search,11,12
1800,0,NL,0.380058653,ideal,0,2.557184069,0,Direct Access,11,12
1801,0,NL,0.207168689,ideal,1,-0.693841827,0,Paid Search Branded,11,12
1802,0,NL,-1.03394458,visa,0,0.441121481,0,Direct Access,11,12
1803,1,NL,0.668978277,ideal,1,-0.693841827,0,Paid Search Non-Branded,11,12
1804,0,NL,0.062564561,ideal,1,-0.693841827,0,Direct Access,11,12
1805,0,NL,0.645887798,ideal,0,1.051638138,1,Direct Access,11,12
1806,0,NL,-0.600998091,visa,0,-0.347215561,0,Paid Search Branded,11,12
1807,1,NL,-1.4671797,ideal,1,-0.693841827,0,Organic Search,11,12
1808,1,NL,-0.456682594,ideal,1,-0.693841827,0,Paid Search Branded,11,12
1809,0,NL,-0.485545694,ideal,1,-0.693841827,0,Paid Search Branded,11,12
1810,0,NL,-0.341230197,ideal,1,-0.693841827,0,Paid Search Non-Branded,11,12
1811,0,NL,1.101924766,visa,0,0.070662345,1,Paid Search Branded,11,12
1812,0,NL,-1.03394458,ideal,1,-0.693841827,0,Paid Search Non-Branded,11,12
1813,1,NL,-0.082039566,ideal,1,-0.693841827,0,Paid Search Branded,11,12
1814,0,NL,-0.485545694,ideal,0,0.17142723,0,Paid Search Branded,11,12
1815,0,NL,0.697841376,ideal,1,-0.693841827,1,Paid Search Branded,11,12
1816,0,NL,-0.716450488,ideal,0,2.082996374,0,Paid Search Branded,11,12
1817,0,NL,1.361692659,ideal,0,-0.427234735,0,Organic Search,11,12
1819,1,NL,-0.2257778,ideal,0,0.227737018,0,Paid Search Non-Branded,11,13
1820,0,NL,-0.456682594,ideal,1,-0.693841827,0,Paid Search Non-Branded,11,13
1821,1,NL,-0.168340233,ideal,1,-0.693841827,0,Paid Search Branded,11,13
1822,0,NL,-1.4671797,ideal,1,-0.693841827,0,Paid Search Branded,11,13
1823,1,NL,-0.197203332,ideal,0,0.648578598,0,Direct Access,11,13
1824,0,NL,-1.4671797,ideal,0,-0.637655524,0,Paid Search Branded,11,13
1825,1,NL,-0.2257778,ideal,1,-0.693841827,1,Direct Access,11,13
1826,0,NL,0.697552745,ideal,1,-0.693841827,0,Paid Search Branded,11,13
1827,0,NL,-0.312367098,ideal,0,1.68586418,0,Paid Search Branded,11,13
1828,1,NL,-0.456682594,ideal,1,-0.693841827,0,Paid Search Branded,11,13
1829,0,NL,-0.942159924,ideal,0,-0.353142908,0,Affiliate,11,13
1830,1,NL,-0.2257778,ideal,1,-0.693841827,0,Paid Search Branded,11,13
1831,0,NL,0.004838363,ideal,0,-0.471689831,0,Paid Search Branded,11,13
1832,1,NL,-0.081462304,ideal,1,-0.693841827,0,Direct Access,11,13
1833,0,NL,-1.322575572,ideal,0,2.216361663,0,Organic Search,11,13
1834,0,NL,0.149153859,ideal,1,-0.693841827,0,Organic Search,11,13
1835,1,NL,-0.168340233,ideal,1,-0.693841827,0,Paid Search Non-Branded,11,13
1836,0,NL,0.120579391,ideal,1,-0.693841827,0,Paid Search Branded,11,13
1837,0,NL,1.043909936,visa,0,-0.628764505,0,Paid Search Non-Branded,11,13
1838,1,NL,-0.572423622,ideal,1,-0.693841827,0,Paid Search Branded,11,13
1839,0,NL,-1.4671797,ideal,0,2.210434317,0,Affiliate,11,13
1840,0,NL,-0.023736105,ideal,0,0.687106348,0,Paid Search Non-Branded,11,13
1841,0,NL,0.120579391,ideal,1,-0.693841827,0,Paid Search Non-Branded,11,13
1842,0,NL,0.697841376,ideal,1,-0.693841827,0,Paid Search Branded,11,13
1843,1,NL,1.99581495,ideal,0,-0.145685791,0,Campaigning,11,13
1844,0,NL,0.120579391,ideal,0,0.912345503,0,Paid Search Branded,11,14
1845,1,NL,-1.03394458,ideal,1,-0.693841827,0,Paid Search Branded,11,14
1846,0,NL,-0.2257778,ideal,1,-0.693841827,1,Paid Search Non-Branded,11,14
1847,0,NL,-0.572423622,ideal,0,-0.637655524,0,Paid Search Branded,11,14
1848,0,NL,-0.508636173,ideal,0,3.010626052,0,Organic Search,11,14
1849,0,NL,-1.178260076,ideal,1,-0.693841827,0,Organic Search,11,14
1850,0,NL,2.083270141,ideal,0,1.027928753,0,Member-get-member,11,14
1851,1,NL,-0.456971225,ideal,1,-0.693841827,0,Paid Search Branded,11,14
1852,0,NL,0.062853192,ideal,0,-0.222741291,1,Organic Search,11,14
1853,1,NL,0.409210384,ideal,1,-0.693841827,1,Paid Search Branded,11,14
1854,0,NL,1.361692659,ideal,0,2.880224436,0,Paid Search Branded,11,14
1855,0,NL,-0.2257778,ideal,0,-0.157540483,0,Paid Search Branded,11,14
1856,0,NL,-1.03394458,ideal,1,-0.693841827,0,Paid Search Branded,11,14
1857,1,NL,-0.2257778,ideal,1,-0.693841827,0,Organic Search,11,14
1858,0,NL,-0.456971225,ideal,0,0.678215328,0,Organic Search,11,14
1859,0,BE,-0.2257778,ideal,0,-0.608018793,0,Campaigning,11,14
1860,0,NL,0.986472369,ideal,0,-0.133831099,0,Paid Search Non-Branded,11,14
1861,0,NL,-0.658724289,ideal,0,0.331465577,0,Direct Access,11,14
1862,0,NL,0.120579391,ideal,1,-0.693841827,0,Paid Search Branded,11,15
1863,1,NL,-0.947643913,ideal,0,-0.61394614,0,Organic Search,11,15
1864,0,NL,-0.600998091,ideal,0,0.879745099,0,Affiliate,11,15
1865,0,NL,-0.832191516,ideal,1,-0.693841827,0,Member-get-member,11,15
1866,0,NL,-0.023736105,ideal,1,-0.693841827,0,Paid Search Branded,11,15
1867,0,NL,1.072773036,ideal,1,-0.693841827,1,Paid Search Branded,11,15
1868,0,NL,-0.196914701,ideal,1,-0.693841827,0,Organic Search,11,15
1869,1,NL,0.149153859,ideal,1,-0.693841827,0,Paid Search Branded,11,15
1870,0,NL,1.678609489,visa,0,-0.415380042,0,Direct Access,11,15
1871,0,NL,0.120579391,ideal,0,0.936054887,0,Campaigning,11,15
1872,1,NL,-0.572423622,ideal,0,0.420375769,0,Direct Access,11,15
1873,1,NL,-0.139765764,ideal,1,-0.693841827,0,Paid Search Branded,11,15
1874,1,NL,2.025255311,ideal,0,1.748101315,0,Paid Search Branded,11,15
1875,0,BE,-0.485545694,visa,0,0.464830866,0,Organic Search,11,15
1876,1,NL,-0.312367098,ideal,1,-0.693841827,1,Paid Search Branded,11,15
1877,0,NL,-0.2257778,ideal,0,1.069420177,0,Paid Search Branded,11,15
1878,0,NL,-0.600998091,ideal,1,-0.693841827,0,Direct Access,11,15
1879,0,NL,1.130787865,ideal,0,-0.053811925,0,Paid Search Branded,11,15
1880,0,NL,-0.918492183,ideal,1,-0.693841827,1,Paid Search Non-Branded,11,15
1881,0,NL,-0.861343246,ideal,0,0.325538231,0,Organic Search,11,15
1882,1,NL,-0.485545694,ideal,0,-0.187177214,0,Paid Search Branded,11,15
1883,1,NL,-0.2257778,ideal,1,-0.693841827,0,Paid Search Branded,11,15
1884,0,NL,-1.03394458,ideal,0,1.709573564,0,Paid Search Branded,11,15
1885,0,NL,-0.2257778,ideal,0,-0.483544524,1,Organic Search,11,15
1886,0,NL,-1.4671797,ideal,0,0.770089194,0,Paid Search Branded,11,15
1887,0,NL,-0.327087279,ideal,1,-0.693841827,0,Paid Search Branded,11,16
1888,0,NL,0.697841376,ideal,1,-0.693841827,1,Paid Search Branded,11,16
1889,1,BE,-0.456971225,visa,1,-0.693841827,0,Paid Search Non-Branded,11,16
1890,1,NL,-0.312655729,ideal,0,1.155366696,1,Organic Search,11,16
1891,1,NL,1.130787865,ideal,1,-0.693841827,0,Paid Search Branded,11,16
1892,1,NL,0.120579391,ideal,1,-0.693841827,0,Paid Search Branded,11,16
1893,1,BE,0.351195554,visa,1,-0.693841827,0,Organic Search,11,16
1894,1,NL,-0.081462304,ideal,1,-0.693841827,0,Paid Search Non-Branded,11,16
1895,1,NL,-0.600998091,ideal,1,-0.693841827,0,Paid Search Branded,11,16
1896,0,NL,0.351484185,visa,0,0.568559424,0,Paid Search Branded,11,16
1897,0,NL,0.178305589,ideal,0,1.573244602,0,Organic Search,11,16
1898,1,NL,-0.774176686,ideal,1,-0.693841827,0,Paid Search Branded,11,16
1899,0,NL,-0.28379263,ideal,1,-0.693841827,0,Direct Access,11,16
1900,0,NL,1.506008156,ideal,1,-0.693841827,1,Paid Search Branded,11,16
1902,0,NL,0.06227593,ideal,1,-0.693841827,0,Organic Search,11,16
1903,0,NL,0.120579391,ideal,0,0.829362656,0,Organic Search,11,16
1904,0,NL,-0.918492183,ideal,1,-0.693841827,0,Paid Search Branded,11,16
1905,0,NL,0.149153859,ideal,1,-0.693841827,0,Paid Search Branded,11,16
1906,0,NL,0.062853192,visa,0,2.266744106,0,Direct Access,11,17
1907,0,NL,0.437784852,ideal,1,-0.693841827,0,Paid Search Branded,11,17
1908,1,NL,0.697841376,ideal,0,-0.00046581,0,Paid Search Branded,11,17
1909,0,NL,-0.600998091,ideal,0,-0.560600024,0,Direct Access,11,17
1910,0,NL,-0.456971225,ideal,1,-0.693841827,0,Direct Access,11,17
1911,0,NL,0.351484185,ideal,1,-0.693841827,0,Organic Search,11,17
1912,1,NL,-0.312655729,ideal,1,-0.693841827,0,Paid Search Non-Branded,11,17
1913,0,NL,-1.03394458,ideal,1,-0.693841827,0,Paid Search Branded,11,17
1914,1,NL,-0.658724289,ideal,1,-0.693841827,0,Organic Search,11,17
1915,0,NL,-0.341518828,visa,1,-0.693841827,0,Direct Access,11,17
1916,0,NL,-0.370093297,ideal,1,-0.693841827,1,Member-get-member,11,17
1917,1,NL,-1.03394458,ideal,1,-0.693841827,0,Paid Search Branded,11,17
1918,0,NL,0.639826547,ideal,1,-0.693841827,0,Organic Search,11,17
1920,0,NL,2.949163119,visa,0,2.237107375,0,Paid Search Branded,11,17
1921,0,NL,-1.178548707,ideal,0,-0.133831099,0,Direct Access,11,17
1922,0,NL,-0.2257778,ideal,0,-0.599127774,0,Paid Search Branded,11,17
1923,1,NL,-0.924553433,ideal,1,-0.693841827,0,Direct Access,11,17
1924,0,NL,0.55352588,ideal,0,-0.625800832,0,Organic Search,11,17
1925,0,NL,-0.067030754,ideal,0,-0.631728178,0,Direct Access,11,17
1926,0,NL,-0.052599205,ideal,1,-0.693841827,0,Paid Search Non-Branded,11,18
1927,1,NL,-0.889629083,ideal,1,-0.693841827,0,Paid Search Branded,11,18
1928,1,NL,-0.28379263,ideal,0,2.05039597,0,Paid Search Branded,11,18
1929,0,NL,-1.4671797,ideal,0,1.499152775,0,Direct Access,11,18
1930,0,NL,-0.023736105,ideal,1,-0.693841827,0,Paid Search Non-Branded,11,18
1931,0,NL,-1.322575572,ideal,1,-0.693841827,1,Paid Search Non-Branded,11,18
1932,1,NL,-0.831902885,ideal,1,-0.693841827,0,Direct Access,11,18
1933,1,NL,-0.023736105,ideal,1,-0.693841827,0,Paid Search Branded,11,18
1934,1,NL,-0.312367098,ideal,1,-0.693841827,0,Organic Search,11,18
1935,0,NL,-0.485545694,ideal,1,-0.693841827,0,Paid Search Branded,11,18
1936,1,NL,-0.197203332,ideal,1,-0.693841827,0,Paid Search Branded,11,18
1937,0,NL,0.120579391,ideal,1,-0.693841827,0,Paid Search Branded,11,19
1938,0,NL,0.351195554,ideal,1,-0.693841827,0,Paid Search Branded,11,19
1939,1,NL,-0.600998091,ideal,1,-0.693841827,0,Direct Access,11,19
1940,1,NL,3.613014402,visa,0,0.337392923,1,Paid Search Branded,11,19
1941,0,NL,-0.254640899,ideal,1,-0.693841827,0,Affiliate,11,19
1942,0,NL,-0.889917714,ideal,1,-0.693841827,0,Direct Access,11,19
1943,1,NL,-0.2257778,ideal,0,1.057565484,0,Paid Search Branded,11,19
1944,0,NL,2.285311836,ideal,0,1.831084161,0,Direct Access,11,19
1945,0,NL,-1.03394458,ideal,1,-0.693841827,0,Paid Search Branded,11,19
1946,1,NL,0.207168689,ideal,1,-0.693841827,0,Paid Search Branded,11,19
1947,1,NL,-0.168340233,ideal,1,-0.693841827,0,Paid Search Branded,11,19
1948,0,NL,-0.531726652,ideal,0,0.933091214,0,Organic Search,11,19
1949,0,NL,-0.023736105,visa,0,1.276877293,0,Paid Search Branded,11,19
1950,1,NL,0.264894887,ideal,1,-0.693841827,0,Paid Search Non-Branded,11,19
1951,0,NL,1.823502248,ideal,1,-0.693841827,0,Organic Search,11,19
1952,1,NL,1.563734354,ideal,1,-0.693841827,0,Paid Search Branded,11,19
1953,1,NL,-0.832191516,ideal,1,-0.693841827,0,Direct Access,11,19
1954,0,NL,0.409210384,ideal,1,-0.693841827,0,Paid Search Branded,11,19
1955,1,NL,-0.918492183,ideal,1,-0.693841827,0,Direct Access,11,19
1956,0,NL,0.409210384,ideal,0,1.182039754,0,Paid Search Branded,11,19
1957,1,NL,-0.312367098,ideal,1,-0.693841827,0,Paid Search Branded,11,19
1958,0,NL,-0.485545694,ideal,0,0.998292022,0,Paid Search Branded,11,19
1959,0,NL,-0.341230197,ideal,0,-0.373888619,0,Direct Access,11,19
1960,1,NL,-0.428108126,ideal,1,-0.693841827,0,Organic Search,11,20
1961,0,NL,0.120579391,ideal,1,-0.693841827,0,Organic Search,11,20
1962,0,NL,3.035175155,ideal,1,-0.693841827,1,Paid Search Branded,11,20
1963,1,NL,-0.2257778,ideal,1,-0.693841827,0,Paid Search Branded,11,20
1964,0,NL,-0.168051602,ideal,0,0.150681518,0,Paid Search Branded,11,20
1965,1,NL,-0.456971225,ideal,1,-0.693841827,0,Paid Search Branded,11,20
1966,1,NL,-0.600998091,visa,1,-0.693841827,1,Organic Search,11,20
1967,1,NL,-1.03394458,visa,1,-0.693841827,0,Paid Search Branded,11,20
1968,0,NL,-0.196914701,ideal,0,2.494946934,0,Direct Access,11,20
1969,0,NL,-0.168051602,ideal,1,-0.693841827,0,Paid Search Non-Branded,11,20
1970,0,NL,-0.312367098,ideal,1,-0.693841827,0,Direct Access,11,20
1972,0,NL,0.120579391,ideal,1,-0.693841827,0,Organic Search,11,20
1973,0,NL,-0.658724289,ideal,0,1.356896467,0,Direct Access,11,20
1974,0,NL,-0.168051602,ideal,0,1.706609891,0,Organic Search,11,20
1975,1,NL,-0.600998091,ideal,1,-0.693841827,0,Paid Search Non-Branded,11,20
1976,1,NL,-0.168051602,ideal,1,-0.693841827,0,Organic Search,11,20
1977,0,NL,-1.4671797,ideal,1,-0.693841827,0,Paid Search Branded,11,20
1978,1,NL,0.120579391,ideal,1,-0.693841827,0,Organic Search,11,20
1979,0,NL,0.55352588,ideal,1,-0.693841827,0,Direct Access,11,20
1980,0,NL,-0.630149821,ideal,0,2.133378817,1,Direct Access,11,20
1981,1,NL,-0.918492183,ideal,1,-0.693841827,0,Direct Access,11,20
1982,0,NL,1.217377163,ideal,1,-0.693841827,0,Organic Search,11,20
1983,1,NL,0.697841376,ideal,1,-0.693841827,0,Paid Search Branded,11,20
1984,0,NL,-0.139188502,ideal,1,-0.693841827,0,Direct Access,11,20
1985,1,NL,-0.658724289,ideal,1,-0.693841827,1,Direct Access,11,20
1986,1,NL,-0.918492183,ideal,1,-0.693841827,0,Organic Search,11,20
1987,1,NL,-0.196914701,ideal,1,-0.693841827,0,Paid Search Branded,11,20
1988,1,NL,0.438073483,visa,1,-0.693841827,0,Paid Search Branded,11,20
1989,1,BE,-1.4671797,visa,1,-0.693841827,0,Display,11,21
1990,1,NL,-0.196914701,ideal,0,0.953836926,0,Direct Access,11,21
1991,1,NL,-1.322864203,ideal,1,-0.693841827,0,Paid Search Branded,11,21
1992,1,NL,0.380058653,ideal,1,-0.693841827,0,Paid Search Branded,11,21
1993,0,NL,0.062853192,ideal,0,1.036819773,0,Organic Search,11,21
1994,0,NL,-0.052887836,ideal,0,1.854793546,1,Direct Access,11,21
1995,1,NL,0.062853192,ideal,1,-0.693841827,1,Paid Search Non-Branded,11,21
1996,1,NL,-0.023736105,ideal,1,-0.693841827,1,Organic Search,11,21
1997,0,NL,-1.03394458,ideal,0,1.401351563,0,Paid Search Branded,11,21
1998,1,NL,-0.600998091,ideal,0,1.090165888,0,Paid Search Non-Branded,11,21
1999,0,NL,-0.831902885,ideal,1,-0.693841827,0,Affiliate,11,21
2001,0,NL,-0.658724289,ideal,0,1.208712812,0,Direct Access,11,21
2002,0,NL,-0.2257778,ideal,1,-0.693841827,0,Paid Search Branded,11,21
2003,0,NL,0.120579391,ideal,0,-0.190140887,0,Organic Search,11,21
2004,0,NL,-0.196914701,visa,0,-0.056775598,0,Paid Search Branded,11,21
2005,1,NL,-0.630149821,ideal,1,-0.693841827,1,Paid Search Branded,11,21
2006,1,NL,-0.2257778,ideal,1,-0.693841827,0,Organic Search,11,21
2007,0,NL,-0.312367098,ideal,1,-0.693841827,0,Direct Access,11,21
2008,1,NL,-0.312367098,ideal,1,-0.693841827,0,Organic Search,11,21
2009,0,NL,0.409210384,ideal,1,-0.693841827,0,Paid Search Branded,11,21
2010,0,NL,0.351484185,ideal,1,-0.693841827,0,Organic Search,11,21
2011,0,NL,1.30367783,ideal,0,-0.421307389,0,Paid Search Branded,11,22
2012,0,NL,-0.168340233,ideal,0,2.343799606,0,Campaigning,11,22
2013,1,NL,-0.312367098,ideal,1,-0.693841827,0,Paid Search Non-Branded,11,22
2014,0,NL,0.091427661,ideal,1,-0.693841827,0,Direct Access,11,22
2015,0,NL,-0.196914701,ideal,1,-0.693841827,0,Organic Search,11,22
2016,0,NL,-0.312367098,ideal,1,-0.693841827,0,Paid Search Non-Branded,11,22
2017,1,BE,-0.2257778,visa,1,-0.693841827,0,Paid Search Non-Branded,11,22
2018,0,NL,-0.463032476,ideal,0,-0.160504157,0,Paid Search Branded,11,22
2019,0,NL,-0.383947584,ideal,1,-0.693841827,0,Organic Search,11,22
2020,1,NL,-0.168340233,ideal,1,-0.693841827,1,Paid Search Branded,11,22
2021,1,NL,-0.600998091,ideal,1,-0.693841827,0,Paid Search Branded,11,22
2022,0,NL,0.091716292,ideal,1,-0.693841827,0,Paid Search Non-Branded,11,22
2023,1,NL,0.582100348,ideal,1,-0.693841827,0,Paid Search Branded,11,22
2024,0,NL,0.120579391,ideal,1,-0.693841827,0,Paid Search Branded,11,22
2025,0,NL,0.149153859,ideal,1,-0.693841827,0,Paid Search Non-Branded,11,22
2026,1,NL,-0.485545694,ideal,0,0.005461537,0,Direct Access,11,22
2027,0,NL,-0.312367098,ideal,1,-0.693841827,0,Paid Search Branded,11,22
2028,1,NL,2.573942828,ideal,0,0.912345503,0,Paid Search Non-Branded,11,22
2029,0,NL,0.293469356,ideal,0,-0.329433523,1,Direct Access,11,22
2030,0,NL,1.880939815,ideal,1,-0.693841827,0,Direct Access,11,22
2031,1,NL,1.015046837,ideal,1,-0.693841827,0,Paid Search Branded,11,22
2032,0,NL,0.091716292,ideal,0,-0.590236755,0,Paid Search Branded,11,23
2033,0,NL,-0.312367098,ideal,1,-0.693841827,0,Paid Search Branded,11,23
2034,0,NL,-0.069917064,ideal,1,-0.693841827,0,Direct Access,11,23
2035,1,NL,1.274814731,ideal,0,0.420375769,1,Campaigning,11,23
2036,0,NL,0.726415845,ideal,0,-0.009356829,1,Direct Access,11,0
2037,0,NL,2.342460772,ideal,0,0.832326329,0,Paid Search Branded,11,0
2038,0,NL,0.091716292,visa,0,2.240071048,0,Direct Access,11,0
2039,0,NL,-0.485545694,visa,1,-0.693841827,0,Direct Access,12,1
2040,1,NL,-1.06309631,ideal,0,-0.634691851,1,Paid Search Branded,12,2
2041,0,NL,-0.485545694,ideal,1,-0.693841827,0,Paid Search Branded,12,4
2042,1,NL,1.073061667,ideal,0,2.222289009,0,Direct Access,12,4
2043,1,NL,0.149153859,ideal,0,2.216361663,0,Direct Access,12,4
2044,0,NL,0.149153859,ideal,1,-0.693841827,0,Paid Search Branded,12,5
2045,0,NL,0.495799681,ideal,0,2.056323316,1,Direct Access,12,6
2046,0,NL,-0.918492183,ideal,1,-0.693841827,0,Paid Search Non-Branded,12,6
2047,0,NL,-1.005370111,ideal,1,-0.693841827,0,Campaigning,12,6
2048,1,NL,0.235743157,ideal,1,-0.693841827,1,Organic Search,12,7
2049,0,NL,0.120579391,visa,0,-0.231632311,0,Direct Access,12,7
2050,0,NL,-0.196914701,ideal,0,-0.400561677,0,Direct Access,12,7
2051,1,NL,-0.600998091,ideal,0,-0.00046581,0,Organic Search,12,7
2052,1,NL,-0.918492183,ideal,0,-0.305724138,0,Direct Access,12,7
2053,1,BE,-0.2257778,ideal,0,-0.628764505,0,Paid Search Branded,12,8
2054,0,NL,0.351484185,ideal,0,0.707852059,0,Paid Search Branded,12,8
2055,0,NL,-0.600998091,ideal,0,0.704888386,0,Direct Access,12,8
2056,0,NL,-0.312367098,ideal,0,1.463588698,0,Campaigning,12,8
2057,1,NL,-0.168051602,ideal,0,-0.599127774,0,Organic Search,12,8
2058,0,NL,-0.600998091,ideal,0,1.027928753,0,Campaigning,12,8
2059,0,NL,0.358411329,ideal,0,0.666360636,0,Paid Search Branded,12,8
2060,0,NL,-0.889917714,ideal,0,-0.320542504,0,Direct Access,12,8
2061,0,NL,0.091716292,ideal,0,0.4500125,0,Direct Access,12,8
2062,0,NL,0.351484185,ideal,1,-0.693841827,0,Direct Access,12,8
2063,0,NL,1.967817744,ideal,0,-0.119012733,1,Paid Search Branded,12,8
2064,0,NL,0.409210384,ideal,0,2.871333417,0,Paid Search Branded,12,8
2065,0,NL,-1.06309631,ideal,1,-0.693841827,0,Affiliate,12,9
2066,1,NL,-0.456682594,ideal,1,-0.693841827,0,Organic Search,12,9
2067,1,NL,0.437784852,ideal,0,-0.637655524,0,Organic Search,12,9
2068,0,NL,-0.572423622,ideal,0,1.39838789,0,Direct Access,12,9
2069,0,NL,-0.947643913,visa,1,-0.693841827,0,Campaigning,12,9
2070,1,NL,-0.428396757,ideal,0,0.144754172,0,Organic Search,12,9
2071,0,NL,0.149153859,ideal,1,-0.693841827,1,Paid Search Non-Branded,12,9
2072,0,NL,-0.600998091,ideal,1,-0.693841827,0,Paid Search Non-Branded,12,9
2073,1,NL,-0.28379263,ideal,0,1.937776393,0,Organic Search,12,9
2074,1,NL,0.062853192,ideal,0,1.179076081,0,Direct Access,12,9
2075,0,NL,0.062853192,ideal,0,1.81033845,0,Paid Search Branded,12,9
2076,1,NL,-0.745313587,ideal,0,0.257373749,0,Paid Search Branded,12,9
2077,0,NL,0.351484185,ideal,1,-0.693841827,0,Organic Search,12,9
2078,0,NL,3.150916183,ideal,0,1.410242582,0,Campaigning,12,9
2079,1,NL,-0.023736105,ideal,0,-0.282014753,1,Direct Access,12,9
2080,1,NL,-0.312367098,ideal,1,-0.693841827,0,Direct Access,12,9
2081,0,NL,-0.28379263,ideal,1,-0.693841827,1,Paid Search Non-Branded,12,10
2082,0,NL,0.035433248,visa,0,0.719706752,0,Campaigning,12,10
2083,1,NL,0.351484185,ideal,0,2.320090221,0,Paid Search Branded,12,10
2084,0,NL,-1.034233211,ideal,0,-0.510217581,0,Member-get-member,12,10
2085,0,NL,-0.456682594,ideal,0,3.11435461,0,Campaigning,12,10
2087,1,BE,-0.081462304,visa,1,-0.693841827,0,Paid Search Branded,12,10
2088,1,NL,0.986472369,ideal,0,2.732040781,0,Organic Search,12,10
2089,0,NL,-0.918492183,ideal,1,-0.693841827,0,Paid Search Non-Branded,12,10
2090,1,NL,-0.942159924,ideal,0,1.0338561,0,Direct Access,12,10
2091,0,BE,-0.196914701,ideal,0,-0.631728178,1,Organic Search,12,10
2092,0,NL,0.091716292,ideal,0,-0.427234735,0,Direct Access,12,10
2093,1,NL,0.207168689,ideal,0,-0.516144928,0,Paid Search Branded,12,10
2094,0,NL,0.235454526,ideal,0,2.314162875,0,Paid Search Non-Branded,12,10
2095,0,NL,-1.322864203,ideal,0,0.98643733,0,Affiliate,12,10
2096,1,NL,-0.456682594,ideal,0,1.143512004,0,Organic Search,12,11
2097,0,NL,0.184078209,ideal,0,-0.456871466,0,Direct Access,12,11
2098,0,NL,0.409210384,ideal,1,-0.693841827,0,Organic Search,12,11
2099,1,NL,0.697841376,ideal,1,-0.693841827,0,Paid Search Branded,12,11
2100,1,NL,-0.312367098,ideal,1,-0.693841827,0,Paid Search Branded,12,11
2101,1,NL,0.264894887,ideal,1,-0.693841827,0,Campaigning,12,11
2102,0,NL,-0.341230197,ideal,0,0.601159828,0,Direct Access,12,11
2103,1,NL,-0.531726652,ideal,1,-0.693841827,0,Paid Search Branded,12,11
2104,1,NL,0.668978277,ideal,0,-0.510217581,0,Campaigning,12,11
2105,0,NL,-0.168340233,ideal,0,0.479649231,0,Organic Search,12,11
2106,0,NL,2.443770251,ideal,0,0.719706752,0,Campaigning,12,11
2107,0,NL,0.207168689,ideal,0,0.944945907,0,Campaigning,12,11
2108,1,NL,0.207168689,ideal,0,-0.634691851,0,Affiliate,12,11
2109,0,NL,-0.2257778,ideal,0,-0.468726158,0,Paid Search Non-Branded,12,11
2110,0,NL,-1.03394458,ideal,1,-0.693841827,0,Direct Access,12,11
2111,0,NL,4.276865685,ideal,0,1.048674465,1,Organic Search,12,11
2112,0,NL,2.285311836,ideal,1,-0.693841827,0,Paid Search Branded,12,11
2113,0,NL,-1.294289735,ideal,1,-0.693841827,0,Direct Access,12,12
2114,0,NL,-0.600998091,ideal,0,0.749343483,0,Organic Search,12,12
2115,0,NL,-0.528840342,ideal,0,1.768847026,0,Campaigning,12,12
2116,0,NL,-0.023736105,ideal,0,3.013589725,0,Paid Search Branded,12,12
2117,1,NL,1.938954645,ideal,1,-0.693841827,1,Direct Access,12,12
2119,0,NL,0.207168689,ideal,0,-0.07752131,0,Direct Access,12,12
2120,0,NL,-0.572712253,ideal,1,-0.693841827,0,Organic Search,12,12
2121,0,NL,2.371901134,ideal,0,2.231180029,0,Paid Search Branded,12,12
2122,0,NL,1.419130227,ideal,0,1.087202215,0,Direct Access,12,12
2123,0,NL,-1.322864203,ideal,1,-0.693841827,0,Affiliate,12,12
2124,0,NL,-1.005370111,ideal,1,-0.693841827,0,Paid Search Branded,12,12
2125,1,NL,-0.832191516,ideal,1,-0.693841827,0,Organic Search,12,12
2126,0,NL,-0.052887836,ideal,1,-0.693841827,0,Direct Access,12,12
2127,0,NL,0.408633122,ideal,0,0.690070021,0,Organic Search,12,13
2128,0,NL,0.409210384,ideal,0,0.112153768,0,Paid Search Branded,12,13
2129,0,NL,0.264894887,ideal,0,0.832326329,0,Campaigning,12,13
2130,0,NL,0.062853192,ideal,0,0.532995347,1,Direct Access,12,13
2131,0,NL,-0.658724289,ideal,0,-0.471689831,1,Direct Access,12,13
2132,0,NL,-1.03394458,ideal,1,-0.693841827,0,Paid Search Non-Branded,12,13
2133,1,NL,0.293469356,ideal,0,-0.590236755,0,Paid Search Branded,12,13
2134,0,NL,-0.485545694,ideal,1,-0.693841827,0,Paid Search Branded,12,13
2135,0,NL,-0.745313587,ideal,0,2.053359643,0,Organic Search,12,13
2136,1,NL,0.553237249,ideal,0,-0.557636351,0,Direct Access,12,13
2137,0,NL,0.120579391,ideal,1,-0.693841827,0,Paid Search Non-Branded,12,13
2138,0,NL,-0.2257778,ideal,1,-0.693841827,0,Direct Access,12,13
2139,1,NL,-0.861054615,ideal,0,-0.11604906,0,Direct Access,12,13
2141,1,NL,-0.485545694,ideal,0,-0.631728178,0,Campaigning,12,14
2142,0,NL,-0.312367098,ideal,0,-0.139758445,0,Paid Search Branded,12,14
2143,0,NL,-1.03394458,visa,0,1.703646218,0,Paid Search Non-Branded,12,14
2144,0,NL,1.130787865,ideal,0,0.340356596,0,Paid Search Branded,12,14
2145,0,NL,-0.485545694,ideal,0,2.37640001,0,Paid Search Branded,12,14
2146,0,NL,-0.889917714,visa,1,-0.693841827,0,Paid Search Branded,12,14
2147,0,BE,-0.514697424,visa,1,-0.693841827,0,Paid Search Non-Branded,12,14
2148,1,NL,-0.832191516,ideal,0,-0.634691851,0,Paid Search Branded,12,14
2149,0,NL,-0.676042149,ideal,0,0.070662345,1,Paid Search Branded,12,14
2150,0,NL,-1.03394458,ideal,1,-0.693841827,0,Paid Search Branded,12,14
2151,1,NL,-1.149685608,ideal,1,-0.693841827,0,Paid Search Branded,12,14
2152,1,NL,-0.485545694,ideal,0,0.657469617,0,Paid Search Branded,12,14
2153,0,NL,-0.774465317,ideal,0,-0.590236755,0,Paid Search Branded,12,14
2154,1,NL,-0.197203332,ideal,1,-0.693841827,1,Paid Search Branded,12,14
2155,0,NL,0.783853412,ideal,0,-0.119012733,0,Direct Access,12,14
2156,0,NL,0.726415845,ideal,0,1.131657312,0,Paid Search Branded,12,14
2157,1,NL,-1.294289735,ideal,0,0.817507964,0,Paid Search Branded,12,14
2158,0,NL,-0.861343246,ideal,1,-0.693841827,0,Paid Search Branded,12,14
2159,0,NL,0.207168689,visa,0,0.571523097,0,Paid Search Branded,12,14
2160,0,NL,-0.081462304,ideal,1,-0.693841827,0,Direct Access,12,14
2161,1,NL,0.004838363,ideal,1,-0.693841827,0,Organic Search,12,14
2162,0,NL,-1.322864203,ideal,1,-0.693841827,0,Direct Access,12,14
2163,0,NL,-1.03394458,ideal,1,-0.693841827,0,Direct Access,12,14
2165,0,NL,-0.600998091,ideal,0,-0.516144928,0,Campaigning,12,14
2166,0,NL,0.784430674,ideal,0,-0.587273082,0,Organic Search,12,15
2167,0,NL,-0.456682594,visa,0,1.253167908,0,Direct Access,12,15
2168,0,BE,-0.918492183,visa,0,0.100299076,0,Paid Search Branded,12,15
2169,1,NL,0.149153859,ideal,1,-0.693841827,1,Direct Access,12,15
2170,1,NL,0.062853192,ideal,0,-0.622837159,1,Paid Search Branded,12,15
2171,0,NL,-0.312367098,ideal,1,-0.693841827,0,Paid Search Branded,12,15
2172,0,NL,0.120579391,ideal,1,-0.693841827,0,Organic Search,12,15
2173,0,NL,-0.485545694,ideal,0,1.392460544,1,Organic Search,12,15
2174,1,NL,1.101924766,ideal,1,-0.693841827,0,Paid Search Branded,12,15
2175,1,NL,-0.168340233,ideal,0,-0.628764505,0,Paid Search Branded,12,15
2176,0,NL,-0.284081261,ideal,0,2.859478724,0,Paid Search Branded,12,15
2177,0,NL,0.380058653,ideal,0,2.195615952,0,Organic Search,12,15
2178,0,NL,-0.918492183,ideal,1,-0.693841827,0,Paid Search Branded,12,15
2179,0,NL,-0.658724289,ideal,1,-0.693841827,0,Paid Search Branded,12,15
2180,0,NL,-1.4671797,ideal,0,-0.569491043,0,Paid Search Branded,12,15
2181,0,NL,0.033412831,ideal,1,-0.693841827,0,Direct Access,12,15
2182,0,NL,-0.052599205,ideal,0,-0.391670658,0,Paid Search Branded,12,15
2183,1,NL,1.130787865,ideal,0,-0.599127774,1,Paid Search Branded,12,15
2185,1,NL,-1.03394458,ideal,1,-0.693841827,0,Paid Search Branded,12,15
2186,1,NL,-0.081750935,ideal,1,-0.693841827,0,Paid Search Branded,12,15
2187,0,NL,0.264894887,ideal,0,0.275155788,0,Paid Search Branded,12,15
2188,0,NL,-0.2257778,ideal,0,-0.456871466,0,Direct Access,12,15
2189,0,NL,-1.178260076,ideal,1,-0.693841827,0,Organic Search,12,15
2190,1,NL,0.452505033,ideal,0,-0.637655524,0,Paid Search Non-Branded,12,15
2191,0,NL,0.091716292,ideal,0,-0.021211521,0,Paid Search Branded,12,16
2192,1,NL,0.091716292,ideal,1,-0.693841827,0,Paid Search Branded,12,16
2193,0,NL,0.640115178,ideal,1,-0.693841827,0,Campaigning,12,16
2194,1,NL,-0.023736105,ideal,0,0.538922693,1,Direct Access,12,16
2195,0,NL,-1.322864203,visa,1,-0.693841827,0,Paid Search Branded,12,16
2196,0,NL,-0.254640899,ideal,0,2.29934451,0,Organic Search,12,16
2197,0,BE,-0.889917714,visa,0,0.316647211,0,Organic Search,12,16
2198,0,NL,3.093478615,ideal,0,2.085960047,1,Direct Access,12,16
2199,1,NL,-0.2257778,ideal,1,-0.693841827,0,Direct Access,12,16
2200,0,NL,-1.005370111,ideal,0,0.793798579,0,Organic Search,12,16
2201,0,NL,0.149153859,ideal,0,1.582135622,0,Campaigning,12,16
2202,1,NL,-0.197203332,ideal,0,1.72439193,1,Paid Search Non-Branded,12,16
2203,0,NL,-0.023736105,ideal,0,0.891599791,0,Campaigning,12,16
2204,1,NL,-0.600998091,ideal,0,0.192172941,0,Direct Access,12,16
2205,1,NL,-0.600998091,visa,0,2.180797586,0,Paid Search Branded,12,16
2207,1,BE,-0.600998091,visa,0,-0.095303349,0,Campaigning,12,16
2208,1,NL,0.120579391,ideal,0,2.491983261,0,Paid Search Branded,12,16
2209,0,NL,-0.572423622,ideal,0,3.03729911,0,Organic Search,12,16
2210,0,NL,1.592020191,ideal,1,-0.693841827,0,Direct Access,12,16
2211,0,NL,-1.4671797,ideal,0,1.955558431,0,Direct Access,12,16
2212,0,NL,0.409210384,ideal,1,-0.693841827,0,Paid Search Branded,12,16
2213,0,NL,-0.2257778,ideal,0,-0.332397196,0,Organic Search,12,16
2214,0,NL,2.025255311,visa,0,0.212918653,0,Paid Search Branded,12,17
2215,0,NL,0.091716292,ideal,1,-0.693841827,0,Paid Search Non-Branded,12,17
2216,0,NL,-0.485545694,ideal,1,-0.693841827,0,Paid Search Branded,12,17
2217,0,NL,-1.03394458,ideal,0,-0.634691851,0,Paid Search Non-Branded,12,17
2218,0,NL,-0.312367098,ideal,1,-0.693841827,0,Direct Access,12,17
2219,0,NL,0.264606256,ideal,1,-0.693841827,0,Paid Search Non-Branded,12,17
2220,0,NL,0.120579391,ideal,1,-0.693841827,0,Paid Search Non-Branded,12,17
2221,0,NL,-0.312655729,ideal,1,-0.693841827,1,Organic Search,12,17
2222,0,NL,0.120579391,ideal,1,-0.693841827,0,Paid Search Branded,12,17
2223,0,NL,-0.745602218,ideal,0,-0.270160061,0,Paid Search Branded,12,17
2224,1,NL,-0.312367098,ideal,1,-0.693841827,0,Paid Search Non-Branded,12,17
2225,1,BE,0.409210384,visa,1,-0.693841827,1,Paid Search Non-Branded,12,17
2226,0,NL,-0.889917714,ideal,1,-0.693841827,0,Paid Search Branded,12,17
2227,0,NL,0.149153859,ideal,0,0.847144695,1,Paid Search Branded,12,17
2228,0,NL,0.120579391,ideal,0,0.61301452,0,Paid Search Branded,12,17
2229,0,NL,-0.889629083,ideal,0,-0.394634331,0,Direct Access,12,17
2230,0,NL,-0.630149821,ideal,1,-0.693841827,0,Paid Search Branded,12,17
2231,0,NL,-0.918492183,ideal,1,-0.693841827,0,Paid Social,12,18
2232,0,NL,-0.774465317,ideal,0,-0.631728178,0,Paid Search Branded,12,18
2233,0,NL,-0.456682594,ideal,0,-0.199031907,0,Direct Access,12,18
2234,0,NL,0.120579391,ideal,0,1.250204235,0,Paid Search Branded,12,18
2235,1,NL,-1.085898158,ideal,1,-0.693841827,0,Affiliate,12,18
2236,1,NL,-0.918492183,ideal,0,-0.139758445,0,Paid Search Branded,12,18
2237,0,NL,0.409210384,ideal,0,1.107947927,0,Direct Access,12,18
2238,1,NL,-0.139765764,ideal,1,-0.693841827,0,Paid Search Branded,12,18
2239,0,NL,-0.2257778,ideal,1,-0.693841827,0,Paid Search Non-Branded,12,18
2240,1,NL,0.120579391,ideal,0,1.442842986,0,Paid Search Branded,12,19
2241,0,NL,-0.312367098,ideal,0,0.322574557,0,Organic Search,12,19
2242,0,NL,-0.600998091,ideal,0,1.68586418,0,Paid Search Branded,12,19
2243,0,NL,1.101924766,ideal,0,1.730319276,0,Paid Search Branded,12,19
2244,0,NL,-0.889629083,ideal,1,-0.693841827,0,Paid Search Branded,12,19
2245,1,NL,-0.2257778,ideal,0,0.470758212,1,Paid Search Branded,12,19
2246,0,NL,-1.03394458,ideal,1,-0.693841827,0,Direct Access,12,19
2247,0,NL,-0.889917714,ideal,0,-0.628764505,0,Affiliate,12,19
2248,0,NL,-0.2257778,ideal,0,0.435194135,0,Organic Search,12,19
2249,0,NL,-0.514697424,ideal,1,-0.693841827,0,Affiliate,12,19
2251,0,NL,-0.2257778,ideal,1,-0.693841827,0,Campaigning,12,19
2252,1,NL,0.437496221,ideal,1,-0.693841827,1,Organic Search,12,19
2253,0,NL,-0.024313367,visa,0,1.250204235,1,Organic Search,12,19
2254,0,NL,-0.024024736,ideal,1,-0.693841827,0,Direct Access,12,20
2255,0,NL,-0.456682594,ideal,0,1.733282949,1,Direct Access,12,20
2256,1,NL,-0.600998091,ideal,0,-0.602091447,0,Campaigning,12,20
2257,0,NL,-0.918492183,ideal,1,-0.693841827,0,Paid Search Non-Branded,12,20
2258,0,NL,-0.456682594,ideal,0,0.038061941,0,Paid Search Branded,12,20
2259,1,NL,-0.168340233,ideal,1,-0.693841827,0,Paid Search Branded,12,20
2260,0,NL,0.409210384,ideal,1,-0.693841827,0,Paid Search Non-Branded,12,20
2261,0,BE,0.091716292,visa,1,-0.693841827,0,Paid Social,12,20
2262,1,BE,-0.312367098,visa,1,-0.693841827,0,Paid Search Non-Branded,12,20
2263,0,NL,2.083270141,visa,0,-0.427234735,0,Direct Access,12,20
2264,1,NL,-0.081462304,ideal,1,-0.693841827,0,Paid Search Branded,12,20
2265,0,NL,2.747121424,visa,0,1.931849046,0,Campaigning,12,20
2267,0,NL,-0.485545694,ideal,1,-0.693841827,1,Paid Search Branded,12,20
2268,1,NL,-0.485545694,ideal,1,-0.693841827,0,Direct Access,12,20
2269,0,NL,-0.485545694,ideal,1,-0.693841827,0,Display,12,20
2270,1,NL,-0.456682594,ideal,1,-0.693841827,0,Paid Search Branded,12,20
2271,1,NL,-0.081462304,ideal,1,-0.693841827,0,Paid Search Non-Branded,12,20
2272,1,NL,-0.312367098,ideal,0,1.027928753,0,Paid Search Branded,12,20
2273,1,NL,0.091427661,ideal,0,0.758234502,0,Paid Search Branded,12,20
2274,0,NL,0.06227593,ideal,0,-0.584309409,1,Paid Search Branded,12,20
2275,1,NL,-0.168051602,ideal,0,0.180318249,0,Campaigning,12,20
2276,1,NL,0.437784852,ideal,0,0.627832886,0,Campaigning,12,20
2277,1,NL,-0.312367098,ideal,1,-0.693841827,0,Organic Search,12,20
2278,1,NL,-0.210191727,ideal,0,2.189688605,0,Paid Search Branded,12,20
2279,0,NL,-0.2257778,ideal,0,2.284526144,1,Paid Search Branded,12,21
2280,1,NL,0.755278944,ideal,0,0.272192115,0,Organic Search,12,21
2281,0,NL,-1.03394458,ideal,1,-0.693841827,0,Direct Access,12,21
2282,0,NL,-0.312367098,ideal,1,-0.693841827,0,Paid Search Non-Branded,12,21
2284,0,NL,-0.312367098,ideal,0,-0.110121714,0,Organic Search,12,21
2285,0,BE,1.794639148,visa,0,2.426782453,1,Direct Access,12,21
2286,1,NL,-0.139477133,ideal,0,0.310719865,0,Paid Search Branded,12,21
2287,0,NL,0.004838363,ideal,0,-0.48058085,0,Paid Search Branded,12,21
2288,0,NL,-0.160835827,ideal,0,0.651542271,0,Paid Search Branded,12,21
2289,0,NL,-0.052887836,ideal,1,-0.693841827,0,Direct Access,12,21
2290,0,NL,-0.053176467,ideal,1,-0.693841827,1,Paid Search Branded,12,21
2291,1,BE,0.524662781,visa,1,-0.693841827,0,Paid Search Branded,12,21
2292,0,NL,0.524662781,ideal,0,1.016074061,0,Campaigning,12,21
2293,0,NL,-0.745602218,ideal,0,3.043226456,0,Display,12,22
2294,0,NL,1.245951631,ideal,1,-0.693841827,0,Direct Access,12,22
2295,1,NL,-0.658724289,ideal,1,-0.693841827,1,Direct Access,12,22
2296,1,NL,-0.312367098,ideal,0,1.943703739,0,Paid Search Non-Branded,12,22
2297,1,NL,0.293180725,ideal,1,-0.693841827,0,Paid Search Branded,12,22
2298,1,NL,-0.918492183,ideal,1,-0.693841827,1,Paid Search Branded,12,22
2299,1,NL,-1.524905898,ideal,1,-0.693841827,0,Affiliate,12,22
2300,1,NL,-0.023736105,ideal,1,-0.693841827,0,Direct Access,12,22
2301,0,NL,-0.889917714,ideal,1,-0.693841827,0,Paid Search Non-Branded,12,22
2302,0,NL,-0.774465317,ideal,1,-0.693841827,0,Paid Search Non-Branded,12,22
2303,1,NL,0.149153859,ideal,1,-0.693841827,1,Paid Search Branded,12,23
2304,0,NL,-1.322864203,ideal,0,1.795520084,0,Campaigning,12,23
2305,0,NL,-1.03394458,ideal,1,-0.693841827,0,Paid Search Branded,12,23
2306,0,NL,-0.67055816,ideal,1,-0.693841827,0,Direct Access,12,23
2307,0,NL,-0.889629083,ideal,0,0.17142723,0,Direct Access,12,23
2308,0,NL,-1.03394458,visa,0,1.39838789,0,Campaigning,12,23
2309,0,NL,0.351484185,ideal,0,0.835290002,0,Paid Search Branded,12,0
2310,1,NL,0.351484185,ideal,1,-0.693841827,0,Paid Search Branded,12,0
2311,1,NL,0.091427661,ideal,1,-0.693841827,0,Paid Search Non-Branded,13,1
2313,0,NL,-0.658724289,ideal,0,2.334908587,1,Paid Search Branded,13,1
2314,0,NL,-0.024313367,ideal,0,0.029170921,0,Paid Search Non-Branded,13,2
2315,0,BE,-1.03394458,visa,1,-0.693841827,0,Organic Search,13,3
2316,0,NL,0.264894887,ideal,0,-0.213850272,0,Paid Search Branded,13,5
2317,0,NL,-0.832191516,ideal,1,-0.693841827,0,Paid Search Non-Branded,13,5
2318,1,NL,-0.658724289,ideal,0,-0.608018793,0,Paid Search Branded,13,5
2319,0,NL,-0.774465317,ideal,0,-0.474653504,0,Paid Search Branded,13,7
2320,1,NL,0.256235958,ideal,0,1.119802619,0,Paid Search Branded,13,7
2321,1,NL,-1.005370111,ideal,1,-0.693841827,0,Paid Search Branded,13,7
2322,1,NL,-0.332571267,ideal,1,-0.693841827,0,Campaigning,13,8
2323,1,NL,0.264606256,ideal,1,-0.693841827,0,Paid Search Branded,13,8
2324,1,NL,0.207168689,ideal,0,1.238349543,0,Paid Search Branded,13,8
2325,0,NL,0.062853192,ideal,0,0.894563464,0,Direct Access,13,8
2326,0,NL,-0.861631877,ideal,1,-0.693841827,0,Paid Search Branded,13,8
2327,0,NL,0.409210384,ideal,0,1.656227449,0,Paid Search Branded,13,9
2328,0,NL,-0.457259856,ideal,0,0.568559424,0,Organic Search,13,9
2329,1,NL,-0.197203332,ideal,1,-0.693841827,1,Direct Access,13,9
2330,0,NL,-0.052887836,ideal,1,-0.693841827,1,Paid Search Branded,13,9
2331,0,NL,-0.312367098,ideal,1,-0.693841827,0,Paid Search Branded,13,9
2332,1,NL,0.697841376,ideal,0,0.648578598,0,Campaigning,13,9
2333,0,BE,-0.312367098,ideal,0,0.029170921,1,Direct Access,13,9
2334,0,NL,-0.586566541,ideal,1,-0.693841827,0,Member-get-member,13,9
2335,0,NL,-0.34209609,ideal,0,1.519898487,0,Paid Search Branded,13,10
2336,1,NL,-0.600998091,ideal,0,-0.610982467,0,Campaigning,13,10
2337,0,NL,1.708049851,ideal,0,0.832326329,0,Paid Search Branded,13,10
2338,0,NL,-0.196914701,ideal,0,0.562632078,0,Paid Social,13,10
2339,0,NL,-0.2257778,ideal,0,1.07238385,0,Paid Search Branded,13,10
2340,1,NL,-0.485545694,ideal,1,-0.693841827,0,Organic Search,13,10
2341,1,NL,-0.485545694,ideal,1,-0.693841827,0,Organic Search,13,10
2342,0,NL,-0.456971225,ideal,1,-0.693841827,0,Direct Access,13,10
2343,0,NL,-0.485545694,ideal,1,-0.693841827,0,Affiliate,13,10
2344,0,NL,-0.658724289,visa,0,2.020759239,0,Paid Search Branded,13,10
2345,0,NL,1.361692659,ideal,0,2.898006474,0,Campaigning,13,10
2346,1,BE,0.236031788,visa,1,-0.693841827,0,Paid Search Branded,13,11
2347,1,NL,0.380058653,ideal,0,-0.350179234,1,Paid Search Branded,13,11
2348,1,NL,-0.2257778,ideal,0,-0.027138867,0,Paid Search Branded,13,11
2349,0,BE,-0.052599205,ideal,0,0.198100288,0,Paid Search Branded,13,11
2350,0,NL,-1.322864203,ideal,0,1.831084161,0,Paid Search Branded,13,11
2351,0,NL,0.062853192,visa,0,2.91282484,0,Direct Access,13,11
2352,1,BE,0.207168689,visa,0,-0.643582871,0,Paid Search Branded,13,11
2353,1,NL,0.559009869,ideal,1,-0.693841827,0,Organic Search,13,11
2354,0,NL,0.639826547,ideal,0,2.311199202,0,Paid Search Non-Branded,13,11
2355,1,NL,0.409210384,ideal,1,-0.693841827,0,Paid Search Branded,13,11
2356,0,NL,0.062853192,ideal,0,-0.492435543,1,Paid Search Branded,13,11
2357,1,NL,3.439835806,ideal,0,-0.619873486,0,Paid Search Branded,13,11
2358,1,NL,-1.322864203,ideal,1,-0.693841827,0,Paid Search Non-Branded,13,11
2359,1,NL,-1.322575572,ideal,0,-0.347215561,0,Direct Access,13,11
2360,0,NL,0.091716292,ideal,0,-0.234595984,0,Organic Search,13,11
2361,0,NL,-0.739829598,ideal,0,-0.637655524,0,Organic Search,13,11
2363,0,NL,-0.889629083,ideal,0,0.340356596,0,Organic Search,13,11
2365,0,NL,-1.142181202,ideal,0,0.921236522,0,Campaigning,13,12
2366,1,NL,1.384783139,ideal,0,2.026686585,1,Campaigning,13,12
2367,1,NL,0.841579611,ideal,1,-0.693841827,1,Direct Access,13,12
2368,1,NL,0.697841376,ideal,0,1.211676485,0,Organic Search,13,12
2369,0,NL,1.909802914,ideal,0,2.379363683,1,Affiliate,13,12
2370,0,NL,-0.312367098,ideal,0,-0.465762485,0,Direct Access,13,12
2371,0,NL,-0.312367098,ideal,0,-0.465762485,0,Direct Access,13,12
2372,1,BE,-0.196914701,visa,1,-0.693841827,0,Paid Search Non-Branded,13,12
2373,0,NL,0.207168689,ideal,1,-0.693841827,0,Paid Search Branded,13,12
2374,0,BE,1.967529113,visa,1,-0.693841827,0,Direct Access,13,13
2375,0,NL,-1.03394458,ideal,1,-0.693841827,0,Paid Search Non-Branded,13,13
2376,1,NL,0.149153859,ideal,0,0.992364676,0,Paid Search Branded,13,13
2377,0,NL,-0.803328417,ideal,1,-0.693841827,0,Paid Search Branded,13,13
2378,1,NL,0.351484185,ideal,0,-0.548745332,0,Organic Search,13,13
2379,0,NL,-0.28379263,ideal,1,-0.693841827,0,Paid Search Branded,13,13
2380,0,NL,0.149153859,ideal,0,-0.628764505,0,Paid Search Branded,13,13
2381,1,NL,0.264606256,ideal,0,-0.133831099,0,Paid Search Branded,13,13
2382,0,NL,-1.409453501,ideal,1,-0.693841827,0,Paid Search Branded,13,14
2383,1,NL,0.120579391,ideal,1,-0.693841827,0,Organic Search,13,14
2384,1,NL,-0.745313587,ideal,1,-0.693841827,0,Direct Access,13,14
2385,0,NL,-0.308037633,ideal,0,1.318368716,0,Campaigning,13,14
2386,1,NL,0.92874617,ideal,1,-0.693841827,0,Paid Search Branded,13,14
2387,1,NL,-1.03394458,ideal,1,-0.693841827,0,Organic Search,13,14
2388,0,NL,0.870731341,ideal,0,0.343320269,0,Direct Access,13,14
2389,0,NL,0.409210384,ideal,1,-0.693841827,0,Paid Search Non-Branded,13,14
2390,1,NL,0.293469356,ideal,0,1.922958027,0,Paid Search Branded,13,14
2392,0,NL,0.120579391,ideal,1,-0.693841827,1,Organic Search,13,14
2393,0,NL,1.958870183,ideal,0,2.032613931,0,Affiliate,13,14
2394,0,NL,-0.889629083,ideal,0,-0.036029887,0,Paid Search Branded,13,14
2395,0,NL,1.534582624,ideal,0,1.377642178,1,Campaigning,13,14
2396,0,NL,-1.03394458,ideal,1,-0.693841827,0,Paid Search Branded,13,14
2397,1,NL,0.409210384,visa,0,0.331465577,0,Organic Search,13,14
2399,0,NL,1.794639148,ideal,0,1.703646218,0,Paid Search Branded,13,15
2401,1,NL,-1.034233211,ideal,1,-0.693841827,0,Organic Search,13,15
2402,0,NL,0.091716292,ideal,1,-0.693841827,0,Direct Access,13,15
2403,0,NL,-0.658724289,ideal,1,-0.693841827,0,Paid Search Non-Branded,13,15
2404,0,NL,0.149153859,ideal,1,-0.693841827,0,Direct Access,13,15
2405,0,NL,-1.03394458,ideal,1,-0.693841827,0,Paid Search Branded,13,15
2406,0,NL,-0.531726652,ideal,0,1.220567504,1,Direct Access,13,15
2407,0,NL,0.207168689,ideal,1,-0.693841827,0,Affiliate,13,15
2408,0,NL,0.12029076,ideal,1,-0.693841827,0,Organic Search,13,15
2409,1,NL,-0.658724289,ideal,0,-0.634691851,0,Paid Search Branded,13,15
2410,1,NL,-1.03394458,ideal,1,-0.693841827,0,Paid Search Non-Branded,13,15
2411,0,NL,-0.630149821,ideal,0,1.22649485,0,Paid Search Branded,13,15
2412,0,NL,0.091427661,ideal,0,2.646094262,0,Paid Search Branded,13,15
2413,1,NL,-0.197203332,ideal,1,-0.693841827,0,Paid Search Branded,13,15
2414,0,NL,0.120579391,visa,1,-0.693841827,0,Affiliate,13,15
2415,0,NL,-0.456682594,ideal,1,-0.693841827,0,Organic Search,13,16
2416,0,NL,-0.658724289,ideal,1,-0.693841827,0,Direct Access,13,16
2417,0,NL,-0.600998091,ideal,1,-0.693841827,0,Paid Search Branded,13,16
2418,0,NL,0.120579391,ideal,1,-0.693841827,0,Affiliate,13,16
2419,0,NL,1.101924766,ideal,0,-0.065666618,0,Direct Access,13,16
2420,0,NL,-0.370670559,ideal,1,-0.693841827,0,Direct Access,13,16
2421,0,NL,1.967817744,ideal,0,-0.619873486,1,Organic Search,13,16
2422,1,NL,-0.168340233,ideal,0,0.156608864,0,Paid Search Branded,13,16
2423,0,NL,0.668401015,ideal,1,-0.693841827,0,Paid Search Branded,13,16
2424,0,NL,1.275103362,ideal,1,-0.693841827,0,Paid Search Branded,13,16
2425,0,NL,0.351484185,ideal,1,-0.693841827,0,Paid Search Non-Branded,13,16
2426,1,NL,0.004838363,ideal,0,-0.418343716,0,Direct Access,13,16
2427,0,NL,-1.03394458,visa,0,0.527068001,0,Direct Access,13,16
2428,0,NL,-0.312367098,visa,0,0.343320269,0,Member-get-member,13,16
2429,1,NL,-1.03394458,ideal,0,1.250204235,0,Paid Search Branded,13,16
2430,0,NL,-0.485545694,ideal,1,-0.693841827,0,Paid Search Branded,13,16
2431,0,NL,-0.2257778,ideal,1,-0.693841827,0,Paid Search Non-Branded,13,16
2432,1,BE,0.697841376,visa,1,-0.693841827,0,Paid Search Non-Branded,13,16
2433,0,NL,-0.456682594,ideal,1,-0.693841827,0,Direct Access,13,16
2434,0,NL,-0.600998091,ideal,1,-0.693841827,0,Paid Search Branded,13,16
2435,0,NL,0.726415845,ideal,1,-0.693841827,0,Organic Search,13,16
2436,1,NL,-0.28379263,ideal,1,-0.693841827,0,Paid Search Branded,13,16
2437,0,NL,0.697264114,ideal,1,-0.693841827,1,Paid Search Branded,13,17
2438,1,NL,-0.456682594,ideal,1,-0.693841827,0,Paid Search Non-Branded,13,17
2439,1,NL,-1.03394458,ideal,0,0.106226422,1,Paid Search Branded,13,17
2440,0,NL,-0.081462304,ideal,1,-0.693841827,0,Paid Search Branded,13,17
2441,1,NL,0.55352588,visa,0,2.654985281,0,Paid Search Non-Branded,13,17
2442,0,BE,0.120579391,visa,0,0.725634098,1,Direct Access,13,17
2443,0,NL,-0.601286722,visa,1,-0.693841827,1,Organic Search,13,17
2444,1,NL,2.169570808,ideal,0,1.297623005,0,Paid Search Branded,13,17
2445,1,NL,-0.370381928,ideal,1,-0.693841827,0,Organic Search,13,17
2446,0,NL,-1.03394458,ideal,0,1.9259217,0,Affiliate,13,17
2447,0,NL,-0.312367098,ideal,0,0.506322289,0,Paid Search Branded,13,17
2448,0,NL,1.822924986,ideal,1,-0.693841827,0,Paid Search Non-Branded,13,17
2449,0,NL,-0.659301551,ideal,1,-0.693841827,0,Paid Search Branded,13,17
2450,1,NL,3.237794112,ideal,0,-0.56652737,0,Paid Search Branded,13,17
2451,0,NL,1.303966461,ideal,1,-0.693841827,1,Direct Access,13,17
2452,0,NL,-0.456682594,visa,0,1.217603831,0,Campaigning,13,17
2453,1,NL,0.409210384,visa,1,-0.693841827,0,Paid Search Branded,13,17
2454,0,NL,-1.03394458,ideal,1,-0.693841827,0,Organic Search,13,17
2455,1,BE,1.823502248,visa,1,-0.693841827,0,Paid Search Non-Branded,13,18
2456,0,NL,-0.572423622,ideal,1,-0.693841827,0,Direct Access,13,18
2457,0,NL,-0.393761038,ideal,1,-0.693841827,0,Paid Search Branded,13,18
2459,1,NL,-0.774465317,ideal,1,-0.693841827,0,Paid Search Branded,13,18
2460,0,NL,-0.658724289,ideal,0,1.531753179,0,Paid Search Branded,13,18
2461,0,NL,0.409210384,visa,0,0.941982234,1,Paid Search Branded,13,18
2462,0,NL,-1.322864203,ideal,0,1.531753179,0,Paid Search Branded,13,18
2463,0,NL,0.409210384,ideal,1,-0.693841827,0,Direct Access,13,18
2464,0,NL,-0.341230197,visa,1,-0.693841827,0,Paid Search Branded,13,18
2465,0,NL,0.437784852,ideal,0,1.493225429,0,Paid Search Branded,13,18
2466,0,NL,-1.4671797,ideal,1,-0.693841827,0,Direct Access,13,18
2467,0,NL,-0.600998091,ideal,0,0.017316229,0,Direct Access,13,18
2468,1,NL,0.409210384,visa,1,-0.693841827,0,Paid Search Branded,13,18
2469,0,NL,-1.322864203,ideal,1,-0.693841827,0,Paid Search Branded,13,19
2470,1,NL,0.437784852,ideal,0,0.038061941,0,Paid Search Branded,13,19
2471,0,NL,3.439835806,ideal,0,-0.4420531,0,Member-get-member,13,19
2472,1,NL,-0.2257778,ideal,0,1.116838946,0,Campaigning,13,19
2473,0,BE,-0.485545694,visa,0,-0.412416369,0,Paid Search Branded,13,19
2475,1,NL,-0.28379263,ideal,0,-0.637655524,1,Paid Search Branded,13,19
2476,0,NL,-0.341518828,ideal,0,-0.640619197,0,Paid Search Branded,13,19
2477,0,NL,1.852365347,ideal,0,2.038541278,0,Paid Search Branded,13,19
2478,1,NL,-0.456682594,ideal,1,-0.693841827,0,Direct Access,13,19
2479,0,NL,0.120579391,ideal,0,1.392460544,0,Paid Search Branded,13,19
2480,0,NL,-0.196914701,ideal,1,-0.693841827,0,Direct Access,13,19
2481,0,NL,0.120579391,ideal,1,-0.693841827,0,Paid Search Branded,13,19
2482,1,NL,0.206880058,ideal,1,-0.693841827,0,Paid Search Branded,13,19
2483,0,NL,-0.485545694,ideal,0,1.054601811,0,Paid Search Non-Branded,13,19
2485,0,NL,-0.196914701,ideal,0,2.400109395,0,Direct Access,13,19
2486,1,NL,0.120579391,ideal,1,-0.693841827,0,Paid Search Branded,13,20
2487,1,NL,-0.312367098,ideal,1,-0.693841827,0,Paid Search Branded,13,20
2488,0,NL,2.429627332,ideal,1,-0.693841827,1,Organic Search,13,20
2489,0,NL,0.697841376,ideal,0,1.899248642,0,Paid Search Branded,13,20
2490,1,NL,-0.601286722,ideal,0,-0.548745332,0,Direct Access,13,20
2491,0,NL,-0.832191516,ideal,0,0.426303116,0,Direct Access,13,20
2492,0,NL,-0.2257778,ideal,0,0.808616945,0,Paid Search Non-Branded,13,20
2493,1,NL,-1.03394458,visa,1,-0.693841827,0,Direct Access,13,20
2494,1,NL,-0.052599205,ideal,1,-0.693841827,0,Organic Search,13,20
2495,0,NL,-1.03394458,ideal,1,-0.693841827,0,Organic Search,13,20
2496,0,NL,0.351195554,ideal,0,2.379363683,0,Paid Search Non-Branded,13,20
2497,1,NL,0.120579391,ideal,0,1.022001407,0,Campaigning,13,20
2498,0,NL,-0.918492183,ideal,1,-0.693841827,0,Paid Search Branded,13,20
2499,1,NL,-0.196914701,ideal,0,1.128693638,0,Paid Search Branded,13,20
2500,1,NL,0.120579391,ideal,1,-0.693841827,1,Paid Search Non-Branded,13,20
2501,1,NL,0.120579391,ideal,1,-0.693841827,0,Paid Search Branded,13,21
2502,0,NL,-0.110614034,ideal,1,-0.693841827,0,Paid Search Branded,13,21
2503,0,NL,-0.600998091,ideal,0,1.042747119,0,Paid Search Branded,13,21
2504,1,NL,-0.081462304,visa,1,-0.693841827,0,Paid Search Non-Branded,13,21
2505,0,NL,-0.485545694,ideal,1,-0.693841827,1,Paid Search Branded,13,21
2506,0,NL,-0.861343246,ideal,1,-0.693841827,0,Direct Access,13,21
2507,1,NL,-1.077816491,ideal,1,-0.693841827,0,Direct Access,13,21
2508,1,NL,-0.139765764,ideal,0,-0.637655524,0,Organic Search,13,21
2509,0,NL,-0.918492183,ideal,0,1.72439193,0,Paid Search Branded,13,21
2510,0,NL,0.236031788,ideal,1,-0.693841827,0,Paid Search Branded,13,21
2511,0,NL,0.264606256,ideal,1,-0.693841827,0,Paid Search Branded,13,21
2512,0,BE,-1.322864203,visa,1,-0.693841827,0,Direct Access,13,21
2513,1,NL,1.534871255,ideal,1,-0.693841827,0,Paid Search Non-Branded,13,21
2514,1,NL,0.004838363,ideal,0,0.912345503,0,Paid Search Branded,13,21
2515,0,NL,-0.110902665,ideal,0,0.144754172,0,Direct Access,13,22
2516,1,NL,-0.658724289,ideal,0,0.281083134,0,Organic Search,13,22
2517,0,NL,0.206880058,ideal,1,-0.693841827,0,Direct Access,13,22
2518,1,NL,-0.658724289,ideal,0,-0.608018793,0,Paid Search Non-Branded,13,22
2519,1,NL,-0.456971225,ideal,0,-0.634691851,0,Affiliate,13,22
2520,0,NL,0.178016958,visa,0,-0.483544524,0,Direct Access,13,22
2521,0,NL,1.044198567,ideal,1,-0.693841827,0,Organic Search,13,22
2522,1,NL,-0.485545694,ideal,1,-0.693841827,0,Direct Access,13,22
2523,0,NL,-0.600998091,ideal,0,0.097335402,0,Direct Access,13,22
2524,0,NL,-0.399245027,ideal,1,-0.693841827,0,Paid Search Branded,13,22
2525,0,NL,-1.322575572,visa,0,-0.210886599,0,Paid Search Branded,13,22
2526,1,NL,-0.023736105,ideal,1,-0.693841827,0,Organic Search,13,22
2527,1,NL,3.006889317,ideal,0,-0.61394614,1,Paid Search Branded,13,22
2528,0,NL,-0.456682594,ideal,1,-0.693841827,0,Organic Search,13,22
2529,0,NL,-0.918492183,ideal,0,-0.160504157,0,Paid Search Branded,13,22
2530,0,NL,0.149153859,ideal,0,1.537680525,1,Affiliate,13,23
2531,0,NL,-0.081462304,ideal,0,1.158330369,0,Member-get-member,13,23
2532,1,NL,-0.024024736,ideal,1,-0.693841827,0,Direct Access,13,23
2533,0,NL,-0.658724289,ideal,0,1.158330369,0,Member-get-member,13,23
2534,0,NL,-0.081462304,ideal,0,1.134620985,0,Paid Search Branded,13,23
2535,0,NL,0.091716292,visa,0,2.957279936,0,Paid Search Branded,13,23
2536,0,NL,-0.630149821,ideal,0,1.152403023,1,Direct Access,13,23
2537,0,NL,0.409210384,ideal,1,-0.693841827,0,Direct Access,13,23
2538,0,NL,1.332540929,visa,0,-0.483544524,0,Direct Access,13,23
2539,0,NL,0.726415845,ideal,0,-0.009356829,0,Paid Search Non-Branded,13,0
2540,0,NL,1.708049851,ideal,1,-0.693841827,0,Paid Search Branded,13,0
2541,0,NL,-1.03394458,ideal,1,-0.693841827,0,Paid Search Branded,13,0
2542,0,NL,-0.600998091,visa,0,1.380605851,0,Paid Search Branded,13,0
2543,0,NL,-0.658724289,ideal,1,-0.693841827,0,Organic Search,14,1
2544,1,NL,-0.485545694,ideal,0,0.174390903,0,Paid Search Branded,14,2
2545,1,NL,-0.300821858,ideal,1,-0.693841827,0,Affiliate,14,4
2546,0,NL,-0.918492183,ideal,1,-0.693841827,1,Paid Search Non-Branded,14,7
2547,0,NL,-0.2257778,visa,0,-0.302760465,0,Paid Search Branded,14,8
2548,1,NL,-0.2257778,ideal,1,-0.693841827,0,Affiliate,14,8
2549,0,NL,0.986472369,ideal,0,1.573244602,0,Direct Access,14,8
2550,0,NL,-0.197203332,ideal,0,-0.640619197,1,Direct Access,14,9
2551,0,NL,1.534871255,ideal,1,-0.693841827,0,Direct Access,14,9
2552,0,NL,-0.485545694,visa,0,-0.397598004,0,Direct Access,14,9
2553,1,NL,0.553237249,ideal,1,-0.693841827,0,Direct Access,14,9
2554,0,BE,-0.832191516,visa,1,-0.693841827,0,Organic Search,14,9
2555,1,NL,0.062564561,ideal,1,-0.693841827,0,Paid Search Non-Branded,14,10
2556,1,NL,0.783853412,ideal,1,-0.693841827,0,Paid Search Branded,14,10
2557,1,NL,0.206880058,ideal,1,-0.693841827,0,Paid Search Branded,14,10
2558,1,NL,-0.341518828,ideal,1,-0.693841827,0,Organic Search,14,10
2559,1,NL,-1.005370111,ideal,0,-0.059739271,1,Paid Search Branded,14,10
2560,1,NL,-0.2257778,visa,0,2.12745147,0,Paid Search Branded,14,10
2561,0,NL,-0.572423622,ideal,1,-0.693841827,0,Paid Search Branded,14,10
2562,0,NL,-0.312367098,visa,1,-0.693841827,0,Direct Access,14,10
2563,1,NL,-0.081750935,ideal,0,1.214640158,0,Campaigning,14,10
2564,0,NL,0.120579391,visa,1,-0.693841827,0,Paid Search Non-Branded,14,10
2565,0,NL,-0.600998091,ideal,0,0.521140655,0,Organic Search,14,10
2566,0,NL,-0.081462304,ideal,1,-0.693841827,0,Paid Search Branded,14,11
2567,0,NL,0.264894887,ideal,0,0.204027634,0,Campaigning,14,11
2568,0,NL,-0.139477133,ideal,0,1.090165888,0,Direct Access,14,11
2569,1,NL,-1.03394458,ideal,0,-0.646546544,0,Paid Search Branded,14,11
2570,0,NL,-0.312367098,ideal,1,-0.693841827,0,Paid Search Branded,14,11
2571,1,NL,-0.196914701,ideal,0,-0.11604906,0,Organic Search,14,11
2572,0,BE,-0.918492183,visa,1,-0.693841827,0,Paid Search Branded,14,11
2573,0,NL,-0.081750935,ideal,1,-0.693841827,0,Direct Access,14,11
2575,0,NL,-0.341230197,ideal,1,-0.693841827,0,Paid Search Branded,14,11
2576,0,NL,-1.380301771,ideal,0,1.048674465,0,Campaigning,14,11
2577,0,NL,-0.196914701,ideal,1,-0.693841827,0,Paid Search Branded,14,11
2578,1,NL,-0.139765764,ideal,1,-0.693841827,0,Direct Access,14,11
2579,0,NL,-0.312367098,ideal,1,-0.693841827,0,Direct Access,14,11
2580,1,NL,0.957320639,ideal,1,-0.693841827,0,Paid Search Branded,14,11
2581,0,BE,-0.2257778,visa,0,0.017316229,0,Organic Search,14,12
2582,1,NL,-0.600998091,ideal,1,-0.693841827,0,Paid Search Branded,14,12
2583,0,NL,2.948874488,visa,1,-0.693841827,0,Organic Search,14,12
2584,1,NL,0.668978277,visa,1,-0.693841827,0,Paid Search Branded,14,12
2585,0,NL,-0.889917714,ideal,1,-0.693841827,0,Paid Search Non-Branded,14,12
2586,1,NL,-0.312655729,ideal,0,-0.634691851,0,Paid Search Branded,14,12
2587,0,NL,1.708049851,ideal,0,0.764161848,1,Paid Search Branded,14,12
2588,0,NL,2.4582018,ideal,0,0.633760232,0,Organic Search,14,12
2589,0,NL,2.083270141,ideal,1,-0.693841827,0,Paid Search Branded,14,12
2590,0,NL,-0.600998091,ideal,0,-0.249414349,0,Direct Access,14,12
2591,1,NL,0.091427661,ideal,1,-0.693841827,0,Direct Access,14,12
2592,1,NL,3.872493664,ideal,1,-0.693841827,1,Direct Access,14,12
2593,1,NL,0.120579391,ideal,1,-0.693841827,0,Direct Access,14,12
2594,0,NL,-0.341518828,ideal,1,-0.693841827,0,Paid Search Non-Branded,14,13
2595,1,NL,-0.572423622,ideal,1,-0.693841827,0,Paid Search Branded,14,13
2596,0,NL,0.784430674,ideal,0,0.891599791,0,Direct Access,14,13
2597,0,NL,1.708049851,ideal,0,-0.628764505,0,Paid Search Branded,14,13
2598,0,NL,-0.889917714,ideal,1,-0.693841827,1,Paid Search Non-Branded,14,13
2599,1,NL,-0.2257778,ideal,0,-0.637655524,0,Paid Search Branded,14,13
2600,1,NL,-0.832191516,ideal,1,-0.693841827,0,Paid Search Non-Branded,14,13
2601,1,NL,-0.312367098,ideal,1,-0.693841827,0,Paid Search Branded,14,13
2602,1,NL,-0.600998091,ideal,0,-0.204959253,0,Paid Search Branded,14,13
2603,0,NL,-0.081750935,ideal,0,0.903454483,0,Paid Search Non-Branded,14,13
2604,0,NL,0.524085519,ideal,0,1.786629065,0,Paid Search Branded,14,13
2605,0,NL,-0.2257778,ideal,1,-0.693841827,0,Paid Social,14,13
2607,1,NL,-0.832191516,ideal,1,-0.693841827,0,Organic Search,14,13
2608,1,NL,-1.03394458,ideal,1,-0.693841827,0,Organic Search,14,13
2609,1,NL,0.12029076,ideal,0,-0.643582871,0,Organic Search,14,13
2610,0,NL,0.437784852,ideal,1,-0.693841827,0,Direct Access,14,14
2611,0,NL,0.726415845,ideal,1,-0.693841827,0,Paid Search Branded,14,14
2612,0,NL,-0.456682594,ideal,0,2.394182049,0,Direct Access,14,14
2613,1,NL,-0.600998091,ideal,1,-0.693841827,0,Paid Search Branded,14,14
2614,0,NL,0.120579391,ideal,0,0.023243575,0,Direct Access,14,14
2615,1,NL,2.86228519,ideal,1,-0.693841827,0,Organic Search,14,14
2616,0,NL,-1.03394458,ideal,1,-0.693841827,1,Organic Search,14,14
2617,0,NL,0.293469356,ideal,1,-0.693841827,0,Paid Search Branded,14,14
2618,0,NL,-0.312367098,ideal,0,1.019037734,0,Paid Search Branded,14,14
2619,0,NL,0.120579391,ideal,0,0.135863153,0,Direct Access,14,14
2620,0,NL,-0.889629083,ideal,1,-0.693841827,0,Direct Access,14,14
2621,0,NL,0.697841376,ideal,0,-0.563563697,0,Paid Search Branded,14,14
2622,0,NL,0.149153859,ideal,0,1.831084161,0,Paid Search Branded,14,14
2623,0,NL,-0.601286722,ideal,1,-0.693841827,0,Organic Search,14,14
2624,1,NL,-0.600998091,ideal,1,-0.693841827,0,Paid Search Non-Branded,14,14
2625,0,NL,0.530435401,ideal,0,2.059286989,0,Paid Search Branded,14,14
2626,0,NL,0.409210384,ideal,0,1.164257716,0,Organic Search,14,14
2627,0,NL,0.351484185,ideal,1,-0.693841827,0,Paid Search Branded,14,14
2628,1,NL,-0.803328417,ideal,1,-0.693841827,0,Paid Search Branded,14,14
2630,1,NL,-0.658724289,visa,1,-0.693841827,0,Paid Search Branded,14,14
2631,1,NL,-0.889917714,ideal,1,-0.693841827,0,Paid Search Branded,14,15
2632,1,NL,-0.341230197,ideal,0,2.023722912,1,Direct Access,14,15
2633,1,NL,0.409210384,visa,1,-0.693841827,0,Direct Access,14,15
2634,1,NL,0.206880058,ideal,0,0.263301096,0,Direct Access,14,15
2635,0,NL,0.761340195,ideal,0,1.238349543,0,Paid Search Branded,14,15
2636,0,NL,-0.456682594,ideal,1,-0.693841827,1,Direct Access,14,15
2637,0,NL,0.351484185,ideal,0,0.835290002,0,Paid Search Branded,14,15
2638,1,NL,0.305303226,ideal,0,1.146475677,0,Direct Access,14,15
2639,1,NL,1.852365347,ideal,1,-0.693841827,0,Paid Search Branded,14,15
2640,1,BE,-0.2257778,visa,0,-0.323506177,0,Paid Search Branded,14,15
2641,0,NL,-0.601286722,ideal,1,-0.693841827,1,Organic Search,14,15
2642,0,NL,-0.393183776,ideal,1,-0.693841827,0,Organic Search,14,15
2643,0,NL,2.083270141,ideal,0,-0.347215561,1,Organic Search,14,15
2644,1,NL,-0.023736105,ideal,1,-0.693841827,0,Paid Search Branded,14,15
2645,1,NL,0.120579391,visa,0,-0.504290235,0,Direct Access,14,15
2646,0,NL,-0.600998091,visa,0,1.629554391,1,Paid Search Branded,14,15
2647,1,NL,-0.370381928,ideal,1,-0.693841827,0,Direct Access,14,15
2648,0,NL,-0.312367098,ideal,1,-0.693841827,0,Direct Access,14,15
2649,1,NL,-0.28379263,ideal,1,-0.693841827,0,Paid Search Non-Branded,14,15
2650,0,NL,0.206880058,ideal,1,-0.693841827,1,Direct Access,14,15
2651,1,NL,0.120579391,ideal,1,-0.693841827,0,Paid Search Branded,14,15
2652,0,NL,-0.081462304,ideal,0,1.134620985,1,Paid Search Non-Branded,14,15
2653,0,NL,0.697841376,ideal,0,1.890357623,0,Paid Search Branded,14,15
2654,1,NL,-0.2257778,ideal,1,-0.693841827,1,Paid Search Branded,14,16
2655,0,NL,-0.341518828,ideal,1,-0.693841827,0,Direct Access,14,16
2657,1,NL,-0.312367098,ideal,0,1.010146715,0,Paid Search Branded,14,16
2658,1,NL,0.292892094,ideal,1,-0.693841827,0,Paid Search Branded,14,16
2659,0,NL,1.880651184,ideal,1,-0.693841827,0,Paid Search Branded,14,16
2660,1,NL,0.148576597,ideal,0,1.232422197,1,Paid Search Branded,14,16
2661,0,NL,-0.2257778,ideal,0,1.994086181,0,Paid Search Branded,14,16
2662,0,NL,-0.023736105,ideal,0,2.074105355,0,Direct Access,14,16
2663,0,NL,0.351484185,ideal,0,-0.133831099,0,Direct Access,14,16
2664,0,NL,-0.739540967,ideal,0,-0.356106581,0,Paid Search Branded,14,16
2665,1,NL,-0.399245027,visa,1,-0.693841827,0,Paid Search Non-Branded,14,16
2666,0,NL,-0.312367098,ideal,1,-0.693841827,0,Paid Search Branded,14,16
2667,1,NL,-1.03394458,ideal,1,-0.693841827,0,Paid Search Non-Branded,14,16
2668,0,NL,-0.332859898,ideal,0,1.099056908,0,Campaigning,14,16
2669,0,NL,0.409210384,ideal,1,-0.693841827,0,Paid Search Non-Branded,14,16
2670,1,NL,0.120579391,ideal,1,-0.693841827,0,Paid Search Branded,14,16
2671,0,NL,0.120579391,ideal,1,-0.693841827,1,Paid Search Branded,14,16
2672,0,NL,-0.196914701,ideal,1,-0.693841827,0,Member-get-member,14,16
2673,1,NL,0.322043824,ideal,1,-0.693841827,0,Paid Search Non-Branded,14,16
2674,1,NL,0.207168689,ideal,0,0.832326329,0,Paid Search Branded,14,16
2675,0,NL,-0.831902885,ideal,0,0.227737018,0,Direct Access,14,16
2676,0,NL,-1.294289735,ideal,1,-0.693841827,1,Organic Search,14,16
2677,1,NL,-0.456682594,ideal,0,1.64733643,0,Paid Search Branded,14,17
2678,1,BE,-0.600998091,visa,1,-0.693841827,0,Paid Search Branded,14,17
2679,0,NL,-0.197203332,ideal,0,1.238349543,1,Direct Access,14,17
2680,0,NL,-0.28379263,ideal,1,-0.693841827,1,Direct Access,14,17
2681,0,NL,-1.005370111,ideal,0,-0.486508197,0,Paid Search Branded,14,17
2682,1,NL,0.409210384,ideal,1,-0.693841827,0,Organic Search,14,17
2683,1,NL,-0.023736105,ideal,1,-0.693841827,0,Paid Search Branded,14,17
2684,1,NL,-0.831902885,ideal,1,-0.693841827,0,Organic Search,14,17
2685,1,NL,-0.024024736,ideal,1,-0.693841827,0,Paid Search Non-Branded,14,17
2686,1,NL,-0.226355062,ideal,1,-0.693841827,1,Organic Search,14,17
2687,0,NL,0.12029076,ideal,0,-0.053811925,0,Paid Search Branded,14,17
2688,0,NL,-0.312367098,ideal,0,0.201063961,0,Organic Search,14,18
2689,1,NL,0.120579391,ideal,1,-0.693841827,1,Direct Access,14,18
2690,1,NL,-0.312367098,ideal,0,2.248962067,1,Organic Search,14,18
2691,0,NL,2.868346441,ideal,1,-0.693841827,0,Paid Search Branded,14,18
2692,1,NL,0.091716292,ideal,1,-0.693841827,0,Paid Search Branded,14,18
2693,1,NL,3.006889317,ideal,0,0.58337779,0,Paid Search Branded,14,18
2694,1,NL,0.06227593,ideal,1,-0.693841827,0,Paid Search Non-Branded,14,18
2695,1,NL,-0.456682594,ideal,1,-0.693841827,0,Paid Search Branded,14,18
2696,1,NL,3.006889317,ideal,1,-0.693841827,1,Paid Search Branded,14,18
2697,1,NL,-0.889917714,ideal,1,-0.693841827,0,Organic Search,14,18
2698,0,NL,-0.052887836,ideal,0,0.227737018,0,Paid Search Branded,14,18
2699,0,NL,0.293469356,ideal,1,-0.693841827,0,Direct Access,14,18
2700,0,NL,-0.514697424,ideal,1,-0.693841827,0,Paid Search Non-Branded,14,18
2701,1,NL,0.120002129,ideal,1,-0.693841827,1,Direct Access,14,18
2702,0,NL,-0.600998091,ideal,1,-0.693841827,0,Direct Access,14,19
2703,0,NL,0.409210384,ideal,1,-0.693841827,0,Organic Search,14,19
2704,1,NL,-0.456682594,visa,1,-0.693841827,0,Paid Search Non-Branded,14,19
2705,1,NL,1.823502248,ideal,0,0.408521077,0,Paid Search Branded,14,19
2706,1,NL,-1.322864203,ideal,1,-0.693841827,0,Paid Search Non-Branded,14,19
2707,0,NL,-0.456682594,ideal,0,2.889115455,0,Paid Search Non-Branded,14,19
2708,1,NL,-0.774465317,ideal,1,-0.693841827,0,Paid Search Branded,14,19
2709,0,NL,-1.4671797,ideal,0,-0.536890639,0,Paid Search Branded,14,19
2710,0,NL,-0.139188502,ideal,1,-0.693841827,0,Affiliate,14,19
2711,0,NL,-0.889917714,ideal,0,0.28701048,1,Paid Search Branded,14,19
2712,0,BE,0.120579391,visa,1,-0.693841827,0,Affiliate,14,19
2713,0,NL,0.524662781,ideal,0,1.016074061,0,Member-get-member,14,19
2714,1,NL,-0.341230197,ideal,1,-0.693841827,0,Organic Search,14,19
2715,1,NL,0.178305589,ideal,1,-0.693841827,0,Paid Search Non-Branded,14,19
2716,0,NL,-0.28379263,ideal,0,2.74982282,0,Campaigning,14,20
2717,0,NL,-0.832191516,ideal,1,-0.693841827,1,Organic Search,14,20
2718,1,NL,0.409210384,ideal,0,-0.030102541,0,Organic Search,14,20
2719,1,NL,-0.312367098,ideal,1,-0.693841827,0,Organic Search,14,20
2720,0,NL,0.524085519,ideal,1,-0.693841827,0,Paid Search Non-Branded,14,20
2721,0,NL,-1.034233211,ideal,1,-0.693841827,0,Paid Search Non-Branded,14,20
2722,1,NL,-0.456682594,ideal,1,-0.693841827,1,Paid Search Branded,14,20
2723,1,NL,1.476567794,ideal,1,-0.693841827,0,Paid Search Branded,14,20
2724,1,NL,-0.023736105,ideal,1,-0.693841827,0,Paid Search Branded,14,20
2725,0,NL,-1.4671797,ideal,1,-0.693841827,0,Paid Search Branded,14,20
2726,0,NL,-0.2257778,ideal,0,0.879745099,0,Direct Access,14,20
2727,0,NL,-0.600998091,visa,1,-0.693841827,0,Paid Search Branded,14,20
2728,0,NL,-0.196914701,ideal,0,1.39838789,0,Paid Search Branded,14,20
2729,1,NL,0.004838363,ideal,1,-0.693841827,0,Paid Search Branded,14,20
2730,0,NL,-0.081462304,ideal,0,0.352211288,0,Direct Access,14,20
2731,0,NL,-1.611495196,ideal,1,-0.693841827,0,Organic Search,14,21
2732,0,NL,-0.168051602,ideal,1,-0.693841827,0,Paid Search Non-Branded,14,21
2733,1,NL,-0.774465317,ideal,1,-0.693841827,0,Paid Search Non-Branded,14,21
2734,0,NL,0.94317772,ideal,1,-0.693841827,0,Direct Access,14,21
2735,1,NL,0.403149133,ideal,0,1.389496871,0,Campaigning,14,21
2736,1,NL,-1.034233211,ideal,0,0.781943887,0,Paid Search Branded,14,21
2737,0,NL,-0.312367098,visa,1,-0.693841827,0,Paid Search Branded,14,21
2738,0,NL,0.409210384,ideal,1,-0.693841827,0,Paid Search Branded,14,21
2739,1,NL,-0.456682594,ideal,0,0.530031674,0,Direct Access,14,21
2741,1,NL,0.351484185,ideal,0,0.026207248,0,Paid Search Branded,14,21
2742,0,BE,0.351195554,visa,1,-0.693841827,0,Paid Search Branded,14,21
2743,1,NL,-0.312367098,ideal,1,-0.693841827,1,Paid Search Branded,14,21
2744,0,NL,-0.918492183,ideal,0,0.693033694,0,Direct Access,14,22
2745,0,NL,-0.600998091,ideal,0,2.077069028,0,Paid Search Branded,14,22
2746,0,NL,0.351195554,visa,1,-0.693841827,0,Organic Search,14,22
2747,1,NL,-0.081462304,ideal,0,0.918272849,1,Organic Search,14,22
2748,0,NL,-0.428108126,ideal,1,-0.693841827,1,Paid Search Non-Branded,14,22
2749,0,NL,-1.322864203,ideal,1,-0.693841827,0,Organic Search,14,22
2750,0,NL,0.062853192,ideal,1,-0.693841827,1,Paid Search Branded,14,22
2751,1,NL,-0.196914701,ideal,1,-0.693841827,0,Paid Search Branded,14,22
2752,1,NL,0.812716511,ideal,1,-0.693841827,0,Paid Search Branded,14,22
2753,0,NL,0.120579391,ideal,1,-0.693841827,0,Paid Search Branded,14,23
2754,0,NL,0.668978277,ideal,0,-0.634691851,0,Paid Search Branded,14,23
2755,1,NL,-0.630149821,ideal,0,1.02496508,0,Direct Access,14,23
2756,1,NL,-0.197203332,ideal,1,-0.693841827,0,Paid Search Non-Branded,14,23
2757,0,NL,-0.2257778,ideal,0,0.375920673,0,Organic Search,14,23
2758,1,NL,-0.889917714,ideal,1,-0.693841827,0,Organic Search,14,23
2759,1,NL,-0.600998091,ideal,0,-0.148649464,0,Paid Search Branded,14,23
2761,0,NL,-0.2257778,ideal,0,-0.157540483,0,Paid Search Branded,14,0
2762,1,NL,-0.312367098,visa,1,-0.693841827,1,Organic Search,14,0
2763,1,NL,1.852365347,ideal,1,-0.693841827,0,Paid Search Branded,15,1
2764,0,BE,-0.600998091,visa,0,1.238349543,0,Paid Search Non-Branded,15,1
2766,1,NL,-0.254640899,visa,0,0.710815732,0,Direct Access,15,2
2767,1,NL,0.12029076,ideal,0,-0.52799962,0,Paid Search Branded,15,4
2768,1,BE,-0.456682594,visa,0,-0.634691851,1,Paid Social,15,4
2769,1,NL,-0.803328417,ideal,1,-0.693841827,0,Paid Search Branded,15,6
2770,0,NL,-0.832191516,ideal,0,2.592748146,0,Paid Search Branded,15,7
2771,0,NL,2.227585637,visa,1,-0.693841827,0,Organic Search,15,8
2772,0,NL,-1.294289735,ideal,0,-0.637655524,0,Paid Search Branded,15,9
2774,0,NL,-1.03394458,ideal,1,-0.693841827,0,Direct Access,15,9
2775,0,NL,0.697841376,ideal,0,2.189688605,0,Campaigning,15,9
2776,0,NL,-1.03394458,ideal,0,-0.219777618,0,Paid Search Branded,15,9
2777,0,NL,-0.081462304,ideal,1,-0.693841827,0,Organic Search,15,9
2778,1,NL,-0.341230197,ideal,0,2.358617972,0,Organic Search,15,9
2780,0,NL,0.409210384,ideal,0,2.118560451,0,Paid Search Branded,15,10
2781,0,NL,1.708049851,ideal,1,-0.693841827,0,Direct Access,15,10
2782,0,NL,0.120579391,visa,1,-0.693841827,0,Paid Search Branded,15,10
2783,1,NL,0.183789578,ideal,1,-0.693841827,0,Paid Search Branded,15,10
2784,0,NL,0.409210384,visa,1,-0.693841827,0,Direct Access,15,11
2785,0,NL,-1.293712473,visa,1,-0.693841827,0,Paid Search Branded,15,11
2786,0,NL,1.592308822,ideal,1,-0.693841827,1,Direct Access,15,11
2787,1,NL,-0.312367098,ideal,1,-0.693841827,0,Organic Search,15,11
2788,0,NL,0.640115178,ideal,0,-0.030102541,0,Paid Search Branded,15,11
2789,0,NL,-1.03394458,ideal,1,-0.693841827,0,Organic Search,15,11
2790,0,NL,1.708049851,ideal,1,-0.693841827,1,Paid Search Branded,15,11
2791,0,BE,0.004838363,visa,0,-0.121976406,0,Paid Search Branded,15,11
2792,0,NL,0.062853192,ideal,0,1.961485777,0,Organic Search,15,11
2793,0,NL,1.506008156,ideal,0,0.894563464,0,Direct Access,15,11
2794,1,NL,-0.023736105,ideal,0,1.386533197,0,Campaigning,15,11
2795,1,NL,-0.456682594,ideal,1,-0.693841827,0,Paid Search Branded,15,11
2796,1,NL,-0.658724289,ideal,0,0.076589691,0,Paid Search Branded,15,12
2797,1,NL,-0.081750935,ideal,1,-0.693841827,0,Paid Search Branded,15,12
2798,0,NL,-0.485545694,ideal,1,-0.693841827,0,Direct Access,15,12
2799,1,NL,0.091427661,visa,1,-0.693841827,0,Direct Access,15,12
2800,0,NL,-0.081462304,ideal,0,2.746859147,0,Paid Search Branded,15,12
2801,0,NL,0.004838363,ideal,1,-0.693841827,0,Paid Search Non-Branded,15,12
2802,1,NL,-0.485545694,ideal,0,0.076589691,0,Paid Search Branded,15,12
2803,1,NL,0.120579391,ideal,1,-0.693841827,0,Paid Search Branded,15,12
2804,0,NL,-0.28379263,ideal,0,1.205749139,1,Paid Search Branded,15,12
2805,1,NL,-0.2257778,visa,0,-0.166431503,0,Organic Search,15,12
2806,0,NL,-1.322864203,ideal,1,-0.693841827,0,Direct Access,15,12
2807,0,NL,0.409210384,ideal,1,-0.693841827,0,Paid Search Branded,15,12
2808,1,NL,-0.658724289,ideal,0,0.076589691,0,Paid Search Branded,15,12
2809,1,NL,-1.03394458,ideal,1,-0.693841827,0,Paid Search Non-Branded,15,12
2810,0,NL,-0.312655729,ideal,0,0.61301452,0,Direct Access,15,12
2811,1,NL,-0.456682594,ideal,1,-0.693841827,0,Paid Search Branded,15,12
2812,0,NL,-0.312367098,ideal,0,0.180318249,1,Direct Access,15,12
2813,0,NL,0.062564561,ideal,1,-0.693841827,0,Organic Search,15,13
2814,0,NL,3.584151303,ideal,1,-0.693841827,0,Paid Search Branded,15,13
2815,0,NL,-0.672289946,ideal,0,0.781943887,1,Paid Search Branded,15,13
2816,1,NL,0.091716292,visa,0,-0.074557637,0,Organic Search,15,13
2817,1,NL,-0.312655729,ideal,1,-0.693841827,0,Organic Search,15,13
2818,1,NL,0.120579391,ideal,1,-0.693841827,0,Organic Search,15,13
2819,1,NL,0.784430674,ideal,1,-0.693841827,0,Organic Search,15,13
2820,0,NL,-0.139477133,ideal,0,2.915788513,1,Direct Access,15,13
2821,0,NL,-1.03394458,ideal,1,-0.693841827,0,Paid Search Branded,15,13
2822,0,NL,-0.2257778,ideal,0,-0.616909813,0,Paid Search Branded,15,13
2823,1,NL,1.823502248,ideal,0,1.158330369,0,Paid Search Branded,15,13
2824,0,NL,-0.081462304,ideal,0,0.275155788,0,Paid Search Branded,15,13
2825,0,NL,2.602228666,ideal,0,-0.282014753,0,Direct Access,15,13
2826,0,NL,-0.803328417,ideal,1,-0.693841827,0,Paid Search Branded,15,13
2827,0,NL,-0.226066431,ideal,1,-0.693841827,0,Paid Search Branded,15,13
2828,1,NL,-0.067030754,ideal,1,-0.693841827,0,Organic Search,15,13
2829,0,NL,-0.312655729,ideal,0,-0.628764505,0,Paid Search Branded,15,13
2830,1,NL,0.120579391,ideal,1,-0.693841827,0,Paid Search Branded,15,14
2831,1,NL,-0.312367098,visa,1,-0.693841827,0,Paid Search Branded,15,14
2832,0,NL,-1.03394458,ideal,0,0.752307156,0,Paid Search Branded,15,14
2833,0,NL,2.083270141,ideal,1,-0.693841827,0,Paid Search Non-Branded,15,14
2834,0,NL,-0.456682594,visa,0,0.53595902,0,Direct Access,15,14
2835,0,NL,0.068625812,ideal,0,1.259095254,0,Paid Search Branded,15,14
2836,0,NL,1.044198567,ideal,0,-0.092339675,0,Direct Access,15,14
2837,1,NL,1.361692659,ideal,1,-0.693841827,0,Paid Search Branded,15,14
2838,0,NL,1.823502248,ideal,1,-0.693841827,0,Direct Access,15,14
2839,1,NL,0.409210384,ideal,0,0.414448423,0,Paid Search Branded,15,14
2840,1,NL,-0.2257778,ideal,1,-0.693841827,0,Direct Access,15,14
2841,1,NL,0.726415845,ideal,0,0.2959015,0,Direct Access,15,14
2842,0,NL,-0.081462304,ideal,0,2.41492776,1,Organic Search,15,14
2843,1,NL,0.553237249,ideal,1,-0.693841827,0,Paid Search Branded,15,14
2844,0,NL,0.062853192,ideal,0,0.684142675,0,Paid Search Branded,15,14
2845,0,NL,-0.023736105,ideal,0,0.586341463,1,Organic Search,15,15
2846,0,NL,-0.259258995,ideal,0,1.439879313,1,Paid Search Branded,15,15
2847,0,NL,-0.2257778,ideal,0,2.972098302,0,Direct Access,15,15
2848,1,NL,-0.426664971,ideal,1,-0.693841827,0,Direct Access,15,15
2849,0,NL,0.639826547,ideal,1,-0.693841827,0,Direct Access,15,15
2850,0,NL,-0.28379263,ideal,0,0.195136614,0,Organic Search,15,15
2851,1,NL,-0.600998091,ideal,1,-0.693841827,1,Paid Search Branded,15,15
2852,0,NL,-0.168340233,ideal,1,-0.693841827,0,Paid Search Non-Branded,15,15
2853,0,NL,-0.2257778,ideal,0,1.004219369,0,Paid Search Branded,15,15
2854,1,NL,-0.994113503,ideal,1,-0.693841827,0,Affiliate,15,15
2855,0,NL,1.049971187,ideal,0,-0.628764505,0,Paid Search Branded,15,15
2856,0,NL,-0.023736105,ideal,0,-0.625800832,0,Paid Search Branded,15,15
2857,0,NL,-0.889917714,ideal,0,2.509765299,0,Organic Search,15,16
2858,0,NL,1.938954645,ideal,0,2.915788513,0,Paid Search Branded,15,16
2859,0,NL,-1.438605231,ideal,0,0.088444383,0,Direct Access,15,16
2860,0,NL,0.322043824,ideal,0,1.709573564,0,Campaigning,15,16
2861,1,NL,2.227297006,ideal,0,1.093129561,0,Organic Search,15,16
2862,0,NL,0.264894887,ideal,0,-0.299796792,0,Paid Search Branded,15,16
2863,0,NL,0.697841376,ideal,1,-0.693841827,0,Paid Search Branded,15,16
2864,0,NL,-0.456682594,ideal,0,2.002977201,0,Organic Search,15,16
2865,1,NL,0.120579391,ideal,0,-0.2879421,0,Paid Social,15,16
2866,0,NL,1.188514064,ideal,0,1.193894446,0,Organic Search,15,16
2867,0,NL,0.95760927,ideal,0,2.640166915,0,Direct Access,15,16
2868,1,NL,0.035144617,ideal,1,-0.693841827,0,Paid Search Branded,15,16
2869,1,NL,0.120579391,ideal,0,1.093129561,0,Direct Access,15,16
2870,0,NL,0.55352588,ideal,0,-0.415380042,0,Direct Access,15,16
2871,1,NL,-0.31294436,ideal,1,-0.693841827,1,Organic Search,15,16
2872,0,NL,-0.456971225,ideal,0,-0.557636351,0,Paid Search Branded,15,16
2873,1,NL,0.149153859,ideal,0,1.448770332,0,Direct Access,15,16
2874,1,NL,-0.2257778,visa,1,-0.693841827,0,Paid Search Branded,15,16
2875,1,NL,1.101924766,ideal,0,-0.560600024,0,Paid Search Branded,15,16
2876,0,NL,1.708049851,ideal,1,-0.693841827,0,Direct Access,15,16
2877,0,NL,-1.293712473,ideal,1,-0.693841827,0,Paid Search Branded,15,16
2878,0,NL,-0.34209609,ideal,0,-0.649510217,0,Direct Access,15,16
2879,0,NL,0.120579391,ideal,0,0.153645191,0,Paid Search Branded,15,16
2880,0,NL,0.639826547,ideal,1,-0.693841827,0,Paid Search Branded,15,17
2881,0,NL,1.044198567,ideal,0,-0.148649464,1,Direct Access,15,17
2882,0,NL,-0.456682594,ideal,1,-0.693841827,0,Direct Access,15,17
2883,0,NL,0.957320639,ideal,0,0.055843979,0,Paid Search Non-Branded,15,17
2884,0,NL,0.120579391,ideal,1,-0.693841827,0,Paid Search Non-Branded,15,17
2885,1,NL,-1.03394458,ideal,1,-0.693841827,0,Paid Search Branded,15,17
2886,0,NL,-0.485545694,ideal,0,0.153645191,0,Direct Access,15,17
2887,0,NL,-0.196914701,ideal,0,0.598196155,0,Paid Search Branded,15,17
2888,1,NL,-0.803617047,ideal,1,-0.693841827,1,Paid Search Branded,15,17
2889,0,NL,2.083270141,ideal,1,-0.693841827,0,Direct Access,15,17
2890,0,NL,-0.676042149,ideal,0,2.038541278,0,Campaigning,15,17
2891,0,NL,-0.600998091,ideal,0,-0.418343716,0,Direct Access,15,17
2892,0,NL,-0.25492953,ideal,1,-0.693841827,0,Member-get-member,15,17
2893,0,NL,0.351195554,ideal,1,-0.693841827,0,Paid Search Non-Branded,15,17
2894,0,NL,-0.28379263,ideal,1,-0.693841827,0,Organic Search,15,17
2895,1,NL,-0.600998091,ideal,0,-0.246450676,0,Paid Search Branded,15,17
2896,0,NL,-0.341230197,ideal,1,-0.693841827,1,Organic Search,15,17
2897,1,NL,0.437496221,ideal,0,1.244276889,0,Paid Search Branded,15,17
2898,1,NL,-0.456971225,ideal,1,-0.693841827,0,Paid Search Branded,15,17
2899,1,NL,0.264894887,ideal,0,1.816265796,0,Direct Access,15,17
2901,0,NL,-1.322864203,ideal,1,-0.693841827,0,Paid Search Branded,15,17
2902,1,NL,-0.312367098,ideal,0,2.761677512,1,Paid Search Branded,15,18
2903,1,NL,-0.918492183,ideal,1,-0.693841827,0,Paid Search Branded,15,18
2904,0,BE,-0.2257778,visa,0,-0.545781659,0,Paid Search Branded,15,18
2905,1,NL,2.660243495,ideal,0,0.568559424,0,Campaigning,15,18
2906,0,NL,-0.600998091,ideal,0,0.856035714,1,Paid Search Branded,15,18
2907,0,NL,-0.312655729,ideal,1,-0.693841827,0,Direct Access,15,18
2908,0,NL,-0.514697424,ideal,1,-0.693841827,0,Organic Search,15,18
2909,0,NL,-0.482659384,ideal,1,-0.693841827,1,Paid Search Non-Branded,15,18
2910,1,NL,-0.2257778,ideal,0,1.605845006,0,Paid Search Branded,15,18
2911,1,NL,-0.918492183,ideal,1,-0.693841827,0,Organic Search,15,18
2912,1,NL,-0.312367098,ideal,1,-0.693841827,0,Organic Search,15,18
2913,1,NL,-0.283503999,ideal,1,-0.693841827,0,Organic Search,15,18
2914,1,NL,-0.168340233,ideal,1,-0.693841827,1,Paid Search Branded,15,18
2915,0,NL,-0.226066431,ideal,0,2.09781474,0,Campaigning,15,18
2916,0,NL,-1.03394458,ideal,1,-0.693841827,0,Paid Search Non-Branded,15,19
2917,1,NL,-0.196914701,ideal,0,-0.190140887,0,Paid Search Branded,15,19
2919,0,NL,-1.03394458,ideal,1,-0.693841827,0,Direct Access,15,19
2920,1,NL,-0.2257778,ideal,1,-0.693841827,0,Paid Search Branded,15,19
2921,1,NL,-0.600998091,ideal,0,-0.184213541,0,Paid Search Branded,15,19
2922,0,NL,-0.456682594,ideal,1,-0.693841827,1,Paid Search Branded,15,19
2923,0,NL,-0.456682594,ideal,0,2.195615952,0,Paid Search Branded,15,19
2924,0,NL,-1.03394458,ideal,0,-0.264232715,0,Affiliate,15,19
2925,1,NL,-0.312367098,ideal,1,-0.693841827,1,Paid Search Branded,15,19
2926,1,NL,0.062853192,ideal,1,-0.693841827,0,Paid Search Non-Branded,15,19
2927,1,NL,0.437784852,ideal,1,-0.693841827,0,Direct Access,15,19
2928,1,NL,-0.775042579,ideal,1,-0.693841827,0,Paid Search Branded,15,19
2929,1,NL,-0.658724289,ideal,1,-0.693841827,0,Paid Search Branded,15,19
2930,0,NL,1.476567794,ideal,1,-0.693841827,0,Paid Search Branded,15,19
2931,0,NL,-0.312367098,ideal,0,1.339114428,0,Paid Search Branded,15,19
2932,1,NL,-0.081462304,ideal,1,-0.693841827,0,Organic Search,15,19
2933,0,NL,1.477145056,visa,1,-0.693841827,1,Direct Access,15,19
2934,0,NL,-0.514697424,ideal,1,-0.693841827,0,Paid Search Branded,15,20
2936,1,NL,0.639826547,ideal,1,-0.693841827,0,Organic Search,15,20
2937,0,NL,-0.139477133,ideal,0,-0.350179234,0,Direct Access,15,20
2938,0,NL,-0.312367098,ideal,1,-0.693841827,0,Paid Search Branded,15,20
2939,0,NL,1.679186751,visa,0,1.47544339,1,Organic Search,15,20
2940,0,NL,-0.2257778,ideal,0,0.002497864,0,Paid Search Branded,15,20
2942,1,NL,-0.572423622,ideal,1,-0.693841827,0,Paid Search Non-Branded,15,20
2943,1,NL,-0.658724289,ideal,1,-0.693841827,0,Paid Search Branded,15,20
2944,0,NL,-0.832191516,ideal,1,-0.693841827,0,Affiliate,15,20
2945,0,NL,-0.312367098,ideal,1,-0.693841827,1,Paid Search Branded,15,20
2946,0,NL,-1.03394458,ideal,1,-0.693841827,0,Direct Access,15,20
2947,1,NL,-0.889917714,ideal,0,0.020279902,0,Paid Search Branded,15,20
2948,1,NL,-0.600998091,ideal,1,-0.693841827,0,Organic Search,15,20
2949,0,NL,-0.2257778,ideal,0,0.141790499,0,Organic Search,15,20
2950,1,NL,1.679186751,ideal,0,1.342078101,0,Affiliate,15,20
2951,0,NL,-0.456682594,ideal,0,0.870854079,1,Direct Access,15,20
2952,1,NL,0.842156873,ideal,1,-0.693841827,0,Paid Search Branded,15,20
2953,0,NL,-0.889917714,ideal,1,-0.693841827,0,Direct Access,15,20
2954,1,NL,-0.196914701,ideal,1,-0.693841827,0,Paid Search Non-Branded,15,20
2955,1,NL,-0.312367098,ideal,1,-0.693841827,0,Paid Search Branded,15,20
2956,1,NL,0.553237249,ideal,1,-0.693841827,0,Organic Search,15,20
2957,0,NL,0.726415845,ideal,0,-0.631728178,0,Paid Search Branded,15,20
2958,0,NL,-0.514697424,ideal,1,-0.693841827,0,Organic Search,15,21
2959,0,BE,0.351484185,ideal,1,-0.693841827,1,Direct Access,15,21
2960,0,NL,0.091427661,ideal,1,-0.693841827,0,Paid Search Branded,15,21
2961,0,NL,0.264606256,ideal,1,-0.693841827,1,Paid Search Non-Branded,15,21
2962,1,NL,-0.197203332,ideal,0,-0.391670658,0,Paid Search Branded,15,21
2963,0,NL,-0.889629083,ideal,1,-0.693841827,1,Direct Access,15,21
2964,0,NL,-0.168051602,ideal,1,-0.693841827,0,Paid Search Branded,15,21
2965,1,NL,0.409210384,ideal,1,-0.693841827,1,Paid Search Branded,15,21
2967,1,NL,0.206880058,ideal,1,-0.693841827,0,Organic Search,15,21
2968,1,NL,0.264606256,ideal,0,2.444564491,0,Direct Access,15,21
2969,0,NL,0.409210384,ideal,1,-0.693841827,0,Paid Search Non-Branded,15,21
2970,1,NL,-1.03394458,ideal,0,1.807374777,0,Organic Search,15,21
2971,0,NL,-0.485545694,ideal,0,1.167221389,0,Organic Search,15,21
2972,0,NL,-0.600998091,ideal,1,-0.693841827,0,Organic Search,15,21
2973,1,NL,0.639826547,ideal,1,-0.693841827,0,Paid Search Branded,15,21
2974,0,NL,-0.889917714,ideal,1,-0.693841827,0,Paid Search Branded,15,21
2975,1,NL,-1.438605231,ideal,1,-0.693841827,1,Direct Access,15,21
2976,0,NL,0.466647951,ideal,0,0.402593731,0,Direct Access,15,21
2977,1,NL,-0.082039566,ideal,0,0.506322289,1,Paid Search Branded,15,21
2978,0,NL,-0.918492183,ideal,1,-0.693841827,0,Direct Access,15,22
2979,1,NL,-0.2257778,ideal,1,-0.693841827,0,Direct Access,15,22
2980,0,NL,-1.03394458,ideal,1,-0.693841827,0,Direct Access,15,22
2981,1,NL,0.120579391,ideal,1,-0.693841827,0,Organic Search,15,22
2982,0,NL,2.256448737,ideal,1,-0.693841827,0,Paid Search Branded,15,22
2983,0,NL,0.120579391,ideal,0,1.392460544,0,Paid Search Branded,15,22
2984,1,NL,-0.28379263,ideal,0,1.759956007,1,Paid Search Branded,15,22
2985,1,NL,0.380058653,ideal,0,1.164257716,0,Direct Access,15,22
2986,0,NL,-0.485545694,ideal,0,0.885672445,0,Paid Search Branded,15,22
2987,0,NL,-0.2257778,ideal,0,2.764641185,0,Paid Search Non-Branded,15,22
2988,0,NL,-1.03394458,ideal,1,-0.693841827,0,Direct Access,15,22
2989,1,NL,-1.322864203,ideal,0,1.47544339,0,Paid Search Branded,15,22
2990,0,NL,-0.486122956,ideal,1,-0.693841827,0,Paid Search Branded,15,22
2991,0,NL,-0.485545694,ideal,0,0.799725925,0,Paid Search Branded,15,22
2992,0,NL,0.062564561,ideal,0,0.832326329,0,Direct Access,15,23
2993,1,NL,-1.03394458,ideal,1,-0.693841827,0,Paid Search Branded,15,23
2994,0,NL,-0.832191516,ideal,0,-0.139758445,0,Direct Access,15,23
2995,0,NL,-0.630149821,ideal,1,-0.693841827,0,Paid Search Branded,15,23
2996,0,NL,2.169570808,ideal,0,1.060529157,0,Campaigning,15,23
2997,1,NL,-0.600998091,ideal,1,-0.693841827,0,Paid Search Branded,15,23
2998,1,NL,-1.236563536,ideal,1,-0.693841827,0,Direct Access,15,23
2999,1,NL,1.650323652,ideal,1,-0.693841827,1,Paid Search Non-Branded,15,23
3000,0,NL,2.227585637,ideal,1,-0.693841827,1,Paid Search Branded,15,23
3001,0,NL,2.140996339,visa,1,-0.693841827,0,Paid Search Branded,15,23
3002,0,NL,-0.312367098,ideal,1,-0.693841827,0,Paid Search Branded,15,0
3003,1,NL,1.390267128,ideal,0,-0.610982467,0,Paid Search Branded,15,0
3004,0,NL,0.784430674,ideal,0,-0.16346783,0,Paid Search Branded,15,0
3005,0,NL,0.120579391,ideal,0,0.455939847,0,Paid Search Branded,15,0
3006,0,NL,1.506008156,ideal,0,1.857757219,1,Paid Search Branded,15,1
3007,0,NL,0.207168689,ideal,1,-0.693841827,0,Paid Search Branded,16,1
3008,1,NL,-0.2257778,visa,0,0.704888386,1,Direct Access,16,1
3009,0,NL,1.506008156,ideal,0,1.087202215,1,Organic Search,16,1
3010,1,NL,0.004549732,ideal,1,-0.693841827,0,Organic Search,16,3
3011,0,NL,-0.889917714,visa,0,0.939018561,0,Direct Access,16,3
3013,0,NL,-0.081462304,ideal,0,-0.637655524,0,Paid Search Branded,16,7
3014,1,NL,-0.081462304,ideal,1,-0.693841827,0,Paid Search Branded,16,7
3015,0,NL,-0.832191516,visa,0,-0.148649464,0,Direct Access,16,8
3016,0,NL,-1.322864203,ideal,0,2.109669432,0,Paid Search Non-Branded,16,8
3017,0,NL,-0.196914701,ideal,0,1.564353583,0,Campaigning,16,9
3018,0,NL,0.149153859,ideal,1,-0.693841827,0,Paid Search Branded,16,9
3019,1,BE,0.322332455,visa,1,-0.693841827,0,Paid Search Branded,16,9
3020,1,NL,0.064007716,ideal,1,-0.693841827,0,Paid Search Branded,16,9
3021,0,BE,0.149153859,visa,1,-0.693841827,0,Paid Search Non-Branded,16,9
3022,0,NL,-0.283503999,ideal,0,1.899248642,0,Campaigning,16,9
3023,1,NL,0.12029076,ideal,1,-0.693841827,1,Paid Search Non-Branded,16,9
3024,0,NL,0.091716292,ideal,0,-0.495399216,0,Direct Access,16,9
3025,0,NL,-0.861343246,ideal,1,-0.693841827,0,Organic Search,16,9
3026,0,NL,0.231413692,ideal,1,-0.693841827,0,Direct Access,16,10
3027,0,NL,0.12029076,ideal,0,2.98988034,0,Direct Access,16,10
3028,0,NL,-0.651508514,ideal,0,1.14943935,0,Affiliate,16,10
3029,0,NL,-0.081462304,ideal,0,1.330223409,0,Paid Search Branded,16,10
3030,1,NL,0.149153859,ideal,0,1.831084161,1,Paid Search Branded,16,10
3031,0,NL,-0.514697424,ideal,0,2.01186822,0,Paid Search Branded,16,10
3032,0,NL,0.062853192,ideal,1,-0.693841827,0,Paid Search Branded,16,10
3033,1,NL,0.062564561,ideal,1,-0.693841827,0,Paid Search Non-Branded,16,10
3034,0,NL,-0.889917714,ideal,1,-0.693841827,0,Paid Search Branded,16,10
3035,0,NL,-0.2257778,ideal,0,-0.110121714,0,Organic Search,16,10
3036,0,NL,-1.044046664,ideal,0,1.893321296,0,Campaigning,16,10
3037,1,NL,1.534871255,ideal,0,1.937776393,0,Paid Search Branded,16,10
3038,0,NL,0.035433248,ideal,1,-0.693841827,0,Campaigning,16,10
3039,0,NL,-1.03394458,ideal,1,-0.693841827,0,Direct Access,16,10
3040,0,NL,-1.03394458,ideal,0,0.568559424,0,Direct Access,16,10
3041,0,NL,0.379770022,ideal,0,1.516934813,0,Paid Search Branded,16,10
3042,0,NL,-0.485545694,ideal,1,-0.693841827,0,Paid Search Branded,16,10
3043,0,NL,0.12029076,ideal,1,-0.693841827,0,Organic Search,16,10
3044,0,NL,1.650323652,ideal,0,-0.021211521,0,Paid Search Branded,16,10
3045,1,NL,-0.2257778,ideal,0,-0.608018793,1,Direct Access,16,10
3046,0,BE,0.120579391,visa,1,-0.693841827,0,Paid Search Non-Branded,16,10
3047,0,NL,3.613014402,ideal,0,-0.634691851,0,Paid Search Branded,16,10
3048,1,NL,-0.456682594,ideal,1,-0.693841827,0,Paid Search Non-Branded,16,10
3049,0,NL,-0.658724289,ideal,0,-0.021211521,0,Paid Search Branded,16,10
3050,0,NL,-0.081462304,ideal,0,0.378884346,0,Member-get-member,16,11
3051,1,NL,0.120579391,ideal,0,2.370472664,0,Paid Search Branded,16,11
3052,0,NL,0.351484185,ideal,0,1.265022601,1,Organic Search,16,11
3053,1,NL,-0.600998091,ideal,0,2.142269836,0,Organic Search,16,11
3054,1,NL,1.114335899,ideal,0,0.858999387,0,Paid Search Non-Branded,16,11
3055,1,NL,-1.4671797,ideal,0,2.551256723,0,Paid Search Branded,16,11
3056,0,NL,-0.832191516,ideal,1,-0.693841827,0,Paid Search Branded,16,11
3057,0,NL,-0.312367098,ideal,1,-0.693841827,0,Paid Search Non-Branded,16,11
3058,0,NL,-1.03394458,ideal,1,-0.693841827,0,Paid Search Branded,16,11
3059,1,NL,-0.514697424,ideal,1,-0.693841827,0,Paid Search Branded,16,11
3060,1,NL,-0.774465317,ideal,1,-0.693841827,0,Paid Search Branded,16,11
3061,1,NL,-0.023736105,ideal,0,-0.20199558,0,Paid Search Branded,16,11
3062,0,NL,-0.485545694,ideal,0,-0.631728178,0,Direct Access,16,11
3063,0,NL,-0.889917714,visa,1,-0.693841827,0,Paid Search Branded,16,11
3064,0,NL,-0.024024736,ideal,0,0.891599791,0,Direct Access,16,11
3065,0,NL,-0.139477133,ideal,0,-0.584309409,1,Direct Access,16,11
3066,0,NL,-0.832191516,ideal,1,-0.693841827,0,Paid Search Non-Branded,16,12
3067,0,NL,0.264606256,ideal,0,-0.15457681,1,Paid Search Branded,16,12
3068,0,BE,0.091716292,ideal,0,0.693033694,0,Organic Search,16,12
3069,0,NL,2.660532126,ideal,0,1.970376797,0,Direct Access,16,12
3070,1,NL,0.264894887,ideal,0,-0.2879421,0,Direct Access,16,12
3071,0,NL,1.015046837,ideal,1,-0.693841827,1,Paid Search Branded,16,12
3072,1,NL,-0.485545694,ideal,1,-0.693841827,0,Paid Search Branded,16,12
3073,0,NL,-0.485545694,ideal,0,0.805653271,0,Direct Access,16,12
3074,1,NL,1.130787865,visa,0,2.441600818,0,Paid Search Branded,16,12
3075,0,NL,-0.889917714,ideal,1,-0.693841827,1,Organic Search,16,12
3076,0,NL,-0.312655729,ideal,1,-0.693841827,0,Paid Search Branded,16,12
3078,1,NL,0.06227593,ideal,1,-0.693841827,0,Paid Search Branded,16,12
3079,0,NL,1.303966461,visa,1,-0.693841827,1,Organic Search,16,13
3080,0,NL,1.130787865,ideal,1,-0.693841827,0,Organic Search,16,13
3081,1,NL,-0.832191516,ideal,1,-0.693841827,0,Paid Search Branded,16,13
3082,0,NL,0.062853192,ideal,1,-0.693841827,0,Paid Search Non-Branded,16,13
3083,0,NL,-0.312367098,ideal,0,1.789592738,0,Paid Search Non-Branded,16,13
3084,0,NL,2.198433907,ideal,0,0.355174961,0,Paid Search Branded,16,13
3085,0,NL,-0.774465317,visa,0,3.004698706,0,Organic Search,16,13
3086,0,NL,0.639826547,ideal,1,-0.693841827,0,Paid Search Non-Branded,16,13
3087,0,BE,0.062853192,visa,1,-0.693841827,0,Direct Access,16,13
3088,1,NL,-0.312655729,ideal,0,1.35986014,0,Paid Search Branded,16,13
3089,1,NL,-0.023736105,ideal,1,-0.693841827,0,Paid Search Branded,16,13
3090,0,NL,-1.4671797,ideal,0,0.687106348,0,Paid Search Branded,16,13
3091,1,BE,0.639826547,visa,1,-0.693841827,0,Direct Access,16,13
3092,0,NL,-1.03394458,ideal,1,-0.693841827,0,Organic Search,16,13
3094,0,NL,-1.034233211,ideal,0,0.808616945,1,Direct Access,16,13
3095,0,NL,2.977448956,ideal,1,-0.693841827,0,Organic Search,16,13
3096,1,NL,-0.456682594,ideal,0,1.128693638,0,Campaigning,16,13
3097,1,NL,0.437784852,ideal,0,-0.024175194,0,Organic Search,16,14
3098,0,NL,2.227585637,ideal,0,1.608808679,0,Organic Search,16,14
3099,1,NL,2.169570808,ideal,1,-0.693841827,0,Paid Search Branded,16,14
3100,0,NL,-0.456682594,ideal,0,-0.166431503,0,Paid Search Branded,16,14
3101,0,NL,0.264894887,ideal,1,-0.693841827,0,Organic Search,16,14
3102,0,NL,-0.889917714,ideal,0,0.13289948,0,Organic Search,16,14
3103,0,NL,0.120579391,ideal,0,0.029170921,0,Paid Search Branded,16,14
3104,0,NL,-0.918492183,ideal,0,1.146475677,0,Paid Search Branded,16,14
3105,0,BE,-0.823243955,ideal,1,-0.693841827,1,Direct Access,16,14
3107,1,NL,-1.03394458,ideal,1,-0.693841827,0,Paid Search Non-Branded,16,14
3108,0,NL,-0.081462304,ideal,1,-0.693841827,0,Organic Search,16,14
3109,1,NL,-0.456971225,ideal,1,-0.693841827,0,Paid Search Branded,16,14
3110,0,NL,0.784430674,ideal,0,1.259095254,0,Campaigning,16,14
3111,0,NL,-1.322575572,ideal,1,-0.693841827,0,Paid Search Non-Branded,16,14
3112,0,NL,-1.03394458,visa,0,2.406036741,0,Direct Access,16,14
3113,0,NL,2.140996339,visa,0,0.358138635,0,Paid Search Non-Branded,16,15
3114,1,NL,-0.918492183,ideal,1,-0.693841827,0,Organic Search,16,15
3115,1,NL,-0.918492183,ideal,1,-0.693841827,0,Paid Search Branded,16,15
3116,0,NL,1.246240262,ideal,0,2.189688605,0,Paid Search Branded,16,15
3117,0,NL,-0.081750935,ideal,0,0.168463557,0,Organic Search,16,15
3118,0,NL,-0.312367098,ideal,0,-0.519108601,0,Paid Search Branded,16,15
3119,0,NL,-0.889917714,ideal,0,-0.32646985,0,Direct Access,16,15
3120,1,NL,-0.600998091,ideal,1,-0.693841827,0,Organic Search,16,15
3121,0,NL,-0.600998091,ideal,0,2.654985281,0,Campaigning,16,15
3122,0,NL,-1.322575572,ideal,0,2.094851066,0,Paid Search Branded,16,15
3125,1,NL,-0.2257778,ideal,0,2.998771359,0,Direct Access,16,15
3126,0,NL,-1.034233211,ideal,1,-0.693841827,0,Paid Search Branded,16,15
3127,0,NL,0.55352588,ideal,0,-0.012320502,0,Paid Search Branded,16,15
3128,1,NL,-0.399245027,ideal,1,-0.693841827,0,Paid Search Branded,16,15
3129,0,NL,-1.034233211,ideal,0,1.02496508,0,Direct Access,16,15
3130,0,NL,0.178305589,ideal,1,-0.693841827,0,Direct Access,16,15
3131,1,NL,0.351484185,ideal,0,-0.193104561,0,Direct Access,16,15
3132,1,NL,0.004838363,ideal,0,-0.193104561,0,Direct Access,16,15
3133,1,NL,-0.197203332,ideal,0,1.170185062,0,Paid Search Non-Branded,16,15
3134,0,NL,-0.918492183,ideal,1,-0.693841827,1,Organic Search,16,16
3135,1,NL,2.429627332,ideal,0,2.080032701,0,Organic Search,16,16
3136,0,NL,1.419418858,ideal,1,-0.693841827,0,Direct Access,16,16
3137,0,NL,-0.024313367,ideal,1,-0.693841827,0,Organic Search,16,16
3138,0,NL,-0.861343246,ideal,1,-0.693841827,0,Paid Search Branded,16,16
3139,0,NL,-0.600998091,ideal,1,-0.693841827,0,Paid Search Branded,16,16
3140,0,NL,0.726415845,ideal,0,-0.3649976,1,Paid Search Branded,16,16
3141,0,NL,-1.149685608,ideal,1,-0.693841827,0,Paid Search Branded,16,16
3142,0,NL,-1.380879033,ideal,0,-0.616909813,0,Paid Search Branded,16,16
3143,0,NL,-1.03394458,ideal,1,-0.693841827,0,Direct Access,16,16
3144,0,NL,-0.2257778,ideal,0,0.826398983,0,Direct Access,16,16
3145,1,NL,-0.600998091,ideal,1,-0.693841827,0,Paid Search Branded,16,16
3146,0,NL,-0.312655729,ideal,0,-0.649510217,0,Direct Access,16,16
3147,1,NL,1.30367783,ideal,1,-0.693841827,0,Paid Search Non-Branded,16,16
3148,1,NL,0.120579391,ideal,0,-0.640619197,0,Paid Search Branded,16,16
3149,0,NL,-1.4671797,ideal,0,0.820471637,0,Paid Search Branded,16,16
3150,1,NL,-0.485545694,ideal,1,-0.693841827,1,Campaigning,16,16
3151,1,NL,-1.03394458,ideal,0,0.414448423,0,Member-get-member,16,16
3152,0,NL,-0.341230197,ideal,1,-0.693841827,0,Direct Access,16,16
3153,0,NL,-0.352775437,ideal,0,-0.608018793,0,Paid Search Non-Branded,16,16
3155,1,NL,-0.312367098,ideal,0,0.663396963,1,Paid Search Branded,16,17
3156,1,NL,0.437784852,ideal,0,-0.590236755,0,Paid Search Branded,16,17
3157,0,NL,-0.823243955,ideal,0,0.764161848,0,Paid Search Branded,16,17
3158,1,NL,-0.312367098,ideal,0,0.921236522,0,Paid Search Branded,16,17
3160,0,NL,0.697841376,ideal,1,-0.693841827,0,Paid Search Non-Branded,16,17
3161,1,NL,0.235454526,ideal,0,0.070662345,0,Organic Search,16,17
3162,1,NL,-0.600998091,ideal,1,-0.693841827,0,Paid Search Branded,16,17
3163,0,NL,0.351484185,ideal,1,-0.693841827,1,Organic Search,16,17
3164,0,NL,0.207168689,ideal,0,1.253167908,0,Paid Search Branded,16,17
3165,1,NL,0.409210384,ideal,1,-0.693841827,0,Organic Search,16,17
3166,1,NL,-0.2257778,ideal,0,0.933091214,0,Organic Search,16,17
3167,0,NL,0.409210384,ideal,1,-0.693841827,0,Paid Social,16,17
3168,0,NL,-0.658724289,ideal,0,-0.166431503,0,Paid Search Branded,16,18
3169,1,NL,2.08298151,ideal,0,1.155366696,0,Paid Search Branded,16,18
3170,0,NL,0.409210384,ideal,0,2.583857127,0,Paid Search Branded,16,18
3171,0,BE,-1.322864203,visa,0,0.316647211,0,Organic Search,16,18
3172,0,NL,0.553237249,ideal,1,-0.693841827,0,Paid Search Branded,16,18
3173,0,NL,-0.485545694,ideal,1,-0.693841827,0,Paid Search Branded,16,18
3174,1,BE,-0.658724289,ideal,1,-0.693841827,0,Paid Search Branded,16,18
3175,1,NL,-0.2257778,ideal,1,-0.693841827,0,Organic Search,16,18
3176,0,NL,-0.24886828,ideal,1,-0.693841827,0,Paid Search Non-Branded,16,18
3177,1,NL,0.149153859,ideal,0,0.882708772,0,Paid Search Branded,16,18
3178,0,BE,-0.485545694,visa,0,-0.293869446,0,Paid Search Branded,16,18
3179,0,NL,0.726415845,ideal,1,-0.693841827,0,Paid Search Non-Branded,16,18
3180,1,NL,0.120579391,ideal,1,-0.693841827,0,Paid Search Branded,16,18
3181,1,NL,0.87044271,ideal,1,-0.693841827,0,Paid Social,16,19
3182,0,NL,1.130499234,ideal,0,1.585099295,0,Paid Search Branded,16,19
3183,0,NL,-0.889629083,ideal,1,-0.693841827,0,Paid Search Non-Branded,16,19
3184,0,NL,0.668978277,ideal,0,-0.376852292,0,Member-get-member,16,19
3185,0,NL,0.120579391,ideal,1,-0.693841827,0,Paid Search Branded,16,19
3186,1,NL,0.120579391,ideal,0,-0.519108601,0,Direct Access,16,19
3188,0,NL,0.438073483,ideal,1,-0.693841827,0,Direct Access,16,19
3189,1,NL,-0.600998091,ideal,0,0.331465577,0,Paid Search Branded,16,19
3190,0,NL,0.120579391,visa,1,-0.693841827,0,Paid Search Branded,16,19
3191,0,NL,-0.024024736,ideal,1,-0.693841827,1,Paid Search Non-Branded,16,19
3192,0,NL,-0.687876019,ideal,0,-0.596164101,1,Paid Search Branded,16,19
3193,0,NL,-0.658724289,ideal,0,0.491503924,1,Organic Search,16,19
3194,1,NL,0.784430674,ideal,1,-0.693841827,0,Paid Search Branded,16,19
3195,0,NL,0.726415845,ideal,0,-0.590236755,0,Paid Search Branded,16,19
3196,0,NL,2.949163119,ideal,0,1.43691564,0,Paid Search Branded,16,19
3197,1,NL,-0.139477133,ideal,1,-0.693841827,1,Organic Search,16,19
3198,1,NL,-0.023736105,ideal,1,-0.693841827,0,Paid Search Non-Branded,16,19
3199,0,NL,-0.918492183,ideal,0,-0.27905108,0,Organic Search,16,19
3200,0,NL,-0.508636173,ideal,1,-0.693841827,0,Organic Search,16,19
3201,0,NL,-1.03394458,ideal,1,-0.693841827,1,Organic Search,16,19
3202,0,NL,0.409210384,ideal,1,-0.693841827,0,Paid Search Non-Branded,16,19
3203,1,NL,-0.312655729,ideal,1,-0.693841827,0,Paid Search Non-Branded,16,19
3204,0,NL,-1.03394458,ideal,1,-0.693841827,0,Direct Access,16,19
3205,0,NL,-0.341807459,ideal,0,-0.050848252,0,Affiliate,16,19
3206,0,NL,-0.918492183,ideal,1,-0.693841827,0,Paid Search Branded,16,19
3207,0,NL,-0.485545694,ideal,1,-0.693841827,0,Organic Search,16,19
3209,0,NL,-0.081462304,ideal,1,-0.693841827,0,Organic Search,16,20
3210,1,NL,-0.197203332,ideal,0,-0.640619197,0,Paid Search Branded,16,20
3211,0,NL,-0.601286722,ideal,1,-0.693841827,0,Direct Access,16,20
3212,0,NL,0.084500517,ideal,0,1.866648238,0,Campaigning,16,20
3213,0,NL,0.697552745,ideal,0,-0.273123734,0,Paid Search Branded,16,20
3214,1,NL,-0.918492183,ideal,1,-0.693841827,0,Paid Search Branded,16,20
3215,0,NL,0.351484185,ideal,0,0.82343531,1,Paid Search Branded,16,20
3216,0,NL,-0.456682594,visa,0,-0.160504157,1,Paid Search Branded,16,20
3217,1,NL,-1.322864203,ideal,0,-0.3649976,0,Paid Search Branded,16,20
3218,0,NL,-1.03394458,ideal,0,1.460625025,0,Organic Search,16,20
3219,1,NL,-0.889917714,ideal,1,-0.693841827,0,Organic Search,16,20
3220,1,NL,0.870731341,ideal,1,-0.693841827,0,Organic Search,16,20
3221,0,NL,1.506008156,visa,1,-0.693841827,0,Paid Search Branded,16,20
3222,1,NL,0.091716292,ideal,0,0.369993327,0,Direct Access,16,20
3223,0,NL,-0.832191516,ideal,1,-0.693841827,0,Paid Search Branded,16,20
3224,1,NL,-0.196914701,ideal,0,-0.631728178,0,Direct Access,16,20
3225,1,NL,-0.456682594,ideal,1,-0.693841827,0,Direct Access,16,20
3226,0,NL,0.969154509,ideal,1,-0.693841827,0,Direct Access,16,20
3227,0,BE,0.351484185,visa,0,-0.430198408,0,Organic Search,16,20
3228,0,NL,-0.861343246,ideal,0,-0.610982467,0,Direct Access,16,20
3229,0,NL,-1.322864203,ideal,0,2.029650258,0,Paid Search Branded,16,20
3230,1,NL,-0.918492183,ideal,0,-0.276087407,0,Paid Search Branded,16,20
3231,0,NL,-0.277731379,ideal,0,0.12400846,0,Affiliate,16,20
3232,0,NL,0.784430674,ideal,0,1.256131581,0,Direct Access,16,20
3233,1,NL,0.235454526,ideal,0,-0.273123734,0,Direct Access,16,20
3234,0,NL,0.524662781,ideal,1,-0.693841827,1,Paid Search Non-Branded,16,20
3235,1,NL,0.986472369,ideal,1,-0.693841827,1,Organic Search,16,20
3236,1,NL,-0.312367098,ideal,1,-0.693841827,0,Paid Search Branded,16,20
3237,0,NL,0.120579391,ideal,0,0.41148475,0,Paid Search Branded,16,20
3238,1,NL,0.004838363,ideal,1,-0.693841827,1,Paid Search Branded,16,20
3239,0,NL,-0.197203332,ideal,0,-0.52799962,0,Paid Search Branded,16,21
3240,1,NL,-0.600998091,ideal,1,-0.693841827,0,Paid Search Non-Branded,16,21
3241,1,NL,0.207168689,ideal,1,-0.693841827,0,Paid Search Non-Branded,16,21
3242,0,NL,0.221311607,ideal,0,-0.335360869,0,Affiliate,16,21
3243,0,NL,-0.312367098,ideal,0,-0.516144928,0,Paid Search Non-Branded,16,21
3244,1,NL,0.351484185,ideal,0,-0.587273082,1,Campaigning,16,21
3245,1,NL,-0.514986055,ideal,1,-0.693841827,0,Paid Search Non-Branded,16,21
3246,1,NL,-0.485545694,ideal,1,-0.693841827,0,Paid Search Branded,16,21
3247,0,BE,4.161413288,ideal,0,1.259095254,0,Direct Access,16,21
3248,1,NL,-0.485545694,ideal,0,-0.166431503,0,Paid Search Branded,16,21
3249,1,NL,-0.081750935,ideal,1,-0.693841827,0,Paid Search Branded,16,21
3250,0,NL,-0.485545694,ideal,1,-0.693841827,0,Organic Search,16,21
3251,1,NL,0.841579611,ideal,0,0.864926733,0,Organic Search,16,21
3252,0,NL,-0.2257778,ideal,0,0.595232482,0,Paid Search Branded,16,21
3253,0,NL,0.149153859,ideal,1,-0.693841827,1,Paid Search Branded,16,21
3254,1,NL,-0.2257778,ideal,0,-0.643582871,0,Paid Search Branded,16,21
3255,1,NL,-0.312367098,ideal,1,-0.693841827,0,Paid Search Branded,16,21
3256,0,NL,-0.600998091,ideal,0,-0.409452696,0,Organic Search,16,21
3257,0,NL,1.506008156,ideal,1,-0.693841827,0,Direct Access,16,21
3258,0,NL,-0.226066431,ideal,0,-0.166431503,1,Paid Search Branded,16,21
3259,0,NL,-0.861343246,ideal,1,-0.693841827,0,Paid Search Non-Branded,16,21
3260,0,NL,-0.659301551,visa,1,-0.693841827,0,Paid Search Branded,16,21
3261,1,NL,-0.456971225,ideal,1,-0.693841827,0,Paid Search Branded,16,21
3262,0,NL,1.563445723,ideal,0,-0.32646985,0,Paid Search Branded,16,21
3263,0,NL,0.120579391,ideal,1,-0.693841827,1,Paid Search Branded,16,21
3264,0,NL,-0.023736105,ideal,1,-0.693841827,0,Organic Search,16,21
3265,0,NL,-1.4671797,ideal,1,-0.693841827,0,Paid Search Non-Branded,16,21
3266,0,NL,-0.081462304,ideal,1,-0.693841827,0,Direct Access,16,22
3267,0,NL,-0.658724289,ideal,1,-0.693841827,0,Organic Search,16,22
3268,0,NL,1.101924766,ideal,0,2.074105355,0,Direct Access,16,22
3269,0,NL,-0.889629083,ideal,0,0.604123501,0,Direct Access,16,22
3270,0,NL,-0.500265874,ideal,0,0.817507964,0,Direct Access,16,22
3271,1,NL,-0.572423622,ideal,0,0.675251655,0,Direct Access,16,22
3272,0,NL,0.322332455,visa,1,-0.693841827,1,Paid Search Non-Branded,16,22
3273,0,NL,-0.196914701,ideal,0,-0.284978426,0,Paid Search Branded,16,22
3274,0,NL,0.264606256,ideal,0,0.138826826,0,Paid Search Branded,16,22
3275,0,NL,1.101924766,ideal,0,-0.305724138,1,Paid Search Branded,16,22
3276,0,BE,-0.658724289,visa,0,0.405557404,0,Direct Access,16,22
3277,0,NL,-1.03394458,ideal,1,-0.693841827,0,Direct Access,16,22
3278,0,NL,-0.600998091,ideal,0,2.385291029,0,Paid Search Branded,16,22
3279,0,NL,1.044198567,ideal,1,-0.693841827,0,Organic Search,16,22
3280,0,NL,1.419418858,ideal,1,-0.693841827,1,Paid Search Branded,16,22
3281,1,BE,-0.226066431,visa,1,-0.693841827,0,Paid Search Branded,16,22
3282,0,NL,-1.03394458,ideal,0,2.895042801,0,Direct Access,16,22
3283,0,NL,0.380058653,ideal,0,2.074105355,0,Paid Search Branded,16,22
3284,0,NL,-0.658724289,ideal,0,1.893321296,0,Paid Search Branded,16,22
3285,0,NL,-0.067030754,ideal,0,0.998292022,0,Direct Access,16,22
3286,1,NL,-0.168340233,ideal,1,-0.693841827,0,Direct Access,16,22
3287,1,NL,-0.081750935,ideal,1,-0.693841827,0,Paid Search Branded,16,22
3288,1,NL,0.918355455,ideal,0,1.238349543,0,Direct Access,16,22
3289,0,NL,0.726415845,ideal,0,0.850108368,0,Direct Access,16,22
3290,0,NL,-0.249156911,ideal,0,-0.628764505,0,Direct Access,16,23
3291,0,NL,-0.572423622,ideal,1,-0.693841827,0,Direct Access,16,23
3292,0,NL,-0.312367098,ideal,0,1.232422197,0,Direct Access,16,23
3293,0,NL,-0.602152615,ideal,0,0.541886366,0,Paid Search Branded,16,23
3295,1,NL,0.004838363,ideal,1,-0.693841827,0,Paid Search Branded,16,23
3296,0,NL,-0.485545694,ideal,0,0.974582638,0,Direct Access,16,23
3297,0,NL,-1.03394458,ideal,1,-0.693841827,0,Paid Search Branded,16,23
3298,0,NL,-0.600998091,ideal,0,2.459382857,0,Paid Search Non-Branded,16,0
3299,0,NL,-0.658724289,visa,0,2.293417164,0,Paid Social,16,0
3300,0,NL,0.062853192,ideal,1,-0.693841827,1,Organic Search,16,0
3301,0,NL,-0.456682594,ideal,1,-0.693841827,1,Direct Access,17,5
3302,0,NL,-0.889917714,ideal,0,-0.516144928,1,Campaigning,17,6
3303,1,NL,-0.794669487,ideal,0,1.173148735,0,Campaigning,17,6
3304,0,NL,-0.312367098,ideal,0,1.422097275,0,Campaigning,17,7
3305,0,NL,-1.582920728,ideal,0,0.918272849,0,Campaigning,17,7
3306,0,NL,-1.03394458,ideal,0,1.202785466,0,Paid Search Non-Branded,17,7
3307,0,NL,-1.03394458,visa,0,-0.385743312,0,Paid Search Branded,17,7
3308,0,NL,-0.081462304,ideal,0,-0.492435543,0,Direct Access,17,7
3309,0,NL,0.062853192,visa,0,-0.003429483,0,Paid Search Branded,17,8
3310,0,NL,0.207168689,visa,0,2.085960047,0,Paid Search Branded,17,8
3311,0,BE,-0.2257778,visa,0,-0.655437563,0,Paid Search Non-Branded,17,8
3312,0,NL,-0.485545694,ideal,0,1.585099295,0,Paid Search Branded,17,8
3313,0,NL,0.264894887,ideal,1,-0.693841827,0,Direct Access,17,9
3314,0,NL,0.697841376,ideal,1,-0.693841827,0,Direct Access,17,9
3315,1,NL,-0.341230197,ideal,1,-0.693841827,0,Organic Search,17,9
3316,0,NL,-0.341518828,ideal,1,-0.693841827,0,Direct Access,17,9
3317,1,NL,0.120579391,ideal,1,-0.693841827,0,Paid Search Branded,17,9
3318,0,NL,-0.601286722,visa,0,2.545329376,0,Paid Search Branded,17,9
3319,1,NL,-0.514408793,ideal,0,1.395424217,0,Paid Search Branded,17,9
3320,0,NL,-0.602729877,ideal,0,0.86196306,0,Direct Access,17,9
3321,0,NL,0.207168689,ideal,0,1.339114428,1,Direct Access,17,9
3322,1,NL,-0.2257778,ideal,1,-0.693841827,1,Paid Social,17,9
3323,1,NL,-1.03394458,ideal,1,-0.693841827,0,Paid Search Branded,17,9
3324,1,NL,-0.312367098,visa,0,2.637203242,1,Paid Search Branded,17,9
3325,0,NL,-0.160835827,visa,0,0.826398983,0,Paid Search Non-Branded,17,9
3326,0,NL,-0.658724289,ideal,0,-0.379815965,0,Paid Search Branded,17,9
3327,0,BE,-0.081462304,visa,0,1.208712812,0,Campaigning,17,9
3328,0,NL,-0.600998091,ideal,0,1.22649485,0,Paid Search Branded,17,9
3329,0,NL,0.221311607,ideal,0,2.554220396,0,Paid Search Non-Branded,17,9
3330,1,NL,-0.456971225,ideal,1,-0.693841827,0,Paid Search Non-Branded,17,9
3331,0,NL,0.120579391,ideal,1,-0.693841827,0,Paid Search Branded,17,9
3332,0,NL,-0.196914701,ideal,0,0.633760232,0,Campaigning,17,9
3333,1,NL,-0.053176467,ideal,1,-0.693841827,0,Paid Search Branded,17,9
3334,1,NL,4.334303253,ideal,1,-0.693841827,0,Paid Search Branded,17,9
3335,0,NL,-0.485545694,ideal,0,-0.584309409,0,Direct Access,17,10
3336,0,NL,-0.918492183,ideal,0,-0.157540483,0,Campaigning,17,10
3337,0,NL,2.804847623,ideal,1,-0.693841827,0,Organic Search,17,10
3338,1,NL,-0.196914701,ideal,0,1.596953987,0,Campaigning,17,10
3339,0,BE,-0.2257778,visa,1,-0.693841827,0,Paid Search Branded,17,10
3340,0,NL,-0.600998091,visa,0,0.684142675,0,Campaigning,17,10
3341,1,BE,-0.889917714,visa,1,-0.693841827,0,Direct Access,17,10
3342,0,NL,-0.832191516,visa,1,-0.693841827,0,Paid Search Non-Branded,17,10
3343,1,NL,-0.600998091,ideal,0,1.042747119,0,Campaigning,17,10
3344,0,NL,-1.4671797,ideal,0,-0.270160061,0,Paid Search Branded,17,10
3345,1,NL,-0.600998091,ideal,0,1.042747119,0,Campaigning,17,10
3346,0,NL,-0.600998091,ideal,1,-0.693841827,0,Paid Search Branded,17,10
3347,0,NL,-0.312367098,ideal,1,-0.693841827,0,Organic Search,17,10
3348,1,BE,4.536633578,visa,0,0.067698672,0,Organic Search,17,10
3349,1,BE,-0.485545694,ideal,1,-0.693841827,0,Paid Search Branded,17,11
3350,1,NL,-0.658724289,ideal,0,1.516934813,0,Paid Search Branded,17,11
3351,0,NL,-0.2257778,ideal,0,0.141790499,0,Campaigning,17,11
3352,1,NL,0.409210384,ideal,1,-0.693841827,0,Paid Search Branded,17,11
3353,0,NL,-0.485545694,ideal,0,-0.513181254,0,Paid Search Branded,17,11
3354,0,NL,0.120579391,visa,0,2.557184069,0,Organic Search,17,11
3355,0,NL,0.409210384,ideal,1,-0.693841827,0,Direct Access,17,11
3356,0,NL,-0.081462304,ideal,0,1.419133601,0,Organic Search,17,11
3357,0,NL,-0.197203332,ideal,0,0.897527137,0,Organic Search,17,11
3358,1,NL,0.062564561,visa,1,-0.693841827,0,Paid Search Non-Branded,17,11
3359,1,NL,-0.168340233,ideal,1,-0.693841827,1,Affiliate,17,11
3360,0,NL,-0.2257778,ideal,1,-0.693841827,0,Direct Access,17,11
3361,0,NL,0.264894887,ideal,1,-0.693841827,0,Organic Search,17,11
3362,0,NL,-0.774465317,ideal,1,-0.693841827,0,Direct Access,17,11
3363,0,NL,-0.456682594,ideal,0,2.732040781,0,Paid Search Branded,17,11
3364,0,BE,1.130787865,visa,0,1.410242582,0,Campaigning,17,11
3366,0,NL,-0.586566541,ideal,1,-0.693841827,0,Organic Search,17,11
3367,0,NL,0.380058653,ideal,1,-0.693841827,0,Paid Search Branded,17,11
3368,0,NL,-1.03394458,ideal,1,-0.693841827,0,Paid Search Non-Branded,17,11
3369,0,NL,-0.572423622,ideal,0,-0.590236755,0,Campaigning,17,11
3370,0,NL,1.101924766,ideal,1,-0.693841827,0,Paid Search Branded,17,12
3371,1,NL,2.537575323,ideal,0,1.496189102,1,Campaigning,17,12
3372,0,NL,-0.774176686,ideal,0,1.131657312,1,Paid Search Branded,17,12
3373,0,NL,-0.2257778,ideal,0,2.21339799,0,Paid Search Non-Branded,17,12
3374,1,NL,0.409210384,ideal,1,-0.693841827,0,Organic Search,17,12
3375,0,NL,-0.485545694,ideal,1,-0.693841827,0,Paid Search Branded,17,12
3376,1,BE,2.717969694,visa,0,-0.056775598,0,Paid Search Non-Branded,17,12
3377,0,NL,-0.861054615,ideal,0,0.624869213,0,Paid Search Branded,17,12
3378,0,NL,-1.4671797,ideal,0,1.644372756,0,Paid Search Branded,17,12
3379,0,NL,-0.485545694,ideal,1,-0.693841827,0,Direct Access,17,12
3380,0,NL,2.573942828,ideal,0,1.045710792,1,Campaigning,17,12
3381,0,NL,0.351195554,ideal,1,-0.693841827,0,Paid Search Non-Branded,17,12
3382,1,NL,-0.774465317,ideal,1,-0.693841827,0,Organic Search,17,12
3383,0,NL,-0.197203332,ideal,1,-0.693841827,0,Organic Search,17,12
3385,0,NL,0.091427661,ideal,0,0.174390903,0,Organic Search,17,12
3386,0,NL,1.419418858,ideal,1,-0.693841827,1,Direct Access,17,12
3387,1,NL,-0.572423622,ideal,0,2.201543298,0,Paid Search Branded,17,12
3388,1,NL,0.986472369,ideal,0,0.038061941,0,Direct Access,17,12
3389,0,BE,-0.196914701,visa,1,-0.693841827,0,Paid Search Non-Branded,17,12
3390,0,BE,0.033701462,visa,1,-0.693841827,0,Paid Search Non-Branded,17,13
3391,1,NL,0.062853192,ideal,1,-0.693841827,0,Campaigning,17,13
3392,0,NL,-0.31294436,ideal,1,-0.693841827,0,Paid Search Branded,17,13
3393,1,NL,0.293469356,ideal,1,-0.693841827,0,Paid Search Branded,17,13
3394,1,NL,2.573942828,ideal,1,-0.693841827,0,Paid Search Non-Branded,17,13
3395,1,NL,0.697841376,ideal,1,-0.693841827,0,Organic Search,17,13
3396,0,NL,1.130787865,ideal,0,0.915309176,0,Campaigning,17,13
3397,0,NL,0.524662781,ideal,0,-0.290905773,0,Direct Access,17,13
3398,1,NL,1.506008156,ideal,1,-0.693841827,1,Paid Search Branded,17,13
3399,0,NL,-0.132261359,ideal,0,0.615978194,0,Direct Access,17,13
3400,0,NL,-0.301110489,ideal,1,-0.693841827,0,Organic Search,17,13
3401,0,NL,-0.197203332,ideal,1,-0.693841827,0,Paid Search Branded,17,13
3402,0,NL,-0.341230197,ideal,0,2.509765299,0,Campaigning,17,13
3403,0,NL,0.351484185,ideal,0,0.568559424,0,Paid Search Branded,17,13
3404,1,NL,0.120579391,ideal,0,2.228216356,0,Organic Search,17,13
3405,0,NL,0.55352588,ideal,0,-0.548745332,0,Direct Access,17,13
3406,0,NL,-0.081750935,ideal,0,-0.525035947,0,Campaigning,17,13
3407,1,BE,-0.052599205,visa,1,-0.693841827,0,Paid Search Non-Branded,17,13
3408,0,BE,-0.456682594,visa,1,-0.693841827,0,Paid Search Branded,17,13
3410,0,NL,0.697841376,visa,0,0.94790958,0,Direct Access,17,13
3411,1,NL,-0.370670559,ideal,1,-0.693841827,1,Organic Search,17,14
3412,0,NL,0.120579391,ideal,0,-0.160504157,0,Direct Access,17,14
3413,1,NL,-1.322864203,ideal,0,1.374678505,0,Organic Search,17,14
3414,0,NL,0.351484185,ideal,0,1.143512004,0,Campaigning,17,14
3415,1,NL,2.227585637,ideal,0,-0.495399216,0,Paid Search Branded,17,14
3416,1,NL,1.130787865,ideal,1,-0.693841827,0,Campaigning,17,14
3417,1,NL,-0.353352699,ideal,0,1.433951967,0,Paid Search Branded,17,14
3418,1,NL,-0.249156911,ideal,0,-0.468726158,0,Paid Search Branded,17,14
3419,0,NL,-0.093007544,ideal,1,-0.693841827,0,Paid Search Non-Branded,17,14
3420,1,NL,0.120579391,ideal,1,-0.693841827,0,Organic Search,17,14
3421,1,NL,-0.22289149,visa,0,-0.148649464,0,Paid Search Non-Branded,17,14
3422,1,NL,-0.831902885,ideal,0,1.309477697,0,Affiliate,17,14
3423,0,NL,-0.456682594,ideal,1,-0.693841827,0,Paid Search Branded,17,14
3424,1,NL,-0.918492183,ideal,0,0.906418157,0,Campaigning,17,14
3425,1,NL,-0.312367098,ideal,1,-0.693841827,0,Paid Search Branded,17,14
3426,0,NL,-0.168340233,ideal,1,-0.693841827,0,Paid Search Branded,17,14
3427,0,NL,0.957320639,visa,0,1.146475677,0,Campaigning,17,14
3428,0,NL,1.592308822,ideal,1,-0.693841827,0,Paid Search Branded,17,14
3429,0,NL,0.207168689,ideal,0,-0.465762485,0,Campaigning,17,14
3430,1,NL,-0.197491963,ideal,1,-0.693841827,0,Organic Search,17,14
3431,0,BE,0.351484185,visa,0,-0.308687811,0,Direct Access,17,14
3432,0,NL,-0.196914701,ideal,0,1.096093234,0,Direct Access,17,14
3433,0,NL,-0.918492183,ideal,0,0.888636118,0,Organic Search,17,14
3434,0,NL,-0.312655729,ideal,0,1.585099295,0,Paid Search Branded,17,14
3435,0,NL,1.823502248,ideal,0,0.568559424,0,Organic Search,17,14
3436,0,NL,-1.03394458,visa,0,-0.643582871,0,Member-get-member,17,14
3437,0,NL,-0.255218161,ideal,1,-0.693841827,1,Paid Search Branded,17,14
3438,0,NL,-0.312367098,ideal,1,-0.693841827,0,Organic Search,17,14
3439,1,NL,-0.081462304,ideal,0,0.153645191,0,Paid Search Branded,17,14
3440,1,NL,-0.600998091,ideal,1,-0.693841827,0,Paid Search Non-Branded,17,15
3441,1,NL,-0.600998091,ideal,1,-0.693841827,0,Paid Search Non-Branded,17,15
3442,0,NL,0.697841376,visa,0,0.589305136,0,Campaigning,17,15
3443,1,NL,0.120579391,visa,1,-0.693841827,0,Paid Search Branded,17,15
3444,0,NL,0.582100348,ideal,0,2.400109395,0,Campaigning,17,15
3445,1,NL,-0.139477133,visa,1,-0.693841827,0,Paid Search Non-Branded,17,15
3446,1,NL,-0.600998091,visa,0,1.386533197,0,Campaigning,17,15
3447,0,NL,-0.774465317,ideal,1,-0.693841827,0,Direct Access,17,15
3448,0,NL,-0.139477133,ideal,0,-0.264232715,0,Paid Search Branded,17,15
3449,1,NL,0.206880058,ideal,0,2.180797586,1,Paid Search Non-Branded,17,15
3450,0,NL,-1.034233211,ideal,1,-0.693841827,0,Paid Search Branded,17,15
3451,0,NL,-0.600998091,ideal,1,-0.693841827,1,Organic Search,17,15
3452,0,NL,-0.600998091,ideal,0,-0.655437563,1,Organic Search,17,15
3453,0,NL,-0.658724289,ideal,1,-0.693841827,0,Organic Search,17,15
3454,0,NL,-0.485545694,ideal,0,-0.643582871,0,Organic Search,17,15
3455,1,NL,1.107697386,ideal,0,1.890357623,1,Direct Access,17,15
3456,0,NL,-0.889629083,visa,0,1.081274869,0,Campaigning,17,15
3457,0,NL,0.329836861,ideal,0,1.199821793,0,Paid Search Branded,17,16
3458,0,NL,-0.023736105,ideal,0,0.183281922,0,Direct Access,17,16
3459,1,NL,0.553237249,ideal,1,-0.693841827,0,Organic Search,17,16
3460,1,NL,-0.341230197,ideal,1,-0.693841827,0,Organic Search,17,16
3461,1,NL,-1.322575572,ideal,1,-0.693841827,0,Paid Search Non-Branded,17,16
3462,1,NL,0.120579391,ideal,1,-0.693841827,0,Organic Search,17,16
3463,0,NL,0.062564561,ideal,1,-0.693841827,1,Paid Search Branded,17,16
3464,0,NL,-0.600998091,ideal,1,-0.693841827,0,Paid Search Branded,17,16
3465,1,NL,-0.600998091,ideal,0,2.240071048,0,Paid Search Branded,17,16
3466,0,NL,-0.341230197,ideal,0,0.805653271,0,Direct Access,17,16
3467,1,NL,0.235165895,ideal,0,0.301828846,1,Paid Search Branded,17,16
3468,1,NL,0.091427661,ideal,0,-0.196068234,1,Direct Access,17,16
3469,0,NL,-0.918492183,ideal,1,-0.693841827,0,Paid Search Branded,17,16
3470,0,NL,0.816180083,ideal,0,-0.628764505,0,Direct Access,17,16
3471,1,NL,0.293469356,ideal,1,-0.693841827,1,Paid Search Branded,17,16
3472,1,NL,-0.485545694,ideal,1,-0.693841827,0,Paid Search Branded,17,16
3473,1,NL,-1.03394458,ideal,1,-0.693841827,0,Paid Search Non-Branded,17,16
3474,0,NL,0.409210384,ideal,1,-0.693841827,0,Paid Search Branded,17,16
3475,0,NL,-0.312367098,ideal,1,-0.693841827,0,Organic Search,17,17
3476,1,NL,0.351484185,ideal,0,-0.637655524,0,Paid Search Branded,17,17
3477,0,NL,-0.889917714,ideal,1,-0.693841827,0,Paid Search Non-Branded,17,17
3478,1,NL,-0.197203332,ideal,0,1.22649485,0,Paid Search Branded,17,17
3479,0,NL,-0.197203332,ideal,1,-0.693841827,0,Paid Search Branded,17,17
3480,0,NL,-0.889917714,ideal,1,-0.693841827,0,Organic Search,17,17
3481,1,NL,-0.600998091,ideal,1,-0.693841827,0,Organic Search,17,17
3482,0,NL,2.429627332,ideal,1,-0.693841827,0,Paid Search Branded,17,17
3483,0,NL,0.120579391,ideal,1,-0.693841827,0,Paid Search Branded,17,17
3484,0,NL,-0.2257778,ideal,1,-0.693841827,0,Direct Access,17,17
3485,1,NL,-1.03394458,ideal,1,-0.693841827,0,Paid Search Non-Branded,17,17
3486,0,NL,-1.322864203,ideal,1,-0.693841827,0,Direct Access,17,17
3487,0,NL,-0.658724289,ideal,1,-0.693841827,1,Direct Access,17,17
3488,0,NL,0.120579391,ideal,0,0.838253675,0,Paid Search Branded,17,17
3489,0,BE,-1.03394458,visa,1,-0.693841827,0,Direct Access,17,17
3490,1,NL,3.093478615,ideal,0,-0.569491043,0,Paid Search Branded,17,17
3491,0,NL,1.506008156,ideal,0,1.834047834,0,Paid Search Branded,17,18
3492,0,NL,-0.197203332,ideal,0,-0.258305369,0,Paid Search Branded,17,18
3493,1,NL,0.12029076,ideal,0,2.210434317,0,Paid Search Branded,17,18
3494,0,NL,-0.312367098,ideal,1,-0.693841827,0,Paid Search Branded,17,18
3496,0,NL,-1.438605231,ideal,0,-0.649510217,0,Direct Access,17,18
3497,1,NL,0.784430674,ideal,1,-0.693841827,0,Paid Search Non-Branded,17,18
3498,1,NL,-0.023736105,ideal,1,-0.693841827,0,Paid Search Branded,17,18
3499,0,NL,-0.456682594,visa,0,3.004698706,1,Organic Search,17,18
3500,1,NL,0.437784852,ideal,0,-0.329433523,0,Direct Access,17,18
3501,0,NL,0.351484185,visa,0,-0.519108601,1,Organic Search,17,18
3502,0,BE,-0.312367098,ideal,0,-0.628764505,0,Organic Search,17,18
3503,0,NL,-0.803328417,ideal,1,-0.693841827,0,Direct Access,17,18
3504,0,NL,-1.322575572,ideal,0,1.754028661,0,Direct Access,17,18
3505,0,NL,2.083270141,ideal,0,1.392460544,0,Paid Search Non-Branded,17,18
3506,0,NL,2.429627332,ideal,0,-0.610982467,1,Direct Access,17,18
3507,0,NL,0.553237249,ideal,0,-0.608018793,0,Organic Search,17,18
3508,1,NL,-0.28379263,ideal,0,-0.199031907,0,Paid Search Branded,17,18
3509,0,NL,5.691157549,ideal,0,1.51397114,0,Campaigning,17,18
3510,0,NL,-0.160835827,ideal,1,-0.693841827,0,Direct Access,17,18
3511,1,NL,-0.312367098,ideal,0,0.734525117,0,Organic Search,17,18
3512,1,NL,0.380058653,ideal,0,2.936534225,0,Paid Search Branded,17,19
3513,0,NL,-0.023736105,ideal,0,0.118081114,0,Direct Access,17,19
3514,1,NL,-0.456682594,ideal,1,-0.693841827,0,Paid Search Non-Branded,17,19
3515,1,NL,0.409210384,ideal,0,1.736246622,0,Organic Search,17,19
3516,0,NL,0.812716511,ideal,0,0.936054887,0,Paid Search Branded,17,19
3517,1,NL,0.697841376,ideal,0,1.14943935,0,Direct Access,17,19
3518,0,NL,-0.052887836,ideal,0,1.854793546,0,Direct Access,17,19
3519,0,NL,-0.312367098,ideal,0,1.51397114,0,Direct Access,17,19
3520,1,NL,0.409210384,visa,0,2.320090221,0,Paid Search Branded,17,19
3521,1,NL,2.140996339,ideal,0,1.220567504,0,Direct Access,17,19
3522,1,NL,-0.600998091,ideal,0,-0.332397196,0,Organic Search,17,19
3523,0,NL,-0.485545694,ideal,0,0.129935806,0,Organic Search,17,19
3524,0,NL,-0.572423622,ideal,0,1.23538587,0,Campaigning,17,19
3525,0,NL,-0.312367098,ideal,1,-0.693841827,0,Paid Search Branded,17,19
3526,0,NL,-0.2257778,ideal,0,-0.193104561,0,Direct Access,17,19
3527,1,NL,0.409210384,ideal,0,1.306514024,0,Organic Search,17,19
3528,1,BE,-0.081462304,visa,1,-0.693841827,1,Organic Search,17,19
3529,1,NL,-0.312655729,ideal,1,-0.693841827,0,Paid Search Branded,17,19
3530,0,NL,-0.456682594,visa,1,-0.693841827,0,Paid Search Non-Branded,17,19
3531,0,NL,2.4870649,ideal,0,0.242555384,1,Paid Search Branded,17,19
3532,1,NL,-0.600998091,ideal,1,-0.693841827,0,Paid Search Branded,17,19
3533,0,NL,0.697841376,ideal,1,-0.693841827,0,Direct Access,17,20
3534,0,NL,-0.861343246,ideal,0,0.014352556,0,Direct Access,17,20
3535,1,NL,-0.341230197,ideal,1,-0.693841827,0,Paid Search Branded,17,20
3536,0,NL,0.351484185,ideal,0,0.90938183,0,Paid Search Branded,17,20
3537,0,NL,-0.052887836,ideal,1,-0.693841827,0,Paid Search Branded,17,20
3538,1,NL,-0.312655729,ideal,1,-0.693841827,0,Paid Search Branded,17,20
3539,0,NL,-0.572423622,ideal,1,-0.693841827,0,Paid Search Branded,17,20
3540,1,NL,-0.2257778,ideal,0,0.269228442,0,Organic Search,17,20
3541,1,NL,-0.600998091,ideal,1,-0.693841827,0,Paid Search Non-Branded,17,20
3542,1,NL,-0.341230197,ideal,0,-0.142722118,0,Paid Search Branded,17,20
3543,0,NL,0.120579391,visa,1,-0.693841827,0,Paid Search Branded,17,20
3544,0,NL,0.206880058,ideal,0,-0.492435543,0,Paid Search Branded,17,20
3545,1,NL,1.073061667,ideal,1,-0.693841827,0,Paid Search Branded,17,20
3546,0,NL,-0.485545694,ideal,0,2.130415144,0,Paid Search Branded,17,20
3547,0,NL,0.206880058,ideal,0,-0.45094412,0,Paid Search Branded,17,20
3548,0,NL,-0.600998091,ideal,0,1.623627045,0,Paid Search Branded,17,20
3549,0,NL,0.264894887,visa,0,-0.323506177,0,Direct Access,17,20
3550,0,NL,-0.168340233,ideal,1,-0.693841827,0,Direct Access,17,20
3551,1,NL,-0.600998091,ideal,0,1.0338561,0,Paid Search Branded,17,20
3552,1,NL,-0.676042149,ideal,0,0.873817753,0,Campaigning,17,20
3553,1,NL,0.524662781,ideal,0,0.814544291,0,Organic Search,17,20
3554,1,NL,-0.602152615,ideal,0,1.087202215,0,Organic Search,17,20
3555,0,NL,0.55352588,ideal,1,-0.693841827,0,Paid Search Non-Branded,17,20
3556,1,NL,2.140996339,ideal,0,-0.059739271,1,Paid Search Branded,17,20
3557,0,NL,-0.2257778,ideal,1,-0.693841827,0,Paid Search Branded,17,20
3558,0,NL,1.70776122,ideal,1,-0.693841827,0,Paid Search Branded,17,20
3559,0,NL,-0.485545694,ideal,0,-0.610982467,1,Organic Search,17,21
3561,1,BE,-0.312367098,visa,1,-0.693841827,0,Organic Search,17,21
3562,0,NL,-0.067030754,ideal,0,1.68586418,0,Paid Search Non-Branded,17,21
3563,1,NL,0.697841376,ideal,0,0.817507964,0,Campaigning,17,21
3564,0,NL,1.361692659,ideal,0,2.165979221,0,Paid Search Branded,17,21
3565,0,BE,-0.067030754,visa,1,-0.693841827,0,Paid Search Non-Branded,17,21
3566,0,NL,-1.03394458,ideal,1,-0.693841827,0,Paid Search Branded,17,21
3567,0,NL,-0.528840342,ideal,0,0.752307156,0,Campaigning,17,21
3568,0,NL,0.004549732,ideal,1,-0.693841827,0,Paid Search Branded,17,21
3569,1,NL,1.996392212,ideal,0,0.485576577,0,Paid Search Branded,17,21
3570,0,NL,0.120579391,ideal,0,2.545329376,0,Direct Access,17,21
3571,1,NL,0.55352588,ideal,1,-0.693841827,1,Paid Search Branded,17,21
3572,0,NL,-1.034233211,ideal,0,1.629554391,0,Direct Access,17,21
3573,1,NL,1.361692659,ideal,0,2.002977201,0,Direct Access,17,21
3574,1,NL,0.408921753,ideal,0,1.336150755,0,Direct Access,17,21
3575,0,NL,3.035175155,ideal,0,0.989401003,0,Direct Access,17,21
3576,1,NL,-0.023736105,ideal,1,-0.693841827,0,Affiliate,17,21
3577,0,NL,-0.651508514,ideal,0,1.069420177,0,Campaigning,17,21
3578,0,NL,-0.081750935,ideal,0,1.451734005,0,Paid Search Branded,17,21
3579,1,NL,0.351484185,ideal,1,-0.693841827,0,Paid Search Branded,17,21
3580,0,NL,0.322621086,ideal,0,0.61301452,0,Direct Access,17,21
3581,1,NL,0.120579391,ideal,1,-0.693841827,0,Organic Search,17,22
3582,0,NL,0.120579391,ideal,0,0.820471637,0,Paid Search Branded,17,22
3583,1,NL,0.842156873,ideal,1,-0.693841827,0,Paid Search Branded,17,22
3584,0,NL,-0.312367098,ideal,1,-0.693841827,0,Paid Search Non-Branded,17,22
3585,0,NL,-0.081462304,ideal,0,1.9259217,0,Paid Search Branded,17,22
3586,0,NL,-0.081462304,ideal,1,-0.693841827,0,Affiliate,17,22
3587,0,NL,0.841868242,ideal,1,-0.693841827,0,Paid Search Non-Branded,17,22
3588,1,NL,0.062853192,ideal,0,0.035098268,0,Paid Search Branded,17,22
3589,0,NL,-0.485545694,ideal,0,-0.447980446,0,Paid Search Branded,17,22
3590,0,NL,2.047191267,ideal,0,1.303550351,0,Direct Access,17,22
3591,1,NL,0.697841376,ideal,0,2.957279936,0,Paid Search Branded,17,22
3592,1,NL,-0.2257778,ideal,1,-0.693841827,0,Direct Access,17,22
3593,1,NL,-0.889629083,ideal,1,-0.693841827,0,Paid Search Non-Branded,17,22
3594,1,NL,-0.485545694,ideal,1,-0.693841827,0,Paid Search Branded,17,22
3596,0,NL,0.660319347,ideal,1,-0.693841827,0,Organic Search,17,22
3597,0,NL,-0.284081261,ideal,1,-0.693841827,0,Paid Search Non-Branded,17,22
3598,0,BE,-0.341230197,visa,1,-0.693841827,0,Paid Search Non-Branded,17,22
3599,0,NL,-0.600998091,ideal,0,2.118560451,0,Direct Access,17,22
3600,0,NL,0.437784852,ideal,0,1.896284969,0,Campaigning,17,23
3601,0,NL,-0.572423622,ideal,1,-0.693841827,1,Organic Search,17,23
3602,0,NL,0.120579391,ideal,1,-0.693841827,0,Paid Search Branded,17,23
3603,1,NL,-1.4671797,ideal,1,-0.693841827,0,Organic Search,17,23
3604,0,BE,-0.312367098,visa,1,-0.693841827,0,Paid Search Non-Branded,17,23
3605,1,NL,0.120579391,ideal,1,-0.693841827,0,Paid Search Branded,17,23
3606,0,NL,-1.005658742,ideal,1,-0.693841827,0,Campaigning,17,23
3607,0,NL,-0.745602218,ideal,0,-0.655437563,0,Campaigning,17,23
3608,0,NL,-0.456682594,ideal,1,-0.693841827,1,Paid Search Non-Branded,17,23
3609,0,NL,-0.485545694,ideal,0,0.121044787,0,Campaigning,17,23
3610,0,NL,1.592308822,ideal,0,-0.516144928,0,Campaigning,17,23
3611,0,NL,-0.081462304,visa,1,-0.693841827,0,Paid Search Non-Branded,17,23
3612,0,NL,1.159362334,ideal,1,-0.693841827,1,Paid Search Branded,17,23
3613,1,NL,1.794639148,ideal,0,1.410242582,0,Direct Access,17,23
3614,0,NL,-0.658724289,ideal,0,-0.646546544,0,Direct Access,17,23
3615,0,NL,1.621171922,ideal,0,-0.649510217,1,Direct Access,17,0
3616,0,NL,-1.03394458,ideal,1,-0.693841827,1,Paid Search Branded,17,0
3617,1,NL,-0.485545694,ideal,0,-0.021211521,0,Direct Access,17,0
3618,0,NL,-0.139477133,ideal,1,-0.693841827,1,Paid Search Branded,17,0
3619,0,NL,-0.889917714,ideal,0,2.551256723,0,Paid Search Branded,17,0
3620,0,NL,0.351484185,ideal,0,2.080032701,0,Organic Search,17,0
3621,0,NL,3.093478615,ideal,0,1.780701719,1,Organic Search,17,0
3622,0,NL,-0.600998091,ideal,0,0.064734998,0,Organic Search,17,0
3623,0,NL,0.149153859,ideal,1,-0.693841827,1,Member-get-member,17,1
3624,0,NL,0.207168689,ideal,0,1.759956007,0,Direct Access,18,1
3625,0,NL,-0.630149821,ideal,1,-0.693841827,0,Direct Access,18,1
3626,1,NL,-1.034233211,ideal,0,1.069420177,0,Paid Search Branded,18,2
3627,0,NL,-0.889917714,ideal,0,1.069420177,0,Direct Access,18,2
3628,1,NL,-0.2257778,ideal,1,-0.693841827,1,Paid Search Branded,18,2
3629,0,NL,-0.485545694,ideal,0,-0.637655524,0,Paid Search Branded,18,5
3630,0,NL,-0.2257778,ideal,0,0.17142723,0,Organic Search,18,6
3631,1,NL,-1.03394458,ideal,1,-0.693841827,0,Direct Access,18,6
3632,1,NL,0.120579391,ideal,0,-0.089376002,0,Paid Search Branded,18,6
3633,0,NL,-0.485545694,visa,0,1.087202215,0,Campaigning,18,6
3634,1,NL,0.820509548,ideal,0,1.045710792,0,Campaigning,18,6
3635,0,NL,0.92874617,ideal,0,0.073626018,0,Organic Search,18,7
3636,0,NL,0.004838363,ideal,0,2.01186822,0,Paid Search Branded,18,7
3637,1,NL,0.276440127,ideal,0,1.570280929,0,Direct Access,18,8
3638,1,NL,-0.485545694,ideal,1,-0.693841827,0,Paid Search Branded,18,8
3639,0,NL,-0.341230197,ideal,0,0.13289948,1,Direct Access,18,8
3640,0,NL,0.918644086,ideal,0,0.817507964,0,Organic Search,18,8
3641,0,NL,-0.456971225,ideal,0,-0.474653504,0,Paid Search Branded,18,8
3642,0,NL,-0.561167014,ideal,0,-0.199031907,0,Paid Search Non-Branded,18,8
3643,0,NL,0.784430674,ideal,0,0.206991307,0,Paid Search Branded,18,8
3644,0,NL,-0.889917714,ideal,1,-0.693841827,0,Paid Search Branded,18,8
3645,1,NL,-0.139477133,ideal,0,2.017795566,0,Paid Search Branded,18,8
3646,0,NL,-0.283503999,ideal,0,0.645614924,0,Campaigning,18,8
3647,1,NL,-0.456682594,ideal,0,-0.646546544,0,Paid Search Branded,18,9
3648,0,NL,3.151204814,ideal,1,-0.693841827,0,Paid Search Branded,18,9
3649,1,NL,0.524662781,ideal,1,-0.693841827,0,Organic Search,18,9
3650,0,NL,2.685065761,ideal,0,1.368751159,0,Campaigning,18,9
3651,0,NL,-0.889629083,ideal,1,-0.693841827,0,Direct Access,18,9
3652,0,NL,-0.197203332,ideal,0,1.831084161,0,Organic Search,18,9
3653,0,NL,-0.745602218,ideal,1,-0.693841827,1,Paid Search Branded,18,9
3654,0,BE,-0.226066431,visa,0,0.790834906,0,Paid Search Branded,18,9
3655,1,NL,0.120579391,ideal,1,-0.693841827,0,Paid Search Non-Branded,18,9
3656,0,NL,-0.485545694,visa,1,-0.693841827,1,Organic Search,18,9
3657,1,NL,-0.067030754,ideal,0,0.506322289,0,Paid Search Branded,18,9
3658,0,NL,0.581811717,ideal,1,-0.693841827,1,Paid Search Non-Branded,18,9
3659,0,NL,-0.485545694,ideal,1,-0.693841827,0,Organic Search,18,9
3660,0,NL,-0.600998091,ideal,0,2.177833913,1,Campaigning,18,9
3661,0,NL,-0.110614034,ideal,0,-0.07752131,0,Direct Access,18,9
3662,0,NL,2.348810654,ideal,1,-0.693841827,0,Direct Access,18,9
3663,0,NL,-0.485545694,visa,1,-0.693841827,0,Organic Search,18,9
3664,0,NL,2.545079729,ideal,0,-0.658401236,0,Direct Access,18,9
3665,0,BE,0.351195554,visa,1,-0.693841827,0,Paid Search Branded,18,10
3666,0,NL,-0.456682594,ideal,0,-0.053811925,0,Paid Search Branded,18,10
3667,1,NL,-0.600998091,ideal,1,-0.693841827,0,Paid Search Branded,18,10
3668,0,NL,-0.2257778,ideal,1,-0.693841827,0,Paid Search Branded,18,10
3669,0,NL,-0.600998091,ideal,1,-0.693841827,0,Organic Search,18,10
3670,0,NL,-1.293712473,visa,1,-0.693841827,0,Paid Search Branded,18,10
3671,1,NL,0.380058653,ideal,0,2.921715859,0,Organic Search,18,10
3672,0,NL,0.062564561,visa,1,-0.693841827,0,Direct Access,18,10
3673,0,NL,-0.081750935,ideal,1,-0.693841827,0,Organic Search,18,10
3674,1,NL,-0.456971225,ideal,1,-0.693841827,0,Affiliate,18,10
3675,1,NL,0.55352588,ideal,1,-0.693841827,1,Paid Search Branded,18,10
3676,0,NL,-0.168340233,ideal,1,-0.693841827,0,Paid Search Branded,18,10
3677,0,NL,-0.052887836,ideal,1,-0.693841827,0,Organic Search,18,10
3678,0,NL,0.149153859,ideal,1,-0.693841827,0,Campaigning,18,11
3679,1,NL,-0.456971225,ideal,1,-0.693841827,0,Paid Search Branded,18,11
3680,0,NL,-0.226066431,ideal,0,-0.658401236,0,Paid Search Branded,18,11
3681,1,NL,-0.600998091,ideal,0,-0.415380042,0,Direct Access,18,11
3682,0,NL,-0.658724289,ideal,1,-0.693841827,0,Paid Search Branded,18,11
3683,1,NL,0.784430674,ideal,1,-0.693841827,0,Paid Search Branded,18,11
3684,0,BE,0.986472369,visa,0,0.604123501,0,Paid Search Non-Branded,18,11
3685,0,NL,-0.341230197,visa,0,1.899248642,0,Campaigning,18,11
3686,0,NL,0.035433248,ideal,0,1.1109116,0,Organic Search,18,11
3687,0,NL,0.091716292,ideal,0,-0.578382063,0,Member-get-member,18,11
3688,1,NL,-1.03394458,ideal,1,-0.693841827,0,Organic Search,18,11
3689,0,NL,3.410972707,ideal,0,1.137584658,0,Direct Access,18,11
3690,0,BE,-0.312367098,visa,1,-0.693841827,0,Direct Access,18,11
3691,0,NL,-0.456971225,ideal,1,-0.693841827,0,Affiliate,18,11
3692,1,NL,-0.600998091,ideal,1,-0.693841827,0,Paid Search Branded,18,11
3693,0,BE,2.429627332,visa,1,-0.693841827,0,Paid Search Non-Branded,18,11
3694,0,NL,-0.630149821,ideal,0,1.665118468,0,Paid Search Branded,18,11
3695,0,NL,0.55352588,ideal,1,-0.693841827,0,Paid Search Branded,18,11
3696,0,NL,-0.658724289,ideal,1,-0.693841827,0,Paid Search Non-Branded,18,11
3697,0,NL,-0.485545694,ideal,0,0.076589691,0,Paid Search Branded,18,11
3698,1,NL,0.409210384,ideal,0,0.04695296,0,Paid Search Branded,18,11
3699,0,NL,0.409210384,ideal,1,-0.693841827,0,Organic Search,18,11
3700,1,NL,3.151204814,ideal,1,-0.693841827,0,Direct Access,18,11
3701,0,NL,-0.196914701,ideal,1,-0.693841827,0,Paid Search Branded,18,12
3702,0,NL,-0.052887836,ideal,1,-0.693841827,0,Paid Search Branded,18,12
3703,0,NL,0.084500517,ideal,0,0.704888386,0,Direct Access,18,12
3704,0,NL,-0.658724289,ideal,0,-0.581345736,0,Direct Access,18,12
3705,1,BE,2.429627332,visa,1,-0.693841827,0,Organic Search,18,12
3706,0,NL,0.697841376,ideal,0,1.300586678,0,Campaigning,18,12
3708,0,NL,-0.312367098,ideal,1,-0.693841827,0,Paid Search Non-Branded,18,12
3709,0,NL,-0.454373546,ideal,1,-0.693841827,0,Paid Search Non-Branded,18,12
3710,0,NL,-1.149685608,ideal,1,-0.693841827,0,Paid Search Branded,18,12
3711,0,NL,-0.196914701,visa,0,1.282804639,0,Paid Search Branded,18,12
3712,0,NL,-0.2257778,ideal,0,1.232422197,0,Paid Search Branded,18,12
3713,0,NL,-0.312367098,ideal,1,-0.693841827,0,Paid Search Non-Branded,18,12
3714,1,NL,-0.312367098,ideal,0,1.081274869,0,Campaigning,18,12
3715,1,NL,-0.918492183,ideal,0,-0.519108601,1,Paid Search Branded,18,13
3716,1,NL,-1.03394458,ideal,1,-0.693841827,0,Paid Search Branded,18,13
3717,0,NL,0.553237249,ideal,0,1.208712812,0,Paid Search Branded,18,13
3718,1,NL,0.157812789,ideal,0,2.139306163,0,Campaigning,18,13
3719,1,NL,-0.861343246,ideal,1,-0.693841827,0,Paid Search Branded,18,13
3720,1,NL,-0.658724289,ideal,1,-0.693841827,0,Organic Search,18,13
3721,1,NL,0.841868242,ideal,1,-0.693841827,0,Paid Search Branded,18,13
3722,1,NL,0.329836861,ideal,0,1.97334047,0,Campaigning,18,13
3723,0,NL,1.130787865,ideal,0,1.066456504,0,Direct Access,18,13
3724,0,NL,1.708049851,ideal,1,-0.693841827,0,Campaigning,18,13
3725,1,NL,-0.053176467,ideal,1,-0.693841827,0,Paid Search Branded,18,13
3726,0,NL,-0.918492183,ideal,0,1.06349283,0,Campaigning,18,13
3727,0,NL,-0.600998091,visa,0,-0.631728178,0,Organic Search,18,13
3728,1,NL,-1.178260076,ideal,1,-0.693841827,0,Direct Access,18,13
3729,0,NL,1.70776122,ideal,0,1.217603831,0,Paid Search Branded,18,13
3730,1,NL,-1.03394458,ideal,1,-0.693841827,0,Organic Search,18,13
3731,0,NL,-0.2257778,ideal,1,-0.693841827,0,Paid Search Non-Branded,18,13
3732,0,NL,0.120579391,ideal,1,-0.693841827,0,Paid Search Branded,18,13
3733,0,NL,0.784430674,ideal,0,0.230700692,1,Paid Search Branded,18,13
3734,1,NL,-0.312367098,ideal,1,-0.693841827,0,Paid Search Branded,18,13
3735,1,NL,-0.2257778,ideal,0,-0.655437563,0,Paid Search Non-Branded,18,13
3736,1,NL,-1.034233211,ideal,1,-0.693841827,0,Paid Search Non-Branded,18,14
3737,0,NL,1.390267128,ideal,0,0.817507964,0,Campaigning,18,14
3738,0,NL,-1.03394458,ideal,1,-0.693841827,0,Paid Search Branded,18,14
3739,1,BE,-0.341230197,visa,1,-0.693841827,0,Direct Access,18,14
3740,0,NL,0.120579391,ideal,1,-0.693841827,0,Paid Search Non-Branded,18,14
3741,0,NL,-1.293712473,ideal,1,-0.693841827,0,Paid Search Branded,18,14
3742,1,NL,-0.485545694,ideal,1,-0.693841827,1,Paid Search Branded,18,14
3743,0,NL,-0.312367098,ideal,1,-0.693841827,0,Paid Search Branded,18,14
3744,0,NL,-0.918492183,ideal,1,-0.693841827,0,Paid Search Branded,18,14
3745,0,NL,0.55352588,ideal,0,0.049916633,0,Paid Search Branded,18,14
3746,1,NL,0.329836861,ideal,0,0.974582638,0,Direct Access,18,14
3747,0,NL,-0.312367098,ideal,0,2.192652278,0,Member-get-member,18,14
3748,0,NL,-0.312367098,ideal,1,-0.693841827,1,Organic Search,18,14
3749,0,NL,-0.774465317,ideal,0,0.233664365,0,Campaigning,18,14
3750,0,NL,1.852365347,ideal,1,-0.693841827,0,Paid Search Branded,18,14
3751,0,NL,0.639537916,ideal,0,2.08892372,0,Paid Search Branded,18,14
3752,0,NL,-1.03394458,ideal,0,-0.658401236,0,Campaigning,18,14
3753,1,NL,-0.658724289,ideal,0,2.646094262,0,Organic Search,18,14
3754,0,NL,-0.745602218,ideal,0,2.889115455,0,Paid Search Non-Branded,18,14
3755,0,BE,-0.067030754,visa,0,-0.24052333,0,Paid Search Non-Branded,18,14
3756,0,NL,-0.168340233,ideal,1,-0.693841827,0,Direct Access,18,14
3757,1,NL,-0.658724289,ideal,1,-0.693841827,0,Paid Search Non-Branded,18,14
3758,0,NL,-0.341518828,ideal,0,0.853072041,0,Paid Search Branded,18,14
3759,1,NL,-0.832191516,visa,0,0.624869213,0,Paid Search Non-Branded,18,15
3760,0,NL,2.227585637,ideal,1,-0.693841827,0,Paid Search Non-Branded,18,15
3761,0,NL,-0.600998091,ideal,0,0.08548071,0,Campaigning,18,15
3762,0,NL,-0.486122956,ideal,1,-0.693841827,0,Paid Search Branded,18,15
3763,1,NL,0.409210384,ideal,0,0.927163868,0,Organic Search,18,15
3764,1,NL,-0.600998091,ideal,1,-0.693841827,0,Direct Access,18,15
3765,0,NL,-0.528840342,visa,0,1.733282949,1,Direct Access,18,15
3766,0,NL,0.004838363,ideal,1,-0.693841827,0,Paid Search Non-Branded,18,15
3767,0,NL,1.361692659,ideal,0,-0.52799962,0,Paid Search Branded,18,15
3768,1,NL,2.689106595,ideal,0,-0.255341695,1,Paid Search Branded,18,15
3769,1,NL,-0.168340233,ideal,1,-0.693841827,0,Paid Search Non-Branded,18,15
3770,0,NL,0.408921753,visa,1,-0.693841827,0,Paid Search Branded,18,15
3771,0,BE,-0.312367098,visa,1,-0.693841827,0,Paid Search Branded,18,15
3772,1,NL,3.035463786,ideal,0,0.470758212,0,Paid Search Branded,18,15
3773,0,NL,-0.514697424,ideal,1,-0.693841827,0,Direct Access,18,15
3774,0,NL,0.120579391,ideal,0,0.275155788,0,Direct Access,18,15
3775,0,NL,-0.118984333,ideal,1,-0.693841827,0,Paid Search Branded,18,15
3776,1,NL,-0.600998091,ideal,0,1.549535218,0,Paid Search Branded,18,15
3777,0,NL,-1.03394458,ideal,1,-0.693841827,0,Organic Search,18,16
3778,0,NL,0.351195554,ideal,0,0.254410076,0,Paid Search Branded,18,16
3779,1,NL,-0.381927167,ideal,0,0.764161848,0,Campaigning,18,16
3780,0,NL,-1.03394458,ideal,1,-0.693841827,0,Paid Search Branded,18,16
3781,1,NL,0.039185451,ideal,0,-0.388706985,1,Direct Access,18,16
3782,0,NL,-0.716450488,ideal,0,0.218845999,0,Paid Search Non-Branded,18,16
3783,0,NL,-0.658724289,ideal,1,-0.693841827,0,Paid Search Branded,18,16
3784,1,NL,-1.03394458,ideal,0,-0.628764505,0,Direct Access,18,16
3785,0,NL,12.5291144,ideal,1,-0.693841827,0,Paid Search Branded,18,16
3786,0,NL,-0.28379263,ideal,0,1.294659332,0,Organic Search,18,16
3787,1,NL,-0.312367098,ideal,1,-0.693841827,0,Paid Search Branded,18,16
3788,1,NL,1.130787865,ideal,1,-0.693841827,0,Paid Search Branded,18,16
3789,0,NL,-0.456971225,ideal,0,0.396666385,0,Paid Search Branded,18,16
3790,0,NL,0.400262823,ideal,1,-0.693841827,0,Paid Search Branded,18,16
3791,0,NL,-0.531726652,ideal,1,-0.693841827,0,Paid Search Non-Branded,18,16
3792,1,NL,4.652085976,ideal,0,1.386533197,0,Direct Access,18,16
3793,0,NL,0.820509548,ideal,0,-0.2879421,0,Direct Access,18,16
3794,0,NL,0.409210384,ideal,0,0.04695296,0,Organic Search,18,16
3795,0,NL,-0.889917714,ideal,0,1.238349543,0,Paid Search Branded,18,16
3796,1,NL,0.264606256,ideal,1,-0.693841827,0,Paid Search Branded,18,16
3797,0,NL,0.409210384,ideal,1,-0.693841827,0,Paid Search Branded,18,16
3798,1,NL,-1.322575572,ideal,0,-0.637655524,0,Paid Search Branded,18,16
3799,0,NL,-0.918492183,ideal,1,-0.693841827,0,Organic Search,18,16
3800,1,NL,-0.168051602,ideal,0,-0.213850272,1,Organic Search,18,17
3801,0,BE,-0.2257778,visa,0,0.017316229,0,Paid Search Branded,18,17
3802,1,NL,-0.600998091,ideal,1,-0.693841827,0,Paid Search Branded,18,17
3803,0,NL,-0.485545694,visa,1,-0.693841827,0,Paid Search Non-Branded,18,17
3804,0,NL,-0.630149821,ideal,0,1.777738046,1,Paid Search Branded,18,17
3805,0,NL,0.120579391,ideal,0,0.043989287,0,Organic Search,18,17
3807,1,NL,-0.2257778,ideal,1,-0.693841827,0,Direct Access,18,17
3808,1,NL,1.506008156,ideal,0,0.301828846,0,Paid Search Branded,18,17
3809,1,NL,2.025255311,ideal,1,-0.693841827,1,Paid Search Branded,18,17
3810,0,NL,2.920011389,ideal,0,0.633760232,0,Direct Access,18,17
3811,0,NL,0.120579391,ideal,0,0.856035714,0,Paid Search Branded,18,17
3812,1,NL,-0.28379263,ideal,1,-0.693841827,0,Direct Access,18,17
3813,0,NL,-0.300821858,ideal,1,-0.693841827,0,Paid Search Branded,18,17
3814,0,NL,-0.600998091,ideal,0,-0.133831099,0,Organic Search,18,17
3815,1,NL,-0.630149821,ideal,0,1.860720892,0,Paid Search Branded,18,17
3816,0,NL,0.409210384,ideal,0,-0.056775598,0,Direct Access,18,17
3817,1,NL,-0.081462304,ideal,0,1.896284969,0,Organic Search,18,17
3818,0,NL,-0.312367098,ideal,0,-0.347215561,0,Paid Search Branded,18,18
3819,1,NL,-0.312367098,ideal,0,2.367508991,0,Campaigning,18,18
3820,0,NL,0.207168689,ideal,0,-0.548745332,0,Direct Access,18,18
3821,0,NL,1.708049851,ideal,0,1.23538587,0,Paid Search Branded,18,18
3822,0,NL,0.438073483,ideal,0,0.805653271,1,Paid Search Branded,18,18
3823,1,NL,-0.918492183,ideal,1,-0.693841827,0,Paid Search Branded,18,18
3824,0,NL,-1.03394458,ideal,0,-0.080484983,0,Direct Access,18,18
3825,0,NL,0.351484185,ideal,0,1.202785466,0,Paid Search Non-Branded,18,18
3826,0,BE,-1.03394458,visa,0,-0.246450676,0,Organic Search,18,18
3827,1,NL,-0.301110489,ideal,1,-0.693841827,0,Paid Search Non-Branded,18,18
3828,0,NL,-0.658724289,ideal,0,0.245519057,0,Affiliate,18,18
3829,1,NL,-1.322864203,ideal,1,-0.693841827,0,Paid Search Branded,18,18
3830,1,NL,1.794639148,ideal,1,-0.693841827,0,Organic Search,18,18
3831,0,NL,2.256160106,ideal,0,-0.622837159,1,Paid Search Branded,18,18
3832,0,NL,-0.139477133,visa,0,-0.65247389,0,Organic Search,18,18
3833,0,NL,0.12029076,ideal,0,1.004219369,0,Campaigning,18,18
3834,1,NL,-0.600998091,ideal,1,-0.693841827,0,Organic Search,18,18
3835,0,BE,-0.600998091,ideal,0,1.078311196,0,Campaigning,18,18
3836,0,NL,-0.572423622,ideal,0,0.515213308,1,Paid Search Branded,18,19
3837,0,NL,-0.482659384,ideal,1,-0.693841827,0,Direct Access,18,19
3838,0,NL,1.534005362,ideal,0,1.982231489,0,Paid Search Branded,18,19
3839,1,NL,0.120579391,ideal,1,-0.693841827,0,Organic Search,18,19
3840,1,NL,0.870731341,ideal,1,-0.693841827,1,Paid Search Branded,18,19
3841,0,NL,0.639826547,ideal,0,-0.086412329,0,Paid Search Branded,18,19
3842,1,NL,-0.428108126,ideal,1,-0.693841827,0,Paid Search Branded,18,19
3843,0,NL,0.091716292,ideal,0,1.39838789,0,Paid Search Branded,18,19
3844,0,NL,0.409210384,ideal,0,1.107947927,0,Paid Search Branded,18,19
3845,0,NL,0.062853192,ideal,0,1.614736026,0,Paid Search Branded,18,19
3846,1,NL,-0.312367098,ideal,0,2.068178009,0,Paid Search Branded,18,19
3848,0,NL,0.351484185,ideal,0,1.72439193,0,Direct Access,18,19
3849,1,NL,0.957032008,ideal,1,-0.693841827,1,Organic Search,18,19
3850,0,NL,2.804847623,ideal,0,1.499152775,0,Paid Search Branded,18,19
3851,1,NL,-0.745602218,ideal,0,0.844181022,0,Paid Search Branded,18,19
3852,0,NL,0.264894887,ideal,0,1.291695659,0,Organic Search,18,19
3853,1,NL,-1.034233211,ideal,1,-0.693841827,0,Paid Search Branded,18,19
3854,0,NL,-0.081462304,ideal,0,-0.631728178,0,Paid Search Branded,18,19
3855,0,NL,-0.600998091,ideal,1,-0.693841827,0,Paid Search Branded,18,19
3856,0,NL,-0.600998091,ideal,1,-0.693841827,0,Paid Search Non-Branded,18,19
3857,0,NL,-0.456971225,ideal,1,-0.693841827,0,Direct Access,18,19
3858,0,NL,-0.168051602,ideal,1,-0.693841827,0,Paid Search Non-Branded,18,19
3859,0,NL,-0.600998091,ideal,0,1.241313216,0,Direct Access,18,19
3860,0,NL,0.986472369,ideal,0,0.98643733,0,Direct Access,18,19
3861,1,NL,-0.197491963,ideal,1,-0.693841827,1,Paid Search Branded,18,19
3862,1,NL,-0.370381928,visa,0,-0.486508197,0,Organic Search,18,20
3863,1,NL,0.120579391,ideal,0,0.126972133,0,Paid Search Branded,18,20
3864,0,BE,0.120579391,visa,1,-0.693841827,0,Paid Search Non-Branded,18,20
3865,1,NL,-1.03394458,ideal,1,-0.693841827,0,Paid Search Branded,18,20
3867,0,NL,2.313597673,ideal,0,1.819229469,0,Paid Search Non-Branded,18,20
3868,0,NL,2.949163119,ideal,1,-0.693841827,0,Paid Search Branded,18,20
3869,0,NL,-0.889629083,ideal,1,-0.693841827,1,Direct Access,18,20
3870,1,NL,0.737961084,ideal,1,-0.693841827,0,Paid Search Branded,18,20
3872,0,NL,0.120579391,ideal,0,-0.471689831,0,Paid Search Branded,18,20
3873,1,NL,-0.572423622,ideal,0,0.512249635,0,Paid Search Branded,18,20
3874,0,NL,-0.803328417,ideal,1,-0.693841827,0,Paid Search Branded,18,20
3875,0,NL,-0.889917714,ideal,1,-0.693841827,0,Affiliate,18,20
3876,0,NL,-0.534901593,ideal,1,-0.693841827,0,Paid Search Non-Branded,18,20
3877,0,NL,0.207168689,ideal,0,1.671045814,0,Paid Search Branded,18,20
3878,0,NL,-0.312367098,ideal,1,-0.693841827,0,Paid Search Branded,18,20
3879,1,NL,-0.023736105,ideal,1,-0.693841827,0,Organic Search,18,20
3880,0,BE,0.351484185,visa,1,-0.693841827,0,Paid Search Non-Branded,18,20
3881,0,NL,0.94606403,visa,1,-0.693841827,0,Direct Access,18,20
3882,0,NL,1.419418858,ideal,0,-0.101230695,0,Paid Search Branded,18,21
3883,0,NL,3.237505481,ideal,0,0.90049081,0,Paid Search Branded,18,21
3884,1,NL,-0.630149821,ideal,0,0.571523097,0,Paid Search Branded,18,21
3885,1,NL,-0.2257778,ideal,1,-0.693841827,0,Direct Access,18,21
3886,1,NL,-1.005370111,ideal,1,-0.693841827,0,Paid Search Branded,18,21
3887,1,NL,1.130787865,ideal,1,-0.693841827,1,Direct Access,18,21
3888,1,NL,-0.919069445,ideal,0,-0.074557637,1,Paid Search Non-Branded,18,21
3889,0,NL,0.640115178,ideal,0,2.477164895,0,Direct Access,18,21
3890,0,NL,-0.196914701,ideal,1,-0.693841827,0,Paid Search Branded,18,21
3891,1,NL,-0.312367098,ideal,1,-0.693841827,0,Paid Search Branded,18,21
3892,0,NL,0.120579391,ideal,0,1.045710792,0,Direct Access,18,21
3893,1,NL,0.380058653,ideal,0,-0.4420531,0,Organic Search,18,21
3894,1,NL,1.563157092,ideal,1,-0.693841827,0,Paid Search Branded,18,21
3895,0,NL,-0.312367098,ideal,1,-0.693841827,0,Paid Search Branded,18,21
3896,1,NL,-0.2257778,ideal,1,-0.693841827,0,Paid Search Branded,18,21
3897,0,NL,0.149153859,ideal,1,-0.693841827,0,Direct Access,18,21
3898,0,NL,0.178016958,ideal,0,0.073626018,0,Paid Search Branded,18,21
3899,1,NL,2.083270141,ideal,0,-0.655437563,0,Campaigning,18,21
3900,1,NL,-0.283503999,ideal,0,0.838253675,0,Campaigning,18,21
3901,0,NL,-0.168340233,ideal,1,-0.693841827,0,Organic Search,18,21
3902,0,NL,0.264317625,ideal,0,-0.320542504,0,Paid Search Non-Branded,18,21
3903,0,NL,1.315511701,ideal,0,1.244276889,1,Affiliate,18,21
3904,0,NL,-0.052599205,ideal,0,-0.16346783,0,Organic Search,18,21
3905,1,NL,-0.658724289,ideal,0,0.399630058,0,Paid Search Branded,18,21
3907,1,NL,-0.139477133,ideal,0,-0.655437563,0,Organic Search,18,21
3908,0,NL,-0.2257778,ideal,0,2.536438357,1,Paid Search Branded,18,21
3909,1,NL,-1.438605231,ideal,1,-0.693841827,0,Paid Search Branded,18,22
3910,1,NL,0.062853192,ideal,1,-0.693841827,0,Direct Access,18,22
3911,0,NL,-0.832191516,ideal,0,-0.584309409,0,Member-get-member,18,22
3912,0,NL,-0.918492183,ideal,1,-0.693841827,1,Paid Search Branded,18,22
3913,1,NL,-0.889917714,ideal,0,0.864926733,0,Paid Search Non-Branded,18,22
3914,0,NL,-0.658724289,ideal,0,-0.649510217,0,Direct Access,18,22
3915,0,NL,-0.889917714,ideal,1,-0.693841827,0,Paid Search Non-Branded,18,22
3916,0,NL,-0.456682594,ideal,0,1.146475677,1,Paid Search Non-Branded,18,22
3917,0,NL,0.660319347,visa,1,-0.693841827,1,Paid Search Non-Branded,18,22
3918,1,NL,1.303966461,ideal,0,-0.65247389,0,Paid Search Branded,18,22
3919,0,NL,3.093478615,ideal,0,0.773052867,1,Campaigning,18,22
3920,1,NL,0.409210384,ideal,1,-0.693841827,0,Paid Search Non-Branded,18,22
3921,0,NL,-0.2257778,ideal,0,0.192172941,1,Paid Search Branded,18,22
3922,1,NL,-0.2257778,ideal,1,-0.693841827,0,Organic Search,18,22
3923,0,NL,-0.28379263,ideal,0,-0.65247389,0,Paid Search Non-Branded,18,23
3924,1,BE,-0.658724289,visa,1,-0.693841827,0,Paid Search Non-Branded,18,23
3925,0,BE,0.09113903,visa,1,-0.693841827,0,Paid Search Non-Branded,18,23
3926,0,NL,-0.160835827,ideal,0,1.14943935,0,Organic Search,18,23
3927,1,NL,-0.28379263,ideal,1,-0.693841827,0,Affiliate,18,23
3928,1,NL,-0.312367098,ideal,1,-0.693841827,0,Paid Search Branded,18,23
3929,0,NL,0.264317625,ideal,1,-0.693841827,0,Paid Search Branded,18,23
3930,0,BE,-0.341230197,ideal,1,-0.693841827,0,Paid Search Non-Branded,18,23
3931,0,NL,-0.383947584,ideal,0,2.382327356,0,Direct Access,18,23
3932,0,NL,0.293469356,visa,1,-0.693841827,0,Direct Access,18,23
3933,0,NL,0.986472369,ideal,1,-0.693841827,1,Direct Access,18,0
3934,0,NL,0.120579391,ideal,0,-0.003429483,0,Paid Search Non-Branded,18,0
3935,1,NL,-0.918492183,ideal,1,-0.693841827,0,Direct Access,18,0
3936,0,NL,0.12029076,ideal,1,-0.693841827,0,Paid Search Branded,19,1
3937,0,BE,-0.312367098,ideal,0,1.644372756,0,Paid Search Branded,19,2
3939,1,NL,2.400764233,visa,0,-0.270160061,0,Paid Search Non-Branded,19,4
3940,0,NL,1.419418858,ideal,0,-0.640619197,0,Member-get-member,19,6
3941,1,NL,-1.03394458,ideal,1,-0.693841827,0,Paid Search Non-Branded,19,6
3942,1,NL,0.207168689,ideal,0,0.109190095,0,Direct Access,19,6
3943,1,NL,-0.160835827,visa,0,2.171906567,0,Campaigning,19,6
3944,0,BE,3.439835806,visa,0,0.322574557,0,Campaigning,19,7
3945,0,NL,0.524085519,ideal,0,3.03729911,0,Organic Search,19,7
3946,1,NL,0.264894887,ideal,0,1.540644198,0,Direct Access,19,7
3947,0,NL,0.293469356,ideal,0,0.467794539,0,Paid Search Branded,19,7
3948,0,NL,0.149153859,ideal,1,-0.693841827,0,Direct Access,19,7
3949,0,NL,-0.341230197,ideal,0,0.340356596,0,Paid Search Non-Branded,19,7
3950,0,NL,0.264894887,ideal,0,0.257373749,0,Paid Search Branded,19,8
3951,1,NL,-0.946489389,visa,0,0.627832886,0,Campaigning,19,8
3952,0,NL,-0.970734392,ideal,0,0.962727945,0,Direct Access,19,8
3953,1,NL,-0.861343246,ideal,1,-0.693841827,0,Paid Search Branded,19,8
3954,1,NL,-0.823243955,ideal,0,0.298865173,0,Affiliate,19,8
3955,0,NL,0.530435401,ideal,0,-0.519108601,0,Paid Search Non-Branded,19,8
3956,1,NL,-0.572423622,ideal,0,0.106226422,0,Campaigning,19,8
3957,0,NL,-0.2257778,ideal,0,2.823914647,1,Direct Access,19,9
3958,0,BE,-0.889629083,visa,0,1.1109116,1,Paid Search Branded,19,9
3959,1,NL,1.101924766,ideal,1,-0.693841827,0,Organic Search,19,9
3960,0,NL,0.379770022,ideal,0,1.748101315,0,Direct Access,19,9
3961,0,NL,0.495799681,ideal,0,2.420855107,0,Direct Access,19,9
3962,1,NL,-0.889917714,ideal,0,1.238349543,0,Direct Access,19,9
3963,1,NL,2.573942828,ideal,0,0.263301096,0,Paid Search Branded,19,9
3964,0,NL,-0.226066431,ideal,1,-0.693841827,0,Paid Search Branded,19,9
3965,0,NL,0.842156873,ideal,0,0.393702712,0,Paid Search Non-Branded,19,9
3966,1,NL,0.784142043,ideal,0,0.12400846,0,Paid Search Branded,19,9
3967,0,NL,-0.283503999,ideal,0,0.74637981,0,Organic Search,19,9
3968,0,NL,2.573942828,ideal,0,0.263301096,0,Paid Search Branded,19,9
3969,0,NL,0.264606256,ideal,0,-0.053811925,0,Direct Access,19,9
3970,0,NL,1.130787865,ideal,0,0.242555384,0,Campaigning,19,9
3971,1,NL,-0.918492183,ideal,0,0.663396963,0,Paid Search Branded,19,9
3972,0,NL,0.264894887,ideal,0,0.879745099,0,Paid Search Non-Branded,19,9
3973,0,NL,-0.168340233,ideal,1,-0.693841827,0,Direct Access,19,9
3974,0,NL,0.409210384,ideal,0,2.521619992,0,Direct Access,19,10
3975,0,BE,-0.081462304,visa,1,-0.693841827,0,Organic Search,19,10
3976,0,NL,-1.322864203,ideal,0,2.094851066,0,Direct Access,19,10
3977,0,NL,-0.600998091,ideal,0,1.39838789,0,Paid Search Branded,19,10
3978,0,NL,-0.889917714,ideal,0,0.666360636,0,Direct Access,19,10
3979,0,NL,-0.428108126,ideal,1,-0.693841827,0,Paid Search Branded,19,10
3980,0,NL,0.192737139,ideal,0,0.384811692,0,Paid Search Branded,19,10
3981,0,NL,-0.658724289,ideal,1,-0.693841827,0,Direct Access,19,10
3982,0,NL,0.264894887,ideal,0,0.141790499,0,Direct Access,19,10
3984,0,NL,-0.456682594,ideal,0,2.604602838,0,Paid Search Branded,19,10
3985,0,NL,-0.081462304,ideal,1,-0.693841827,0,Paid Search Branded,19,10
3986,0,NL,-0.428108126,ideal,0,2.604602838,0,Paid Search Branded,19,10
3987,0,NL,-1.293712473,ideal,1,-0.693841827,0,Direct Access,19,10
3988,0,NL,0.293469356,ideal,0,1.146475677,0,Paid Search Branded,19,10
3989,0,NL,2.86228519,ideal,0,2.305271856,1,Paid Search Branded,19,10
3990,0,NL,2.429627332,ideal,0,2.047432297,0,Paid Search Branded,19,10
3991,0,NL,0.206880058,ideal,0,0.918272849,0,Direct Access,19,10
3992,0,NL,0.062853192,ideal,0,2.311199202,0,Campaigning,19,10
3993,1,NL,-0.456682594,ideal,1,-0.693841827,0,Organic Search,19,10
3994,0,NL,-0.023736105,ideal,0,2.124487797,0,Direct Access,19,10
3995,0,NL,1.015046837,ideal,1,-0.693841827,0,Paid Search Branded,19,10
3996,0,NL,0.206880058,ideal,0,1.131657312,0,Paid Search Branded,19,10
3997,0,BE,0.0331242,visa,0,-0.178286195,0,Paid Search Branded,19,11
3998,1,NL,0.120579391,ideal,1,-0.693841827,0,Paid Search Branded,19,11
3999,0,NL,-0.889917714,ideal,0,-0.596164101,0,Direct Access,19,11
4000,1,NL,-0.456682594,ideal,0,-0.655437563,0,Organic Search,19,11
4001,0,NL,-0.197203332,ideal,1,-0.693841827,1,Paid Search Branded,19,11
4002,0,NL,0.206880058,ideal,0,1.309477697,0,Direct Access,19,11
4003,0,NL,-0.600998091,ideal,0,0.538922693,0,Paid Search Branded,19,11
4004,1,NL,-0.600998091,ideal,0,-0.634691851,0,Paid Search Branded,19,11
4005,0,NL,-0.572423622,ideal,0,1.751064988,0,Paid Search Branded,19,11
4006,1,NL,-0.168051602,visa,1,-0.693841827,0,Paid Search Non-Branded,19,11
4007,0,NL,-0.600998091,visa,0,2.898006474,1,Paid Search Non-Branded,19,11
4008,0,NL,-0.312367098,ideal,1,-0.693841827,0,Direct Access,19,11
4009,0,NL,0.673307742,ideal,1,-0.693841827,0,Campaigning,19,11
4010,0,NL,-0.298224179,ideal,1,-0.693841827,0,Paid Search Non-Branded,19,11
4011,1,NL,-0.312367098,visa,1,-0.693841827,0,Direct Access,19,11
4012,0,NL,-1.322864203,ideal,1,-0.693841827,0,Paid Search Branded,19,11
4013,0,NL,1.159362334,ideal,0,0.138826826,1,Direct Access,19,11
4014,1,NL,-0.28379263,ideal,0,0.672287982,0,Paid Search Branded,19,12
4015,0,NL,-0.28379263,ideal,1,-0.693841827,0,Paid Search Branded,19,12
4016,0,NL,-0.572712253,ideal,1,-0.693841827,0,Paid Search Branded,19,12
4017,0,NL,-0.676042149,visa,0,2.13634249,0,Campaigning,19,12
4018,1,NL,0.062853192,ideal,0,0.00842521,0,Paid Search Branded,19,12
4019,0,NL,-1.4671797,ideal,1,-0.693841827,0,Paid Search Branded,19,12
4020,0,NL,-1.03394458,ideal,1,-0.693841827,0,Paid Search Non-Branded,19,12
4021,0,NL,-0.514408793,ideal,1,-0.693841827,1,Paid Search Branded,19,12
4022,0,NL,-0.823243955,ideal,0,1.137584658,0,Paid Search Branded,19,12
4023,0,NL,0.120579391,ideal,0,-0.65247389,0,Paid Search Branded,19,12
4024,0,NL,1.303966461,ideal,0,0.313683538,0,Direct Access,19,12
4025,0,NL,-0.485545694,ideal,0,-0.548745332,0,Paid Search Branded,19,12
4026,1,NL,-0.774465317,visa,1,-0.693841827,0,Paid Search Non-Branded,19,12
4027,1,NL,0.49551105,visa,0,-0.655437563,0,Paid Search Branded,19,12
4028,0,NL,-0.284081261,ideal,0,-0.418343716,0,Paid Search Branded,19,12
4029,0,NL,0.120002129,ideal,0,0.891599791,0,Paid Search Branded,19,12
4030,0,NL,-0.831902885,ideal,0,-0.45094412,0,Paid Search Branded,19,12
4031,0,NL,0.351484185,ideal,0,0.527068001,0,Campaigning,19,12
4032,0,NL,0.784430674,ideal,1,-0.693841827,0,Paid Search Branded,19,12
4033,0,NL,0.120579391,ideal,1,-0.693841827,0,Direct Access,19,13
4034,1,NL,0.697841376,ideal,1,-0.693841827,1,Paid Search Branded,19,13
4035,1,NL,-0.093007544,ideal,1,-0.693841827,1,Paid Search Branded,19,13
4036,0,NL,1.985135603,ideal,1,-0.693841827,0,Paid Search Non-Branded,19,13
4037,0,NL,-1.03394458,ideal,1,-0.693841827,0,Organic Search,19,13
4038,1,NL,-0.485545694,ideal,1,-0.693841827,0,Paid Search Branded,19,13
4039,0,NL,-0.2257778,ideal,0,2.660912627,0,Direct Access,19,13
4040,1,NL,0.12029076,ideal,1,-0.693841827,0,Paid Search Branded,19,13
4041,1,NL,-1.03394458,ideal,1,-0.693841827,0,Paid Search Non-Branded,19,13
4042,0,NL,0.322621086,ideal,1,-0.693841827,0,Paid Search Branded,19,13
4043,1,NL,0.351195554,ideal,1,-0.693841827,0,Direct Access,19,13
4044,0,NL,-1.03394458,ideal,1,-0.693841827,0,Paid Search Non-Branded,19,13
4045,0,NL,-1.03394458,ideal,1,-0.693841827,0,Paid Search Branded,19,13
4046,0,NL,-0.081462304,ideal,0,-0.03899356,0,Direct Access,19,13
4047,1,NL,1.274814731,ideal,0,2.352690625,0,Paid Search Branded,19,13
4048,1,NL,-0.081462304,ideal,0,-0.48947187,0,Paid Search Branded,19,13
4049,1,NL,-0.658724289,ideal,0,-0.456871466,0,Paid Search Branded,19,13
4050,1,NL,0.149153859,ideal,0,2.726113435,0,Direct Access,19,14
4051,1,BE,3.872493664,ideal,1,-0.693841827,0,Campaigning,19,14
4052,1,NL,-0.745602218,ideal,1,-0.693841827,0,Paid Search Branded,19,14
4053,1,NL,1.794350517,ideal,1,-0.693841827,0,Organic Search,19,14
4054,1,NL,-0.745602218,ideal,1,-0.693841827,1,Organic Search,19,14
4055,0,NL,-0.918492183,ideal,0,0.417412096,0,Direct Access,19,14
4056,0,NL,-0.226066431,ideal,1,-0.693841827,0,Paid Search Branded,19,14
4057,0,BE,-0.658724289,visa,1,-0.693841827,1,Paid Search Non-Branded,19,14
4058,0,NL,-0.77533121,ideal,0,0.358138635,1,Paid Search Branded,19,14
4059,1,NL,1.101924766,ideal,0,-0.119012733,0,Paid Search Branded,19,14
4060,1,NL,-0.658724289,ideal,1,-0.693841827,0,Direct Access,19,14
4061,1,NL,-0.774176686,ideal,0,0.891599791,0,Direct Access,19,14
4062,0,NL,1.852365347,ideal,1,-0.693841827,0,Direct Access,19,14
4063,1,NL,-0.081462304,ideal,1,-0.693841827,0,Paid Search Branded,19,14
4064,1,NL,-0.676042149,ideal,0,1.537680525,0,Campaigning,19,14
4065,1,NL,-0.658724289,visa,1,-0.693841827,0,Paid Search Branded,19,14
4066,0,NL,0.206880058,ideal,1,-0.693841827,0,Paid Search Branded,19,14
4067,0,NL,0.120579391,ideal,1,-0.693841827,0,Paid Search Non-Branded,19,14
4068,0,NL,-0.312367098,ideal,1,-0.693841827,0,Paid Search Branded,19,15
4070,0,NL,-0.774176686,ideal,0,0.856035714,0,Organic Search,19,15
4071,0,NL,-0.312367098,ideal,1,-0.693841827,1,Paid Search Branded,19,15
4072,1,NL,-0.312367098,ideal,0,0.959764272,0,Paid Search Branded,19,15
4073,1,NL,0.235454526,ideal,1,-0.693841827,0,Paid Search Branded,19,15
4074,0,NL,-0.600998091,ideal,1,-0.693841827,0,Paid Search Branded,19,15
4075,0,NL,-0.2257778,visa,0,0.227737018,0,Organic Search,19,15
4076,0,NL,-0.456682594,ideal,0,1.02496508,0,Paid Search Branded,19,15
4077,0,NL,0.322332455,ideal,0,0.94790958,1,Direct Access,19,15
4078,0,NL,-0.658724289,ideal,1,-0.693841827,0,Paid Search Branded,19,15
4079,0,NL,-0.312367098,visa,0,-0.646546544,0,Direct Access,19,15
4080,0,NL,-0.572423622,ideal,0,-0.655437563,0,Organic Search,19,15
4081,1,NL,3.151204814,ideal,1,-0.693841827,0,Paid Search Branded,19,15
4082,1,NL,0.409210384,ideal,1,-0.693841827,0,Organic Search,19,15
4083,0,NL,-0.889917714,ideal,0,0.512249635,0,Campaigning,19,15
4084,0,NL,-0.341518828,ideal,0,-0.548745332,0,Paid Search Branded,19,15
4085,0,BE,-1.03394458,visa,1,-0.693841827,0,Paid Search Branded,19,15
4086,0,NL,-0.456971225,ideal,0,0.378884346,0,Direct Access,19,15
4087,0,NL,-0.312367098,ideal,1,-0.693841827,1,Paid Search Non-Branded,19,15
4088,1,NL,0.726415845,ideal,1,-0.693841827,0,Paid Search Branded,19,15
4089,0,NL,0.120579391,visa,1,-0.693841827,0,Paid Search Branded,19,15
4090,0,NL,0.358411329,ideal,0,1.386533197,0,Paid Search Branded,19,16
4091,1,NL,1.592597453,ideal,1,-0.693841827,1,Direct Access,19,16
4092,0,NL,2.169570808,visa,0,0.402593731,0,Paid Search Branded,19,16
4093,0,NL,0.207168689,ideal,0,1.419133601,0,Organic Search,19,16
4094,0,NL,-0.658724289,ideal,0,2.666839973,0,Organic Search,19,16
4095,0,NL,-0.658724289,ideal,0,-0.504290235,0,Paid Search Branded,19,16
4096,0,NL,4.88299077,ideal,0,2.077069028,1,Organic Search,19,16
4097,0,NL,0.120579391,ideal,0,-0.495399216,0,Direct Access,19,16
4098,0,NL,-0.312367098,ideal,0,-0.113085387,0,Organic Search,19,16
4099,0,NL,4.276865685,ideal,0,2.077069028,0,Organic Search,19,16
4100,0,NL,0.409210384,ideal,0,1.069420177,0,Paid Search Branded,19,16
4101,0,NL,-0.485545694,visa,1,-0.693841827,0,Paid Search Branded,19,16
4102,0,NL,0.784430674,visa,0,1.629554391,1,Direct Access,19,16
4104,0,NL,0.207168689,ideal,0,0.236628038,0,Affiliate,19,16
4105,0,NL,4.940716968,ideal,0,1.131657312,1,Direct Access,19,16
4106,0,NL,0.264894887,ideal,0,-0.447980446,0,Direct Access,19,16
4107,0,NL,-0.312367098,ideal,1,-0.693841827,0,Paid Search Branded,19,16
4108,0,NL,0.149153859,ideal,0,2.975061975,0,Paid Search Branded,19,16
4109,1,NL,-0.428108126,ideal,1,-0.693841827,0,Paid Search Branded,19,17
4110,0,NL,-0.600998091,ideal,0,0.879745099,0,Paid Search Branded,19,17
4111,0,NL,-0.889917714,ideal,0,1.632518064,0,Paid Search Non-Branded,19,17
4112,1,NL,-0.572423622,ideal,1,-0.693841827,1,Paid Search Branded,19,17
4113,0,NL,2.429627332,visa,0,1.096093234,1,Paid Search Branded,19,17
4114,0,NL,-0.081750935,visa,1,-0.693841827,1,Paid Search Non-Branded,19,17
4115,0,NL,-0.918492183,ideal,0,-0.11604906,0,Organic Search,19,17
4116,0,NL,-1.03394458,ideal,0,1.241313216,0,Direct Access,19,17
4117,1,NL,0.149153859,ideal,0,2.74982282,0,Paid Search Branded,19,17
4118,0,NL,0.120579391,ideal,1,-0.693841827,0,Paid Search Branded,19,17
4119,0,NL,0.351484185,ideal,0,2.542365703,0,Paid Search Branded,19,17
4120,1,NL,-0.196914701,ideal,0,0.541886366,1,Campaigning,19,17
4121,0,NL,0.091716292,ideal,0,1.502116448,0,Organic Search,19,17
4122,1,NL,0.120579391,ideal,0,-0.2879421,0,Paid Search Branded,19,17
4123,0,NL,3.670740601,ideal,0,2.921715859,0,Paid Search Branded,19,17
4124,0,NL,0.697841376,ideal,0,1.727355603,0,Direct Access,19,17
4125,1,NL,-1.03394458,ideal,1,-0.693841827,0,Paid Search Branded,19,17
4126,1,NL,-0.196914701,ideal,1,-0.693841827,0,Organic Search,19,17
4127,0,NL,0.351484185,visa,0,1.845902527,0,Direct Access,19,17
4128,0,NL,0.120579391,ideal,0,3.03729911,0,Direct Access,19,17
4129,0,NL,0.149153859,ideal,1,-0.693841827,0,Direct Access,19,17
4130,0,NL,-0.312367098,ideal,0,-0.270160061,0,Paid Search Branded,19,17
4131,1,NL,-1.03394458,ideal,1,-0.693841827,0,Paid Search Branded,19,17
4132,1,NL,-0.226355062,ideal,1,-0.693841827,0,Direct Access,19,17
4133,0,NL,-0.889629083,ideal,0,1.131657312,0,Paid Search Branded,19,18
4134,0,NL,0.120002129,ideal,1,-0.693841827,0,Direct Access,19,18
4136,0,NL,-0.456682594,ideal,0,1.697718872,0,Organic Search,19,18
4137,0,NL,-0.889629083,visa,0,-0.409452696,0,Organic Search,19,18
4138,0,NL,0.207168689,ideal,1,-0.693841827,0,Direct Access,19,18
4139,0,NL,0.351484185,ideal,1,-0.693841827,1,Direct Access,19,18
4140,0,NL,0.697841376,ideal,0,0.924200195,0,Paid Search Branded,19,18
4141,0,NL,-0.023736105,ideal,0,-0.522072274,0,Direct Access,19,18
4142,0,BE,-0.889917714,ideal,0,-0.655437563,0,Organic Search,19,18
4143,1,NL,-0.456682594,ideal,1,-0.693841827,0,Paid Search Branded,19,19
4144,1,NL,-0.918492183,ideal,0,0.764161848,0,Paid Search Branded,19,19
4145,0,NL,1.880939815,ideal,0,-0.56652737,1,Organic Search,19,19
4146,0,NL,-0.456971225,ideal,0,1.8488662,0,Paid Search Branded,19,19
4147,1,NL,-0.312367098,ideal,0,-0.053811925,0,Direct Access,19,19
4148,0,NL,1.130787865,ideal,1,-0.693841827,0,Paid Search Non-Branded,19,19
4149,0,NL,-0.74617948,ideal,0,-0.646546544,0,Direct Access,19,19
4150,0,NL,0.120579391,ideal,1,-0.693841827,1,Paid Search Non-Branded,19,19
4151,1,NL,2.12079217,ideal,0,0.790834906,0,Direct Access,19,19
4152,0,NL,0.55352588,ideal,0,1.715500911,0,Campaigning,19,19
4153,0,NL,-0.081462304,visa,0,0.088444383,0,Direct Access,19,19
4154,0,NL,0.091716292,ideal,0,0.924200195,0,Direct Access,19,19
4155,1,NL,-0.168340233,ideal,0,-0.661364909,0,Direct Access,19,19
4156,0,NL,3.151204814,ideal,1,-0.693841827,0,Paid Search Branded,19,19
4157,1,NL,0.12029076,ideal,0,-0.015284175,0,Organic Search,19,19
4158,1,NL,0.120579391,ideal,1,-0.693841827,1,Paid Search Branded,19,19
4159,1,NL,-0.600998091,ideal,1,-0.693841827,0,Paid Social,19,19
4160,0,NL,-0.139477133,ideal,0,-0.658401236,0,Organic Search,19,19
4161,0,NL,-0.197491963,ideal,1,-0.693841827,0,Paid Search Non-Branded,19,20
4162,0,NL,0.293469356,ideal,1,-0.693841827,0,Paid Search Branded,19,20
4163,0,NL,-0.2257778,ideal,0,0.959764272,0,Direct Access,19,20
4164,0,NL,-0.528840342,ideal,0,1.176112408,0,Direct Access,19,20
4165,1,NL,0.264894887,ideal,1,-0.693841827,1,Paid Search Branded,19,20
4166,1,NL,0.329836861,ideal,1,-0.693841827,0,Paid Search Branded,19,20
4167,1,NL,-0.081750935,ideal,1,-0.693841827,0,Paid Search Non-Branded,19,20
4168,0,NL,0.784430674,ideal,0,0.263301096,0,Direct Access,19,20
4169,0,NL,0.380058653,ideal,0,0.094371729,0,Direct Access,19,20
4170,0,NL,-1.005370111,ideal,0,-0.255341695,0,Paid Search Branded,19,20
4171,0,NL,-0.312367098,visa,0,0.850108368,0,Direct Access,19,20
4172,0,NL,0.062853192,ideal,1,-0.693841827,0,Paid Search Non-Branded,19,20
4173,0,NL,0.120579391,ideal,1,-0.693841827,0,Paid Search Branded,19,20
4174,0,BE,-0.023736105,visa,0,0.968655291,0,Paid Search Branded,19,20
4175,0,NL,-0.889917714,ideal,0,-0.575418389,0,Paid Search Branded,19,20
4176,1,NL,-0.455239439,ideal,0,1.35096912,0,Paid Search Branded,19,20
4177,0,NL,-0.196914701,ideal,0,1.244276889,0,Direct Access,19,20
4178,1,NL,-0.210191727,ideal,0,1.093129561,0,Direct Access,19,20
4179,0,NL,-0.428108126,ideal,1,-0.693841827,0,Paid Search Non-Branded,19,20
4180,1,NL,-0.485545694,ideal,0,1.155366696,0,Campaigning,19,20
4181,0,NL,-0.832191516,ideal,1,-0.693841827,0,Organic Search,19,21
4182,1,NL,-0.2257778,visa,1,-0.693841827,0,Paid Search Branded,19,21
4183,0,NL,-1.03394458,visa,1,-0.693841827,1,Paid Search Branded,19,21
4184,1,NL,0.524662781,visa,1,-0.693841827,0,Paid Search Non-Branded,19,21
4185,1,NL,-1.4671797,visa,0,0.041025614,0,Paid Search Non-Branded,19,21
4186,1,BE,-1.03394458,visa,1,-0.693841827,0,Paid Search Non-Branded,19,21
4187,1,NL,4.42089255,ideal,1,-0.693841827,0,Paid Search Branded,19,21
4188,0,NL,-0.485545694,ideal,0,-0.145685791,0,Paid Search Branded,19,21
4189,0,NL,-0.600998091,visa,0,1.027928753,0,Direct Access,19,21
4190,0,NL,0.322621086,visa,1,-0.693841827,0,Paid Search Branded,19,21
4191,1,NL,0.206880058,ideal,1,-0.693841827,0,Affiliate,19,21
4192,0,NL,-0.2257778,ideal,0,0.28701048,0,Direct Access,19,21
4193,0,NL,-0.600998091,ideal,0,0.568559424,0,Direct Access,19,21
4194,0,NL,1.286648601,ideal,1,-0.693841827,0,Paid Search Branded,19,21
4195,0,NL,-0.139765764,ideal,1,-0.693841827,0,Paid Search Branded,19,21
4196,0,NL,-1.034233211,ideal,1,-0.693841827,0,Paid Search Branded,19,21
4197,1,NL,-1.03394458,ideal,1,-0.693841827,0,Paid Search Branded,19,21
4198,0,NL,-0.514697424,visa,1,-0.693841827,0,Direct Access,19,21
4199,0,NL,-0.774465317,ideal,1,-0.693841827,0,Paid Search Branded,19,21
4200,0,NL,-0.378752226,ideal,0,1.736246622,0,Paid Search Non-Branded,19,21
4201,0,NL,3.26636858,visa,0,2.053359643,1,Paid Search Branded,19,22
4202,0,NL,0.091716292,ideal,1,-0.693841827,0,Paid Search Branded,19,22
4203,1,NL,-0.600998091,ideal,0,0.814544291,0,Paid Search Branded,19,22
4204,1,BE,2.660532126,visa,1,-0.693841827,1,Paid Search Non-Branded,19,22
4205,0,NL,-0.889629083,ideal,0,-0.646546544,0,Organic Search,19,22
4206,0,NL,-0.312367098,ideal,1,-0.693841827,1,Direct Access,19,22
4207,1,NL,1.822924986,ideal,1,-0.693841827,0,Paid Search Branded,19,22
4208,0,NL,-0.919069445,ideal,1,-0.693841827,0,Paid Search Branded,19,22
4209,1,NL,-0.745602218,ideal,1,-0.693841827,1,Paid Search Non-Branded,19,22
4210,0,NL,-0.485545694,visa,0,-0.631728178,0,Direct Access,19,22
4211,0,NL,-0.600998091,ideal,0,1.976304143,0,Direct Access,19,22
4212,0,NL,0.120579391,ideal,0,1.066456504,0,Organic Search,19,22
4213,0,NL,-0.456971225,ideal,1,-0.693841827,1,Organic Search,19,22
4214,0,NL,0.991667727,ideal,0,1.413206255,0,Paid Search Branded,19,22
4215,0,NL,1.852076716,ideal,0,2.065214336,0,Organic Search,19,23
4216,0,NL,-0.600998091,ideal,0,-0.030102541,0,Organic Search,19,23
4217,1,NL,1.384783139,ideal,0,1.285768312,0,Campaigning,19,23
4218,0,NL,0.409210384,ideal,1,-0.693841827,0,Organic Search,19,23
4219,1,NL,-0.918492183,ideal,1,-0.693841827,0,Paid Search Branded,19,23
4220,0,NL,-0.2257778,ideal,0,0.924200195,0,Direct Access,19,23
4221,0,BE,-0.053176467,visa,1,-0.693841827,0,Paid Search Branded,19,23
4222,0,NL,0.206880058,ideal,0,-0.130867426,0,Paid Search Branded,19,0
4223,0,NL,1.361692659,ideal,1,-0.693841827,1,Organic Search,19,0
4224,0,NL,0.207168689,ideal,1,-0.693841827,0,Organic Search,19,0
4225,0,NL,0.409210384,ideal,1,-0.693841827,0,Organic Search,19,0
4226,0,NL,1.419418858,visa,0,2.924679532,0,Campaigning,19,0
4227,1,NL,-0.28379263,ideal,1,-0.693841827,0,Paid Search Non-Branded,20,1
4229,0,NL,-0.052599205,ideal,0,-0.07752131,0,Paid Search Branded,20,2
4230,0,NL,-0.196914701,ideal,0,-0.07752131,0,Paid Search Branded,20,2
4231,1,NL,0.091716292,ideal,1,-0.693841827,0,Organic Search,20,3
4232,0,NL,0.091716292,visa,0,-0.65247389,0,Paid Search Branded,20,4
4233,0,NL,-1.034233211,ideal,0,-0.65247389,0,Paid Search Branded,20,6
4234,1,NL,-0.312367098,ideal,0,-0.362033927,0,Paid Search Branded,20,6
4235,1,NL,1.708049851,ideal,0,-0.175322522,1,Paid Search Branded,20,7
4236,0,NL,0.264606256,ideal,1,-0.693841827,0,Paid Search Non-Branded,20,7
4237,0,NL,-0.485545694,ideal,0,2.133378817,0,Organic Search,20,7
4238,1,NL,-0.485545694,ideal,0,0.642651251,0,Paid Search Branded,20,8
4239,1,NL,0.120579391,ideal,0,-0.264232715,0,Paid Search Branded,20,8
4240,0,NL,1.159362334,ideal,1,-0.693841827,1,Paid Search Branded,20,8
4241,0,NL,-0.023736105,ideal,0,0.633760232,0,Campaigning,20,8
4242,0,NL,-0.889917714,ideal,0,-0.169395176,0,Paid Search Branded,20,8
4243,0,NL,-0.600998091,ideal,0,-0.655437563,0,Direct Access,20,8
4244,0,NL,-0.023736105,ideal,0,1.748101315,0,Paid Search Branded,20,8
4245,0,NL,-0.312367098,ideal,1,-0.693841827,0,Member-get-member,20,8
4246,0,NL,0.120579391,ideal,0,-0.622837159,0,Paid Search Branded,20,8
4247,1,NL,-0.889917714,ideal,1,-0.693841827,0,Paid Search Non-Branded,20,8
4248,0,NL,-1.01951303,ideal,0,2.100778413,0,Paid Search Branded,20,8
4249,0,NL,0.120579391,ideal,0,0.461867193,0,Direct Access,20,8
4250,0,NL,-0.774465317,ideal,0,-0.637655524,1,Paid Search Branded,20,9
4251,0,NL,-0.831902885,ideal,1,-0.693841827,0,Paid Search Branded,20,9
4252,1,BE,-0.456682594,visa,1,-0.693841827,0,Direct Access,20,9
4253,1,NL,-0.426664971,ideal,0,0.90049081,0,Campaigning,20,9
4254,0,NL,0.207168689,ideal,0,0.678215328,1,Affiliate,20,9
4255,1,NL,-0.139765764,ideal,1,-0.693841827,0,Direct Access,20,9
4256,0,NL,-1.4671797,ideal,1,-0.693841827,0,Organic Search,20,9
4257,0,NL,-0.572423622,ideal,0,-0.216813945,0,Paid Search Branded,20,9
4258,1,NL,-0.823243955,ideal,0,1.247240562,0,Campaigning,20,9
4259,0,NL,0.746620014,visa,0,2.074105355,0,Direct Access,20,9
4260,1,NL,-0.600998091,ideal,0,2.471237549,0,Direct Access,20,9
4261,0,BE,-0.226066431,visa,1,-0.693841827,0,Paid Search Branded,20,9
4262,0,NL,0.784430674,ideal,0,-0.181249868,0,Direct Access,20,9
4263,0,NL,-1.005370111,ideal,0,2.933570551,0,Direct Access,20,9
4264,1,NL,1.777321289,visa,0,0.716743079,0,Direct Access,20,9
4265,0,NL,0.784430674,ideal,0,2.035577605,0,Paid Search Branded,20,10
4266,0,NL,-0.038167655,ideal,0,1.045710792,0,Organic Search,20,10
4267,1,NL,-0.485545694,ideal,0,0.527068001,0,Paid Search Non-Branded,20,10
4268,0,NL,-1.322575572,visa,1,-0.693841827,0,Direct Access,20,10
4269,0,NL,-0.658724289,ideal,0,0.144754172,1,Organic Search,20,10
4270,0,NL,-0.196914701,ideal,0,1.019037734,1,Campaigning,20,10
4271,0,NL,-0.399245027,ideal,0,0.853072041,0,Paid Search Branded,20,10
4272,0,NL,-0.918492183,ideal,0,-0.136794772,1,Member-get-member,20,10
4273,0,NL,0.553237249,ideal,1,-0.693841827,0,Direct Access,20,10
4274,0,NL,0.49551105,ideal,0,1.872575585,1,Paid Search Branded,20,10
4275,1,NL,0.784430674,ideal,1,-0.693841827,0,Paid Search Branded,20,10
4276,0,NL,0.293469356,ideal,1,-0.693841827,0,Organic Search,20,10
4277,1,NL,2.573942828,ideal,0,0.790834906,0,Direct Access,20,10
4278,1,NL,-1.03394458,ideal,1,-0.693841827,0,Paid Search Branded,20,10
4279,0,NL,-0.630149821,ideal,0,1.211676485,0,Paid Search Branded,20,10
4280,1,NL,-1.03394458,ideal,0,-0.130867426,0,Direct Access,20,10
4281,0,NL,-0.312367098,ideal,1,-0.693841827,0,Paid Search Non-Branded,20,10
4282,0,NL,-0.947643913,ideal,0,-0.575418389,0,Direct Access,20,11
4284,0,NL,-0.774465317,ideal,0,-0.024175194,0,Direct Access,20,11
4285,1,NL,0.55352588,ideal,1,-0.693841827,0,Paid Search Branded,20,11
4286,0,NL,1.823502248,ideal,0,2.681658339,0,Direct Access,20,11
4287,0,NL,1.130787865,ideal,0,1.736246622,1,Direct Access,20,11
4288,0,NL,0.784430674,ideal,1,-0.693841827,1,Organic Search,20,11
4289,1,NL,-0.370381928,ideal,1,-0.693841827,0,Paid Search Branded,20,11
4290,1,NL,1.938666014,ideal,1,-0.693841827,0,Paid Search Non-Branded,20,11
4291,1,NL,0.581811717,ideal,0,1.339114428,1,Paid Search Non-Branded,20,11
4292,0,NL,-1.034233211,ideal,0,1.451734005,0,Direct Access,20,11
4293,0,NL,-0.485545694,ideal,1,-0.693841827,0,Organic Search,20,11
4294,0,NL,-1.044046664,visa,0,2.207470644,1,Paid Search Non-Branded,20,11
4295,1,NL,-1.03394458,ideal,1,-0.693841827,0,Direct Access,20,11
4296,1,NL,0.784142043,ideal,1,-0.693841827,1,Paid Search Non-Branded,20,11
4298,0,NL,-0.081750935,ideal,0,1.048674465,0,Campaigning,20,11
4299,0,NL,0.235165895,ideal,0,-0.095303349,0,Paid Search Branded,20,12
4300,1,NL,0.409210384,ideal,1,-0.693841827,0,Direct Access,20,12
4301,1,NL,-0.070205695,ideal,1,-0.693841827,0,Direct Access,20,12
4302,0,NL,0.062853192,ideal,1,-0.693841827,1,Paid Search Branded,20,12
4303,0,NL,-1.4671797,ideal,1,-0.693841827,0,Paid Search Branded,20,12
4304,0,NL,-0.803328417,ideal,1,-0.693841827,0,Direct Access,20,12
4305,1,NL,-0.832191516,ideal,0,-0.136794772,0,Paid Search Non-Branded,20,12
4306,0,NL,-0.326798648,ideal,0,2.180797586,0,Organic Search,20,12
4307,0,NL,-0.352775437,ideal,0,-0.634691851,1,Paid Search Branded,20,12
4308,1,NL,0.437784852,ideal,0,1.205749139,1,Paid Search Branded,20,12
4309,0,NL,-0.052599205,ideal,0,-0.52799962,0,Paid Search Branded,20,12
4310,0,NL,0.842156873,visa,0,2.180797586,0,Organic Search,20,12
4311,0,NL,-0.28379263,ideal,1,-0.693841827,1,Paid Search Branded,20,12
4312,1,NL,-0.572423622,ideal,0,1.054601811,0,Paid Search Branded,20,12
4313,0,NL,-1.005370111,ideal,1,-0.693841827,0,Paid Search Branded,20,12
4314,0,NL,1.996392212,ideal,0,1.099056908,0,Organic Search,20,12
4315,1,NL,1.361692659,ideal,1,-0.693841827,1,Organic Search,20,12
4316,0,NL,-0.485545694,visa,0,-0.658401236,1,Member-get-member,20,12
4317,0,NL,0.264894887,ideal,0,0.719706752,1,Direct Access,20,12
4318,0,NL,1.30367783,ideal,1,-0.693841827,0,Paid Search Branded,20,12
4319,0,NL,0.998017609,ideal,1,-0.693841827,1,Paid Search Branded,20,12
4320,1,NL,0.120579391,ideal,0,-0.119012733,0,Paid Search Branded,20,12
4321,1,NL,0.120579391,ideal,1,-0.693841827,0,Paid Search Non-Branded,20,12
4322,1,NL,-0.312367098,ideal,1,-0.693841827,0,Paid Search Branded,20,12
4323,0,NL,-1.034233211,ideal,1,-0.693841827,0,Paid Search Branded,20,13
4324,1,NL,-0.600998091,visa,1,-0.693841827,0,Direct Access,20,13
4325,1,NL,0.409210384,ideal,1,-0.693841827,0,Paid Search Branded,20,13
4326,1,NL,2.718258325,ideal,0,-0.098267022,0,Paid Search Branded,20,13
4327,0,NL,-0.312367098,ideal,1,-0.693841827,0,Organic Search,20,13
4328,1,NL,-0.456682594,ideal,1,-0.693841827,0,Paid Search Branded,20,13
4329,0,NL,0.293469356,ideal,1,-0.693841827,0,Direct Access,20,13
4330,0,NL,0.264894887,ideal,0,2.05039597,0,Direct Access,20,13
4331,0,NL,0.697841376,ideal,1,-0.693841827,0,Organic Search,20,13
4332,1,NL,0.062853192,ideal,0,2.900970147,0,Organic Search,20,13
4333,0,NL,-1.4671797,ideal,1,-0.693841827,0,Paid Search Branded,20,13
4334,1,NL,0.120579391,ideal,1,-0.693841827,0,Organic Search,20,13
4335,0,NL,-0.312367098,ideal,1,-0.693841827,0,Paid Search Branded,20,13
4336,0,NL,-0.889917714,ideal,0,1.285768312,0,Direct Access,20,13
4337,0,NL,-0.312367098,ideal,0,0.239591711,0,Organic Search,20,13
4338,1,NL,-0.312367098,ideal,1,-0.693841827,0,Organic Search,20,13
4339,1,NL,0.697841376,visa,1,-0.693841827,0,Direct Access,20,13
4340,1,NL,0.149153859,ideal,0,0.98643733,0,Organic Search,20,13
4341,0,NL,0.351484185,ideal,1,-0.693841827,0,Direct Access,20,13
4342,1,NL,-0.428108126,ideal,0,1.176112408,0,Paid Search Branded,20,14
4343,1,NL,1.361692659,ideal,0,1.045710792,0,Campaigning,20,14
4344,0,NL,0.400262823,ideal,1,-0.693841827,0,Paid Search Branded,20,14
4345,0,NL,-0.531726652,ideal,0,0.135863153,0,Paid Search Branded,20,14
4346,0,NL,2.51621663,visa,0,1.555462564,0,Organic Search,20,14
4347,0,NL,0.409210384,ideal,0,2.616457531,0,Paid Search Branded,20,14
4348,0,NL,-0.602729877,ideal,0,0.764161848,0,Campaigning,20,14
4349,1,NL,-0.2257778,ideal,0,0.20995498,0,Campaigning,20,14
4350,0,NL,-0.052599205,ideal,0,-0.655437563,0,Paid Search Branded,20,14
4351,0,NL,-0.600998091,ideal,0,1.756992334,0,Paid Search Branded,20,14
4352,0,NL,-0.168051602,visa,1,-0.693841827,0,Direct Access,20,14
4353,0,NL,-0.560878383,ideal,1,-0.693841827,1,Direct Access,20,14
4354,0,NL,-0.947643913,ideal,1,-0.693841827,0,Paid Search Non-Branded,20,14
4355,0,NL,0.091427661,ideal,1,-0.693841827,0,Paid Search Branded,20,14
4356,1,NL,-0.861343246,ideal,1,-0.693841827,0,Paid Search Non-Branded,20,14
4357,1,NL,-0.528840342,ideal,0,1.090165888,0,Paid Search Branded,20,14
4358,0,NL,-0.046826585,ideal,1,-0.693841827,0,Affiliate,20,14
4359,1,NL,-1.03394458,ideal,1,-0.693841827,0,Paid Search Non-Branded,20,14
4360,0,NL,0.784430674,ideal,1,-0.693841827,0,Paid Search Branded,20,14
4361,0,NL,-0.023736105,ideal,1,-0.693841827,0,Paid Search Branded,20,14
4362,0,NL,-1.611495196,ideal,0,0.918272849,0,Paid Search Branded,20,14
4363,0,NL,-0.918492183,ideal,0,0.061771325,0,Paid Search Branded,20,14
4364,0,NL,1.70776122,ideal,0,-0.006393156,0,Affiliate,20,14
4365,1,NL,-1.4671797,ideal,0,-0.658401236,0,Paid Search Non-Branded,20,14
4366,0,NL,0.581811717,ideal,1,-0.693841827,0,Paid Search Non-Branded,20,15
4367,0,NL,-0.600998091,ideal,1,-0.693841827,0,Direct Access,20,15
4368,0,NL,0.120579391,ideal,0,-0.204959253,0,Paid Search Branded,20,15
4369,0,NL,-0.2257778,ideal,1,-0.693841827,0,Paid Search Non-Branded,20,15
4370,0,NL,-0.428108126,ideal,1,-0.693841827,0,Organic Search,20,15
4371,0,BE,-1.03394458,ideal,1,-0.693841827,0,Paid Search Non-Branded,20,15
4372,0,NL,-0.428108126,ideal,0,-0.664328582,1,Organic Search,20,15
4373,0,NL,-0.312367098,ideal,0,0.61301452,0,Paid Search Branded,20,15
4374,1,NL,1.708049851,ideal,1,-0.693841827,0,Paid Search Non-Branded,20,15
4375,1,NL,-0.081750935,ideal,0,2.248962067,0,Paid Search Branded,20,15
4376,0,NL,-0.485545694,ideal,1,-0.693841827,0,Direct Access,20,15
4377,1,NL,-0.312367098,ideal,1,-0.693841827,0,Paid Search Branded,20,15
4378,0,NL,-0.514697424,ideal,0,1.540644198,0,Direct Access,20,15
4379,0,NL,-0.600998091,ideal,0,-0.628764505,0,Organic Search,20,15
4380,0,NL,-0.2257778,ideal,1,-0.693841827,0,Direct Access,20,15
4381,0,NL,0.14078356,visa,1,-0.693841827,0,Paid Search Branded,20,15
4382,0,NL,-0.803328417,ideal,1,-0.693841827,0,Direct Access,20,15
4383,0,NL,0.120579391,visa,0,0.684142675,0,Paid Search Branded,20,15
4384,1,NL,0.206880058,ideal,1,-0.693841827,0,Organic Search,20,15
4385,0,NL,-0.341230197,ideal,0,1.792556411,0,Paid Search Branded,20,15
4386,0,NL,-0.038167655,ideal,0,1.416169928,0,Member-get-member,20,15
4387,0,NL,1.246240262,ideal,1,-0.693841827,0,Direct Access,20,15
4388,0,NL,-0.399245027,ideal,1,-0.693841827,1,Paid Search Branded,20,15
4389,0,NL,-0.832191516,ideal,0,-0.551709005,0,Direct Access,20,15
4390,0,NL,-0.745602218,ideal,1,-0.693841827,0,Paid Search Branded,20,15
4391,0,NL,-0.2257778,ideal,0,-0.178286195,0,Paid Search Branded,20,15
4392,1,NL,-0.658724289,ideal,0,-0.658401236,0,Direct Access,20,15
4393,0,NL,1.286648601,ideal,0,1.297623005,0,Campaigning,20,15
4394,0,NL,-0.601286722,ideal,0,-0.044920906,0,Direct Access,20,15
4395,0,NL,1.727965389,ideal,0,2.361581645,0,Direct Access,20,16
4396,0,NL,-0.2257778,ideal,0,0.352211288,0,Paid Search Branded,20,16
4397,0,NL,-0.658724289,ideal,1,-0.693841827,0,Paid Search Branded,20,16
4398,0,NL,-0.658724289,ideal,0,1.872575585,1,Direct Access,20,16
4399,0,NL,0.409210384,ideal,1,-0.693841827,0,Paid Search Non-Branded,20,16
4400,0,NL,-0.918492183,visa,0,-0.664328582,0,Paid Search Branded,20,16
4401,1,NL,1.419418858,ideal,1,-0.693841827,1,Paid Search Non-Branded,20,16
4402,0,NL,0.351484185,ideal,0,0.331465577,0,Paid Search Branded,20,16
4403,0,NL,-1.322864203,ideal,0,2.720186089,0,Paid Search Non-Branded,20,16
4406,0,NL,-0.2257778,ideal,1,-0.693841827,0,Organic Search,20,16
4407,1,NL,-0.2257778,ideal,1,-0.693841827,0,Paid Search Branded,20,16
4408,0,NL,-0.31294436,ideal,0,-0.643582871,0,Paid Search Branded,20,16
4409,1,NL,-0.803328417,ideal,1,-0.693841827,1,Organic Search,20,16
4410,0,NL,0.409210384,ideal,1,-0.693841827,0,Direct Access,20,16
4411,0,NL,-0.600998091,ideal,0,-0.655437563,1,Organic Search,20,17
4412,0,NL,-0.601286722,ideal,1,-0.693841827,0,Paid Search Branded,20,17
4413,0,NL,3.641877501,ideal,0,-0.130867426,0,Direct Access,20,17
4414,0,NL,-1.03394458,ideal,1,-0.693841827,0,Paid Search Non-Branded,20,17
4415,1,NL,0.120579391,ideal,0,2.486055915,0,Organic Search,20,17
4416,1,NL,0.264894887,ideal,1,-0.693841827,0,Paid Search Branded,20,17
4418,1,NL,-0.832191516,ideal,0,2.068178009,0,Paid Search Branded,20,17
4419,0,NL,0.091716292,ideal,0,1.365787486,0,Paid Search Branded,20,17
4420,0,NL,0.091716292,ideal,1,-0.693841827,0,Paid Search Branded,20,17
4421,0,NL,0.55352588,ideal,1,-0.693841827,0,Organic Search,20,17
4422,0,NL,-0.023736105,ideal,1,-0.693841827,0,Paid Search Branded,20,17
4423,0,NL,0.206880058,ideal,1,-0.693841827,0,Paid Search Branded,20,17
4424,1,NL,-0.485545694,ideal,1,-0.693841827,0,Organic Search,20,17
4425,0,NL,0.062564561,visa,1,-0.693841827,0,Organic Search,20,17
4426,1,NL,0.986472369,ideal,0,1.831084161,0,Paid Search Branded,20,17
4427,0,NL,-0.312367098,ideal,0,0.390739039,0,Direct Access,20,17
4428,0,NL,-0.226066431,ideal,1,-0.693841827,0,Paid Search Non-Branded,20,17
4429,0,NL,-0.918492183,ideal,0,1.47544339,0,Direct Access,20,17
4430,0,NL,-0.918492183,visa,1,-0.693841827,0,Paid Search Non-Branded,20,17
4431,1,NL,-0.312367098,ideal,0,1.315405043,0,Organic Search,20,17
4432,1,NL,-0.947643913,ideal,1,-0.693841827,0,Organic Search,20,17
4433,1,NL,-0.485545694,ideal,1,-0.693841827,0,Paid Search Branded,20,18
4434,1,NL,-0.572423622,ideal,0,0.447048827,0,Paid Search Branded,20,18
4435,1,NL,-0.485545694,ideal,1,-0.693841827,0,Organic Search,20,18
4436,1,NL,0.380058653,ideal,1,-0.693841827,1,Paid Search Branded,20,18
4437,0,NL,1.708049851,ideal,1,-0.693841827,0,Paid Search Branded,20,18
4438,0,NL,-1.03394458,ideal,0,-0.637655524,0,Organic Search,20,18
4439,1,NL,-1.03394458,visa,1,-0.693841827,0,Paid Search Branded,20,18
4440,0,NL,-0.485545694,ideal,0,2.53940203,0,Direct Access,20,18
4441,0,NL,0.004838363,ideal,1,-0.693841827,0,Paid Search Non-Branded,20,18
4442,0,NL,-0.312367098,ideal,1,-0.693841827,0,Affiliate,20,18
4443,0,NL,0.409210384,ideal,1,-0.693841827,0,Paid Search Branded,20,18
4444,0,NL,0.207168689,ideal,0,-0.587273082,1,Direct Access,20,18
4445,0,NL,0.380058653,ideal,0,0.088444383,0,Paid Search Non-Branded,20,18
4446,0,NL,-0.64746768,ideal,0,1.078311196,0,Paid Search Branded,20,18
4447,0,NL,-0.600998091,ideal,0,-0.661364909,0,Paid Search Branded,20,18
4450,0,NL,0.157812789,ideal,0,0.894563464,0,Paid Search Branded,20,18
4451,0,NL,1.130787865,ideal,1,-0.693841827,0,Paid Search Branded,20,18
4452,1,NL,-0.456971225,ideal,1,-0.693841827,0,Paid Search Branded,20,18
4453,0,NL,-1.03394458,ideal,1,-0.693841827,0,Paid Search Non-Branded,20,18
4454,1,BE,1.592020191,visa,1,-0.693841827,0,Paid Search Branded,20,18
4455,1,NL,0.010610983,ideal,0,1.970376797,0,Paid Search Branded,20,18
4457,0,NL,-0.553662608,ideal,1,-0.693841827,0,Direct Access,20,19
4458,1,NL,-0.226066431,ideal,1,-0.693841827,0,Paid Search Branded,20,19
4459,0,NL,2.545079729,ideal,1,-0.693841827,0,Organic Search,20,19
4460,1,NL,-0.381927167,ideal,0,0.73748879,0,Campaigning,20,19
4461,0,NL,0.351484185,visa,1,-0.693841827,0,Direct Access,20,19
4462,0,NL,-0.774465317,ideal,1,-0.693841827,0,Direct Access,20,19
4463,0,NL,2.573942828,ideal,1,-0.693841827,0,Direct Access,20,19
4464,0,NL,-0.889917714,ideal,1,-0.693841827,0,Paid Search Branded,20,19
4465,0,NL,0.120579391,ideal,1,-0.693841827,0,Paid Search Branded,20,19
4466,0,NL,0.697552745,ideal,1,-0.693841827,0,Paid Search Non-Branded,20,19
4467,0,NL,-0.312367098,ideal,1,-0.693841827,0,Paid Search Branded,20,19
4468,1,NL,-0.341230197,ideal,1,-0.693841827,1,Organic Search,20,19
4469,0,NL,-0.28379263,ideal,0,-0.658401236,0,Organic Search,20,19
4470,1,NL,2.833710722,ideal,1,-0.693841827,0,Paid Search Branded,20,19
4471,1,NL,-0.600998091,ideal,0,-0.199031907,0,Direct Access,20,19
4472,0,NL,1.505719525,visa,1,-0.693841827,0,Paid Search Non-Branded,20,19
4473,0,NL,-0.600998091,ideal,0,2.163015548,0,Direct Access,20,19
4474,1,NL,0.149153859,ideal,1,-0.693841827,0,Paid Search Branded,20,20
4475,0,NL,3.237505481,ideal,0,0.032134594,0,Direct Access,20,20
4476,0,NL,0.784142043,ideal,0,0.589305136,0,Organic Search,20,20
4477,0,NL,-0.823243955,ideal,0,2.978025648,0,Campaigning,20,20
4478,0,NL,-0.600998091,ideal,0,2.945425244,0,Paid Search Branded,20,20
4479,0,NL,0.986472369,ideal,1,-0.693841827,0,Paid Search Non-Branded,20,20
4480,0,NL,2.429627332,ideal,0,-0.530963293,0,Campaigning,20,20
4482,1,NL,-0.889917714,ideal,1,-0.693841827,0,Paid Search Non-Branded,20,20
4483,0,NL,-0.341518828,ideal,0,-0.646546544,1,Paid Search Branded,20,20
4484,0,NL,-0.25492953,ideal,1,-0.693841827,0,Organic Search,20,20
4485,0,NL,0.55352588,ideal,0,-0.643582871,0,Paid Search Branded,20,21
4486,0,NL,-0.658724289,ideal,0,-0.456871466,0,Paid Search Branded,20,21
4487,0,NL,-0.601286722,visa,0,0.939018561,0,Paid Search Branded,20,21
4489,1,NL,-0.2257778,ideal,1,-0.693841827,0,Paid Search Branded,20,21
4490,1,NL,-0.168340233,ideal,1,-0.693841827,0,Organic Search,20,21
4491,0,NL,-0.658724289,ideal,1,-0.693841827,0,Paid Search Non-Branded,20,21
4492,1,BE,0.120579391,visa,1,-0.693841827,0,Paid Search Branded,20,21
4493,0,NL,-0.312367098,ideal,0,0.245519057,0,Direct Access,20,21
4494,0,NL,2.083270141,ideal,0,2.017795566,0,Paid Search Branded,20,21
4495,0,NL,-0.456971225,ideal,0,-0.391670658,0,Organic Search,20,21
4496,0,NL,0.351484185,ideal,0,-0.320542504,0,Paid Search Branded,20,22
4497,0,NL,-0.312367098,ideal,0,0.408521077,0,Direct Access,20,22
4498,0,NL,1.418841596,ideal,0,-0.658401236,0,Paid Search Branded,20,22
4499,1,NL,1.200059303,ideal,1,-0.693841827,0,Paid Search Branded,20,22
4500,1,NL,0.697841376,ideal,1,-0.693841827,0,Organic Search,20,22
4501,0,NL,-0.889917714,ideal,0,-0.021211521,0,Paid Search Branded,20,22
4502,1,NL,-0.341230197,ideal,1,-0.693841827,0,Paid Search Branded,20,22
4503,0,NL,-0.745602218,ideal,1,-0.693841827,0,Paid Search Non-Branded,20,22
4504,0,NL,-1.03394458,ideal,1,-0.693841827,0,Organic Search,20,22
4505,0,NL,-0.600998091,ideal,1,-0.693841827,0,Direct Access,20,22
4506,0,NL,-0.832191516,ideal,1,-0.693841827,0,Paid Search Branded,20,22
4507,1,NL,-1.034233211,ideal,0,1.069420177,0,Paid Social,20,23
4508,0,NL,1.419418858,ideal,0,1.116838946,0,Direct Access,20,23
4509,0,NL,0.149153859,ideal,1,-0.693841827,0,Paid Search Branded,20,23
4510,1,NL,-0.2257778,visa,0,-0.596164101,0,Organic Search,20,23
4511,1,NL,0.55352588,ideal,1,-0.693841827,0,Paid Search Branded,20,23
4512,0,NL,-1.03394458,ideal,0,0.233664365,0,Direct Access,20,23
4513,0,NL,-1.387806177,ideal,0,1.807374777,0,Campaigning,20,23
4514,0,NL,-0.600998091,ideal,0,1.81033845,0,Paid Search Branded,20,23
4515,0,NL,-0.312367098,ideal,0,0.13289948,0,Paid Search Branded,20,0
4516,0,NL,0.639826547,ideal,1,-0.693841827,1,Direct Access,20,0
4517,0,NL,-0.312367098,ideal,0,1.365787486,0,Paid Search Branded,20,0
4518,0,NL,-0.197203332,ideal,0,-0.282014753,0,Paid Search Branded,20,0
4520,0,NL,-0.28379263,ideal,1,-0.693841827,0,Paid Search Branded,21,1
4521,1,NL,-0.456971225,ideal,1,-0.693841827,0,Member-get-member,21,2
4522,0,NL,0.524085519,ideal,1,-0.693841827,0,Paid Search Branded,21,6
4523,0,NL,0.120579391,ideal,0,2.640166915,1,Direct Access,21,7
4524,1,NL,-0.023736105,ideal,0,-0.356106581,0,Direct Access,21,7
4525,0,BE,-1.03394458,visa,1,-0.693841827,0,Paid Search Non-Branded,21,7
4526,0,NL,-0.485545694,ideal,0,-0.370924946,0,Paid Search Branded,21,7
4527,0,NL,-0.456682594,ideal,1,-0.693841827,0,Paid Search Non-Branded,21,7
4528,1,NL,-0.600998091,ideal,1,-0.693841827,1,Paid Search Branded,21,8
4529,0,NL,-0.312367098,ideal,1,-0.693841827,0,Organic Search,21,8
4530,0,BE,-0.600998091,visa,1,-0.693841827,0,Direct Access,21,8
4531,1,NL,0.091427661,visa,1,-0.693841827,0,Organic Search,21,8
4532,1,NL,-1.322575572,ideal,1,-0.693841827,0,Paid Search Branded,21,8
4533,0,NL,-0.600998091,visa,0,0.13289948,1,Organic Search,21,8
4534,0,NL,0.408921753,ideal,1,-0.693841827,0,Paid Search Branded,21,9
4535,0,NL,0.120579391,ideal,1,-0.693841827,0,Direct Access,21,9
4537,0,NL,-0.341518828,ideal,1,-0.693841827,0,Direct Access,21,9
4538,1,NL,-0.312367098,ideal,1,-0.693841827,0,Paid Search Branded,21,9
4539,1,NL,1.015046837,ideal,1,-0.693841827,0,Paid Search Branded,21,9
4540,0,NL,-1.03394458,ideal,0,-0.124940079,0,Paid Search Branded,21,9
4541,1,NL,0.610963447,ideal,1,-0.693841827,0,Paid Social,21,9
4542,1,NL,-0.485545694,ideal,1,-0.693841827,0,Paid Search Branded,21,9
4543,0,NL,-1.4671797,ideal,1,-0.693841827,1,Paid Search Branded,21,10
4544,0,NL,0.264606256,ideal,0,-0.261269042,0,Paid Search Branded,21,10
4545,0,NL,-0.378752226,ideal,0,2.343799606,0,Direct Access,21,10
4546,0,NL,0.091716292,ideal,1,-0.693841827,1,Paid Search Branded,21,10
4547,0,NL,-0.024024736,ideal,0,-0.231632311,0,Organic Search,21,10
4548,0,NL,0.582100348,ideal,1,-0.693841827,0,Affiliate,21,10
4549,1,NL,0.149153859,ideal,0,-0.15457681,0,Paid Search Branded,21,10
4550,1,NL,0.408921753,ideal,1,-0.693841827,0,Paid Search Branded,21,10
4551,0,NL,-0.600998091,ideal,0,2.331944914,0,Paid Search Branded,21,10
4552,0,NL,-1.322864203,visa,0,0.944945907,0,Paid Search Non-Branded,21,10
4553,1,NL,1.390555759,ideal,0,2.130415144,0,Paid Search Non-Branded,21,10
4554,1,NL,-0.485545694,ideal,0,0.778980214,0,Organic Search,21,10
4556,1,NL,-0.832191516,ideal,1,-0.693841827,0,Paid Search Non-Branded,21,10
4557,1,NL,-0.658724289,ideal,1,-0.693841827,0,Organic Search,21,10
4558,0,NL,-0.196914701,ideal,0,-0.036029887,0,Paid Search Branded,21,11
4559,0,NL,-0.600998091,ideal,0,1.339114428,0,Paid Search Branded,21,11
4560,0,NL,0.14078356,ideal,0,1.9259217,0,Organic Search,21,11
4561,0,NL,-0.023736105,ideal,1,-0.693841827,0,Paid Search Branded,21,11
4562,0,NL,0.813293773,ideal,0,2.527547338,1,Organic Search,21,11
4563,0,NL,-0.485545694,ideal,0,0.2959015,0,Organic Search,21,11
4564,0,BE,-0.485545694,visa,0,0.464830866,0,Organic Search,21,11
4565,0,NL,0.120579391,ideal,1,-0.693841827,0,Direct Access,21,11
4566,0,NL,1.801854923,ideal,0,1.756992334,0,Paid Search Branded,21,11
4567,0,NL,-0.600998091,ideal,0,-0.498362889,0,Direct Access,21,11
4568,0,NL,0.409210384,ideal,1,-0.693841827,0,Member-get-member,21,11
4569,0,NL,-0.312367098,ideal,0,1.756992334,0,Paid Search Branded,21,11
4570,1,NL,-0.890206345,ideal,0,0.743416136,0,Direct Access,21,11
4571,0,NL,1.650323652,visa,0,2.468273876,0,Direct Access,21,12
4572,1,NL,-0.312367098,ideal,1,-0.693841827,0,Organic Search,21,12
4573,1,NL,-0.485545694,ideal,0,-0.664328582,0,Organic Search,21,12
4574,1,NL,3.728466799,ideal,1,-0.693841827,0,Paid Search Branded,21,12
4575,1,NL,-0.312367098,ideal,0,0.041025614,0,Paid Search Branded,21,12
4576,0,NL,-0.774176686,visa,0,-0.320542504,1,Direct Access,21,12
4577,0,NL,-0.456971225,ideal,1,-0.693841827,0,Organic Search,21,12
4578,0,NL,-0.023736105,ideal,0,-0.447980446,1,Organic Search,21,12
4579,0,NL,0.149153859,ideal,1,-0.693841827,1,Paid Search Branded,21,12
4580,0,NL,-0.832191516,ideal,1,-0.693841827,0,Paid Search Non-Branded,21,12
4581,0,NL,-1.4671797,ideal,0,-0.510217581,0,Paid Search Branded,21,12
4582,0,NL,0.264894887,ideal,0,1.093129561,0,Organic Search,21,12
4583,0,NL,0.55352588,ideal,1,-0.693841827,1,Paid Search Branded,21,12
4584,1,NL,-0.168628864,ideal,0,1.943703739,0,Direct Access,21,12
4585,1,NL,-0.370670559,ideal,1,-0.693841827,0,Direct Access,21,12
4586,1,NL,3.907418015,ideal,0,0.091408056,0,Paid Search Branded,21,12
4587,1,NL,0.062853192,ideal,1,-0.693841827,0,Direct Access,21,12
4588,0,NL,-0.284081261,ideal,1,-0.693841827,0,Organic Search,21,12
4589,0,BE,-0.658724289,visa,1,-0.693841827,0,Direct Access,21,12
4590,0,NL,-0.067030754,ideal,0,-0.486508197,0,Paid Search Branded,21,12
4591,0,NL,-1.03394458,ideal,1,-0.693841827,0,Organic Search,21,12
4592,1,NL,-0.456682594,ideal,1,-0.693841827,0,Paid Search Branded,21,12
4593,0,NL,-1.03394458,ideal,0,0.319610884,0,Paid Search Branded,21,13
4594,0,NL,-0.402131337,ideal,0,1.045710792,0,Organic Search,21,13
4595,0,NL,-0.428396757,ideal,0,1.276877293,0,Organic Search,21,13
4596,1,NL,-0.456971225,ideal,1,-0.693841827,0,Paid Search Non-Branded,21,13
4597,0,NL,1.275103362,ideal,0,2.574966107,0,Paid Search Branded,21,13
4598,0,NL,0.120579391,ideal,1,-0.693841827,1,Organic Search,21,13
4599,0,BE,-0.312367098,visa,1,-0.693841827,1,Paid Search Branded,21,13
4600,1,NL,-0.28379263,ideal,1,-0.693841827,0,Paid Search Branded,21,13
4601,0,NL,-0.993824872,visa,1,-0.693841827,1,Paid Search Non-Branded,21,13
4602,0,NL,-1.03394458,ideal,1,-0.693841827,0,Paid Search Non-Branded,21,13
4603,0,NL,-0.485545694,visa,1,-0.693841827,0,Paid Search Branded,21,13
4604,0,NL,-0.485545694,visa,0,0.491503924,0,Paid Search Branded,21,13
4605,0,NL,-0.341230197,ideal,1,-0.693841827,0,Direct Access,21,13
4606,0,NL,-0.312367098,ideal,0,1.386533197,0,Direct Access,21,13
4607,1,NL,0.149153859,ideal,1,-0.693841827,0,Paid Search Branded,21,13
4608,0,NL,-0.428396757,ideal,0,-0.121976406,0,Paid Search Branded,21,13
4609,0,NL,-0.168340233,ideal,1,-0.693841827,0,Paid Search Branded,21,13
4610,1,NL,-0.889917714,ideal,1,-0.693841827,0,Organic Search,21,13
4611,0,NL,0.697841376,ideal,0,2.649057935,0,Paid Search Branded,21,13
4612,1,NL,0.120579391,ideal,1,-0.693841827,0,Direct Access,21,13
4613,0,NL,-0.658724289,ideal,1,-0.693841827,0,Organic Search,21,13
4614,1,NL,0.022444853,ideal,1,-0.693841827,0,Affiliate,21,13
4615,1,NL,-0.600998091,ideal,0,1.306514024,0,Organic Search,21,14
4616,0,NL,0.697841376,ideal,1,-0.693841827,0,Direct Access,21,14
4617,1,NL,-1.03394458,ideal,1,-0.693841827,0,Paid Search Branded,21,14
4618,0,NL,-0.341230197,ideal,1,-0.693841827,0,Organic Search,21,14
4619,0,NL,0.120579391,ideal,1,-0.693841827,0,Paid Search Branded,21,14
4620,1,NL,0.293469356,ideal,0,0.98643733,0,Campaigning,21,14
4621,1,NL,-0.2257778,ideal,0,1.392460544,0,Paid Search Branded,21,14
4622,0,NL,-0.658724289,ideal,0,0.808616945,0,Direct Access,21,14
4623,0,NL,-0.600998091,ideal,0,0.882708772,0,Paid Search Branded,21,14
4624,1,NL,0.437784852,ideal,0,-0.184213541,0,Paid Search Branded,21,14
4625,0,NL,0.640115178,ideal,1,-0.693841827,0,Organic Search,21,14
4626,1,NL,0.207168689,ideal,0,-0.65247389,0,Paid Search Branded,21,14
4627,0,NL,-0.918492183,visa,1,-0.693841827,0,Organic Search,21,14
4628,1,NL,-0.312367098,ideal,0,-0.61394614,1,Paid Search Branded,21,14
4629,0,NL,-0.600998091,ideal,1,-0.693841827,0,Paid Search Branded,21,14
4630,0,NL,-0.081750935,ideal,1,-0.693841827,0,Direct Access,21,14
4631,0,NL,-0.2257778,ideal,0,1.214640158,0,Paid Search Branded,21,15
4632,1,NL,2.90586847,visa,0,0.790834906,0,Campaigning,21,15
4633,0,NL,-0.832191516,ideal,0,0.701924713,0,Direct Access,21,15
4634,1,NL,-0.600998091,ideal,0,0.491503924,0,Direct Access,21,15
4636,0,NL,-1.322864203,ideal,1,-0.693841827,0,Paid Search Branded,21,15
4637,1,NL,0.207168689,ideal,1,-0.693841827,0,Organic Search,21,15
4638,0,NL,1.794350517,ideal,1,-0.693841827,1,Organic Search,21,15
4639,1,BE,-0.600998091,visa,1,-0.693841827,0,Paid Search Non-Branded,21,15
4640,0,NL,1.708049851,ideal,1,-0.693841827,0,Paid Search Branded,21,15
4641,1,NL,-0.600998091,ideal,1,-0.693841827,0,Organic Search,21,15
4642,0,NL,-0.918492183,ideal,0,-0.658401236,1,Direct Access,21,15
4643,1,NL,-0.023736105,ideal,1,-0.693841827,0,Direct Access,21,15
4644,1,NL,1.852076716,ideal,1,-0.693841827,0,Paid Search Branded,21,15
4645,1,NL,-0.31294436,ideal,0,-0.234595984,0,Organic Search,21,15
4646,0,NL,-1.03394458,ideal,1,-0.693841827,0,Paid Search Branded,21,15
4647,1,NL,-0.197203332,ideal,1,-0.693841827,1,Organic Search,21,15
4648,0,NL,-0.918492183,ideal,0,-0.172358849,0,Paid Search Branded,21,15
4649,0,NL,-1.034233211,ideal,0,2.986916667,1,Organic Search,21,15
4650,1,NL,0.120579391,ideal,0,2.417891433,0,Paid Search Branded,21,16
4652,0,NL,0.062853192,ideal,1,-0.693841827,0,Paid Search Branded,21,16
4653,1,NL,2.51621663,ideal,1,-0.693841827,1,Direct Access,21,16
4654,0,NL,-0.803617047,ideal,1,-0.693841827,0,Paid Search Non-Branded,21,16
4655,0,NL,0.55352588,visa,0,1.081274869,0,Direct Access,21,16
4656,0,NL,-0.341230197,ideal,0,0.441121481,1,Organic Search,21,16
4657,0,NL,0.206880058,ideal,1,-0.693841827,0,Organic Search,21,16
4658,1,NL,-0.658724289,ideal,1,-0.693841827,0,Organic Search,21,16
4660,0,NL,-0.572423622,ideal,1,-0.693841827,0,Direct Access,21,16
4661,1,NL,-0.514986055,ideal,1,-0.693841827,0,Paid Search Branded,21,16
4662,0,NL,0.380058653,ideal,1,-0.693841827,0,Direct Access,21,16
4663,0,NL,-0.023736105,ideal,1,-0.693841827,0,Organic Search,21,16
4664,0,NL,-0.456971225,ideal,0,-0.631728178,0,Campaigning,21,16
4665,1,NL,-0.2257778,ideal,1,-0.693841827,0,Paid Search Branded,21,16
4666,1,NL,-1.03394458,ideal,1,-0.693841827,0,Paid Search Non-Branded,21,16
4667,0,NL,0.120579391,ideal,1,-0.693841827,0,Organic Search,21,17
4668,0,NL,-0.399245027,ideal,1,-0.693841827,0,Paid Search Branded,21,17
4669,0,BE,1.647437342,visa,0,1.093129561,0,Paid Search Branded,21,17
4670,0,NL,3.265791318,ideal,0,-0.658401236,0,Paid Search Branded,21,17
4671,0,NL,-0.379329488,ideal,0,1.472479717,0,Member-get-member,21,17
4672,1,NL,0.351484185,visa,0,-0.284978426,1,Paid Search Branded,21,17
4673,0,NL,-0.889917714,ideal,1,-0.693841827,0,Paid Search Branded,21,17
4674,0,NL,-0.600998091,ideal,1,-0.693841827,0,Organic Search,21,17
4675,0,NL,-0.485545694,ideal,1,-0.693841827,0,Direct Access,21,17
4676,1,NL,0.525817305,ideal,0,1.244276889,0,Paid Search Branded,21,17
4677,1,NL,0.986472369,ideal,0,2.592748146,0,Direct Access,21,17
4678,1,NL,0.409210384,visa,1,-0.693841827,0,Direct Access,21,17
4679,0,NL,-0.918492183,ideal,1,-0.693841827,0,Paid Search Branded,21,18
4680,0,NL,-0.918492183,ideal,0,0.13289948,0,Paid Search Branded,21,18
4681,0,NL,-0.918492183,ideal,1,-0.693841827,0,Paid Search Branded,21,18
4682,1,NL,-0.717316381,ideal,1,-0.693841827,0,Paid Search Branded,21,18
4683,0,BE,3.237794112,visa,0,1.463588698,0,Organic Search,21,18
4684,0,NL,-0.023736105,ideal,0,-0.40352535,0,Paid Search Branded,21,18
4685,1,NL,-0.918492183,ideal,0,-0.661364909,0,Paid Search Branded,21,18
4686,0,NL,0.948373078,ideal,0,-0.356106581,1,Paid Search Non-Branded,21,18
4687,1,NL,-0.918492183,ideal,1,-0.693841827,1,Direct Access,21,18
4688,0,NL,-0.861343246,ideal,1,-0.693841827,0,Paid Search Branded,21,18
4689,0,NL,-1.03394458,ideal,1,-0.693841827,0,Paid Search Non-Branded,21,18
4690,0,NL,0.784430674,ideal,0,-0.044920906,0,Paid Search Branded,21,18
4691,1,NL,-0.312367098,ideal,1,-0.693841827,0,Organic Search,21,18
4692,0,NL,-0.832191516,ideal,0,1.282804639,0,Paid Search Branded,21,18
4694,1,NL,0.813005142,ideal,1,-0.693841827,1,Paid Search Non-Branded,21,18
4695,1,NL,0.120579391,ideal,1,-0.693841827,0,Paid Search Branded,21,19
4696,1,NL,-0.28379263,ideal,1,-0.693841827,0,Direct Access,21,19
4697,0,NL,-0.197203332,ideal,0,1.380605851,0,Paid Search Branded,21,19
4698,0,NL,0.264606256,ideal,1,-0.693841827,0,Direct Access,21,19
4699,0,NL,-0.168051602,ideal,0,-0.530963293,0,Direct Access,21,19
4700,1,NL,-0.226355062,ideal,1,-0.693841827,0,Paid Search Non-Branded,21,19
4701,0,BE,-1.03394458,visa,1,-0.693841827,0,Paid Search Branded,21,19
4702,1,NL,0.149153859,ideal,0,-0.32646985,0,Direct Access,21,19
4703,1,NL,-0.168051602,ideal,1,-0.693841827,0,Paid Search Non-Branded,21,19
4704,1,NL,-0.312367098,ideal,0,1.404315236,0,Paid Search Branded,21,19
4705,0,NL,-1.03394458,ideal,0,-0.646546544,0,Paid Search Branded,21,19
4706,1,NL,-0.456682594,ideal,1,-0.693841827,0,Organic Search,21,19
4707,0,NL,-0.081462304,ideal,1,-0.693841827,0,Paid Search Branded,21,19
4708,0,NL,-0.312367098,ideal,0,2.373436337,0,Paid Search Branded,21,19
4709,1,NL,-0.312367098,ideal,1,-0.693841827,0,Paid Search Branded,21,19
4710,1,NL,-0.918492183,ideal,1,-0.693841827,0,Paid Search Branded,21,19
4711,1,NL,-0.774465317,ideal,1,-0.693841827,0,Paid Search Branded,21,19
4712,1,NL,0.784430674,ideal,0,1.43691564,0,Direct Access,21,19
4713,1,NL,0.062853192,ideal,0,-0.477617177,0,Organic Search,21,19
4714,1,NL,-0.428396757,ideal,0,-0.231632311,0,Paid Search Branded,21,19
4715,0,NL,-0.485545694,ideal,0,-0.661364909,0,Paid Search Branded,21,19
4716,1,NL,0.091716292,ideal,1,-0.693841827,0,Paid Search Branded,21,20
4717,0,NL,-0.312367098,ideal,0,1.792556411,0,Organic Search,21,20
4718,1,NL,0.120579391,ideal,0,0.494467597,0,Paid Search Branded,21,20
4719,0,NL,0.264606256,ideal,0,0.939018561,0,Paid Search Branded,21,20
4720,0,NL,0.409210384,ideal,0,-0.086412329,1,Paid Search Branded,21,20
4721,1,NL,-1.03394458,ideal,1,-0.693841827,0,Paid Search Branded,21,20
4722,1,NL,0.409210384,visa,1,-0.693841827,0,Paid Search Branded,21,20
4723,0,NL,0.149153859,ideal,0,2.269707779,1,Direct Access,21,20
4724,0,NL,2.718258325,ideal,1,-0.693841827,1,Direct Access,21,20
4725,1,NL,0.120579391,ideal,1,-0.693841827,0,Paid Search Branded,21,20
4726,1,NL,-0.28379263,ideal,0,0.66043329,0,Paid Search Branded,21,20
4727,0,NL,-0.168340233,ideal,0,0.091408056,0,Direct Access,21,21
4729,1,NL,-0.803617047,ideal,1,-0.693841827,0,Organic Search,21,21
4730,1,NL,4.88299077,ideal,0,0.858999387,0,Paid Search Branded,21,21
4731,1,NL,-0.428108126,ideal,1,-0.693841827,0,Paid Search Branded,21,21
4732,1,NL,3.179779282,ideal,0,1.342078101,0,Paid Search Branded,21,21
4733,1,NL,-0.312367098,ideal,0,-0.027138867,0,Direct Access,21,21
4734,0,NL,1.506008156,ideal,0,2.189688605,0,Direct Access,21,21
4735,1,NL,1.130787865,ideal,0,0.743416136,0,Paid Search Branded,21,21
4736,1,NL,-0.341807459,ideal,1,-0.693841827,1,Direct Access,21,21
4737,1,NL,0.784142043,ideal,1,-0.693841827,0,Organic Search,21,21
4738,0,NL,0.091716292,ideal,0,-0.631728178,0,Direct Access,21,21
4739,0,NL,-0.196914701,visa,0,0.86196306,1,Direct Access,21,21
4740,0,NL,-0.600998091,ideal,1,-0.693841827,0,Paid Search Non-Branded,21,21
4741,0,NL,0.409210384,ideal,1,-0.693841827,0,Paid Search Branded,21,21
4742,0,NL,-1.03394458,ideal,1,-0.693841827,0,Paid Search Non-Branded,21,22
4743,0,NL,-0.2257778,ideal,1,-0.693841827,0,Direct Access,21,22
4744,0,NL,-0.312367098,ideal,0,1.546571544,0,Paid Search Branded,21,22
4745,1,NL,-0.456971225,ideal,0,2.195615952,1,Paid Social,21,22
4746,1,NL,-0.485545694,ideal,0,0.941982234,0,Campaigning,21,22
4748,0,NL,0.192737139,ideal,0,0.778980214,0,Paid Search Non-Branded,21,22
4749,1,NL,0.120579391,ideal,1,-0.693841827,0,Paid Search Branded,21,22
4750,1,NL,1.517553395,ideal,0,2.542365703,0,Campaigning,21,22
4751,0,NL,-0.658724289,ideal,1,-0.693841827,0,Affiliate,21,22
4752,1,BE,0.235743157,visa,1,-0.693841827,0,Paid Search Branded,21,22
4753,0,NL,-0.052599205,ideal,1,-0.693841827,0,Paid Search Branded,21,22
4754,1,NL,-0.28379263,ideal,0,-0.519108601,1,Paid Search Branded,21,22
4755,0,NL,0.235454526,ideal,1,-0.693841827,1,Affiliate,21,22
4756,0,NL,-0.2257778,ideal,0,0.070662345,0,Direct Access,21,22
4758,0,NL,-0.347291448,ideal,1,-0.693841827,0,Paid Search Branded,21,22
4759,0,NL,0.120579391,ideal,1,-0.693841827,0,Direct Access,21,22
4760,1,NL,0.553237249,ideal,0,0.941982234,1,Paid Search Branded,21,22
4761,0,NL,2.198722538,ideal,1,-0.693841827,0,Organic Search,21,22
4762,1,NL,-0.312367098,ideal,1,-0.693841827,0,Paid Search Branded,21,22
4763,1,NL,3.093189984,ideal,0,1.042747119,0,Paid Search Branded,21,23
4764,0,NL,-0.745602218,visa,0,0.624869213,0,Direct Access,21,23
4765,0,NL,-1.03394458,visa,1,-0.693841827,0,Paid Search Non-Branded,21,0
4766,1,NL,0.524085519,ideal,0,2.275635125,1,Paid Search Non-Branded,21,0
4767,0,NL,0.120579391,ideal,0,-0.610982467,1,Paid Search Branded,21,0
4768,0,BE,-0.168051602,ideal,0,-0.296833119,0,Paid Search Non-Branded,21,0
4769,0,NL,-1.03394458,ideal,0,2.580893454,0,Direct Access,21,0
4770,0,NL,-0.2257778,ideal,0,1.881466604,1,Paid Search Branded,21,0
4771,1,NL,-0.312367098,visa,0,1.039783446,0,Direct Access,21,0
4772,1,NL,-0.889917714,ideal,1,-0.693841827,1,Paid Search Branded,22,1
4774,0,NL,-0.600998091,ideal,0,1.881466604,1,Organic Search,22,1
4775,0,NL,-0.312367098,ideal,0,1.407278909,0,Paid Search Branded,22,6
4776,0,NL,-0.139477133,ideal,0,0.773052867,0,Paid Search Branded,22,7
4777,0,NL,-0.139477133,visa,0,1.205749139,0,Paid Search Branded,22,7
4778,1,NL,-0.2257778,visa,0,1.084238542,1,Direct Access,22,8
4779,0,NL,-0.745890849,ideal,1,-0.693841827,0,Paid Search Non-Branded,22,8
4780,0,NL,-1.034233211,ideal,0,1.104984254,0,Paid Search Branded,22,8
4781,0,NL,0.149153859,ideal,1,-0.693841827,0,Paid Search Non-Branded,22,8
4782,0,NL,0.091716292,visa,1,-0.693841827,1,Organic Search,22,8
4783,0,NL,-0.600998091,ideal,0,-0.596164101,0,Paid Search Branded,22,9
4784,0,NL,-0.160835827,ideal,0,2.071141682,0,Paid Search Branded,22,9
4785,1,NL,-0.081750935,ideal,1,-0.693841827,0,Direct Access,22,9
4786,0,NL,-0.312367098,ideal,0,1.223531177,0,Paid Social,22,9
4787,0,NL,-0.889917714,ideal,1,-0.693841827,0,Direct Access,22,9
4788,0,NL,-0.456971225,ideal,0,1.516934813,0,Direct Access,22,9
4789,1,NL,-1.4671797,ideal,0,1.259095254,0,Paid Search Branded,22,10
4790,0,NL,-0.600998091,ideal,0,-0.181249868,1,Direct Access,22,10
4791,0,NL,1.852365347,visa,0,1.608808679,0,Paid Search Branded,22,10
4792,1,NL,0.120579391,ideal,0,-0.593200428,0,Direct Access,22,10
4793,0,NL,0.120579391,ideal,1,-0.693841827,1,Direct Access,22,10
4794,1,NL,0.120579391,ideal,1,-0.693841827,0,Organic Search,22,10
4795,1,NL,-0.601286722,ideal,0,1.792556411,0,Organic Search,22,10
4796,0,BE,-0.485545694,visa,0,0.817507964,0,Direct Access,22,10
4797,0,NL,1.476567794,ideal,0,-0.498362889,0,Campaigning,22,10
4799,0,NL,-0.2257778,ideal,1,-0.693841827,0,Paid Search Non-Branded,22,10
4800,0,NL,-1.03394458,ideal,1,-0.693841827,0,Direct Access,22,10
4801,1,NL,1.592597453,ideal,0,1.27391362,0,Paid Search Branded,22,10
4802,1,NL,2.833710722,visa,1,-0.693841827,0,Paid Search Branded,22,10
4803,0,NL,-1.15026287,ideal,1,-0.693841827,0,Paid Search Branded,22,11
4804,0,NL,-0.889917714,ideal,1,-0.693841827,0,Direct Access,22,11
4805,0,NL,-1.03394458,ideal,1,-0.693841827,0,Paid Search Branded,22,11
4806,1,NL,0.120579391,ideal,0,2.029650258,0,Direct Access,22,11
4807,0,NL,-0.312655729,ideal,1,-0.693841827,0,Direct Access,22,11
4808,0,NL,0.169358029,ideal,0,2.580893454,0,Affiliate,22,11
4809,0,NL,-1.03394458,ideal,0,0.764161848,0,Organic Search,22,11
4810,0,NL,-0.399245027,ideal,0,0.052880306,0,Direct Access,22,11
4811,0,NL,-0.658724289,ideal,0,-0.658401236,0,Direct Access,22,11
4812,0,NL,-0.485545694,ideal,0,0.156608864,0,Paid Search Branded,22,11
4813,0,NL,-1.322864203,ideal,1,-0.693841827,0,Paid Search Branded,22,11
4814,1,NL,-0.081462304,ideal,1,-0.693841827,0,Paid Search Branded,22,11
4815,1,NL,-0.485545694,ideal,1,-0.693841827,1,Paid Search Branded,22,11
4816,1,NL,0.120579391,ideal,0,-0.661364909,0,Paid Search Branded,22,11
4817,0,NL,-1.351438672,ideal,0,1.208712812,0,Direct Access,22,11
4818,1,NL,0.351195554,ideal,0,-0.021211521,0,Paid Search Branded,22,11
4819,1,NL,1.852365347,ideal,0,2.563111415,0,Paid Search Branded,22,11
4820,1,NL,0.149153859,ideal,0,-0.059739271,0,Paid Search Branded,22,11
4821,0,NL,-0.081750935,ideal,0,0.055843979,0,Paid Search Branded,22,11
4822,1,NL,1.188225433,ideal,0,1.022001407,0,Direct Access,22,11
4823,0,NL,-0.658724289,visa,0,2.82687832,0,Paid Search Branded,22,12
4824,1,NL,-0.312367098,ideal,1,-0.693841827,0,Paid Search Branded,22,12
4825,1,NL,0.296644296,visa,1,-0.693841827,0,Member-get-member,22,12
4826,0,NL,0.986472369,ideal,0,1.229458524,0,Paid Search Branded,22,12
4827,0,NL,-0.196914701,ideal,1,-0.693841827,0,Direct Access,22,12
4828,0,NL,-0.572423622,ideal,0,-0.599127774,0,Paid Search Branded,22,12
4829,0,NL,-0.2257778,ideal,0,0.491503924,0,Paid Search Branded,22,12
4830,0,NL,0.697841376,ideal,0,0.201063961,0,Direct Access,22,12
4831,1,NL,-0.572423622,ideal,0,1.593990314,0,Organic Search,22,12
4832,1,NL,-0.2257778,ideal,1,-0.693841827,0,Paid Search Branded,22,12
4833,0,NL,2.429627332,visa,0,2.862442397,0,Direct Access,22,12
4834,1,NL,-0.600998091,ideal,1,-0.693841827,0,Organic Search,22,12
4835,1,NL,2.544791098,ideal,0,-0.267196388,0,Direct Access,22,12
4836,1,NL,-0.514986055,ideal,0,-0.533926966,0,Paid Search Branded,22,12
4837,0,NL,-0.600998091,ideal,1,-0.693841827,0,Direct Access,22,12
4838,1,NL,0.351484185,ideal,0,1.502116448,0,Organic Search,22,12
4839,0,NL,-0.081750935,ideal,0,-0.160504157,0,Paid Search Non-Branded,22,12
4840,0,NL,-0.918492183,ideal,0,0.755270829,0,Paid Search Branded,22,12
4841,1,NL,0.120579391,ideal,1,-0.693841827,1,Paid Search Branded,22,12
4842,0,NL,-0.61254333,ideal,1,-0.693841827,0,Direct Access,22,12
4843,1,NL,0.120579391,ideal,0,-0.169395176,0,Organic Search,22,12
4844,0,NL,-1.322864203,ideal,1,-0.693841827,0,Paid Search Non-Branded,22,12
4845,0,NL,-0.889917714,ideal,0,0.645614924,0,Organic Search,22,12
4846,0,NL,-0.231839051,ideal,1,-0.693841827,0,Direct Access,22,12
4847,1,NL,-1.005370111,ideal,1,-0.693841827,1,Paid Search Branded,22,12
4848,0,NL,1.909225652,ideal,0,0.713779406,0,Direct Access,22,13
4849,0,NL,-0.774465317,ideal,1,-0.693841827,0,Paid Search Non-Branded,22,13
4850,1,NL,0.784430674,ideal,0,0.260337423,0,Paid Search Branded,22,13
4851,1,NL,0.120579391,visa,1,-0.693841827,0,Paid Search Branded,22,13
4852,1,NL,-0.485545694,ideal,1,-0.693841827,0,Paid Search Branded,22,13
4853,1,NL,-0.600998091,ideal,0,0.530031674,0,Organic Search,22,13
4854,0,NL,0.236031788,ideal,0,-0.160504157,0,Paid Search Branded,22,13
4855,0,NL,2.011112393,ideal,0,-0.121976406,0,Paid Search Branded,22,13
4856,0,NL,-0.889629083,ideal,1,-0.693841827,0,Paid Search Branded,22,13
4858,1,NL,2.919722758,ideal,0,1.712537238,0,Paid Search Branded,22,13
4859,0,NL,-0.803328417,ideal,0,0.778980214,1,Paid Search Non-Branded,22,13
4860,0,NL,-1.03394458,ideal,1,-0.693841827,0,Paid Search Branded,22,13
4861,0,NL,-0.303996799,ideal,0,0.675251655,1,Organic Search,22,13
4862,1,NL,-0.600998091,ideal,0,0.174390903,0,Paid Search Branded,22,13
4863,0,NL,-0.456682594,ideal,1,-0.693841827,0,Paid Search Branded,22,13
4864,1,NL,-0.312367098,ideal,1,-0.693841827,0,Paid Search Branded,22,13
4865,0,NL,1.130787865,ideal,1,-0.693841827,0,Direct Access,22,13
4866,0,NL,0.409210384,ideal,1,-0.693841827,0,Direct Access,22,13
4867,0,NL,-0.600998091,ideal,0,1.416169928,0,Paid Search Branded,22,14
4868,0,NL,0.55352588,ideal,1,-0.693841827,0,Organic Search,22,14
4869,1,NL,-0.658724289,ideal,1,-0.693841827,0,Paid Search Branded,22,14
4870,1,NL,-0.514697424,ideal,1,-0.693841827,0,Paid Search Non-Branded,22,14
4871,0,NL,-1.322864203,ideal,1,-0.693841827,0,Paid Search Branded,22,14
4872,1,BE,1.505719525,visa,0,0.13289948,0,Paid Search Branded,22,14
4873,1,NL,0.120579391,ideal,0,1.102020581,0,Organic Search,22,14
4874,1,NL,-0.456682594,ideal,1,-0.693841827,0,Paid Search Non-Branded,22,14
4875,0,NL,-0.553373977,ideal,0,1.010146715,0,Direct Access,22,14
4876,1,NL,-0.2257778,ideal,0,0.589305136,0,Paid Search Branded,22,14
4877,0,NL,0.697841376,ideal,1,-0.693841827,0,Paid Search Branded,22,14
4878,0,NL,1.409316773,ideal,0,0.778980214,0,Campaigning,22,14
4879,0,NL,-0.160835827,ideal,0,0.743416136,0,Campaigning,22,14
4880,0,NL,1.078545656,ideal,0,2.420855107,1,Direct Access,22,14
4881,1,NL,-0.456682594,ideal,0,-0.495399216,0,Paid Search Branded,22,14
4882,1,NL,-1.4671797,ideal,1,-0.693841827,0,Paid Search Branded,22,14
4883,0,NL,-0.312367098,ideal,1,-0.693841827,0,Direct Access,22,14
4884,0,NL,-0.28379263,ideal,0,-0.658401236,1,Organic Search,22,14
4885,1,NL,-0.2257778,ideal,1,-0.693841827,0,Direct Access,22,14
4886,1,NL,-0.658724289,ideal,0,2.447528164,0,Paid Search Branded,22,15
4887,1,NL,-0.2257778,ideal,0,1.048674465,0,Organic Search,22,15
4888,0,NL,2.025255311,ideal,0,0.254410076,1,Direct Access,22,15
4889,1,NL,-0.023736105,ideal,1,-0.693841827,0,Organic Search,22,15
4890,0,NL,0.409210384,ideal,0,1.540644198,0,Direct Access,22,15
4891,0,NL,0.408633122,visa,1,-0.693841827,1,Paid Search Branded,22,15
4892,0,NL,0.120579391,ideal,1,-0.693841827,0,Direct Access,22,15
4893,1,NL,0.120579391,ideal,0,-0.664328582,0,Paid Search Branded,22,15
4894,1,NL,0.49551105,visa,0,1.940740066,0,Direct Access,22,15
4895,0,NL,-0.600998091,ideal,1,-0.693841827,0,Paid Search Branded,22,15
4896,1,NL,2.545079729,ideal,0,0.372957,0,Paid Search Branded,22,15
4897,1,NL,-0.774176686,ideal,1,-0.693841827,0,Direct Access,22,15
4898,0,NL,2.602228666,ideal,1,-0.693841827,0,Paid Search Branded,22,15
4899,0,NL,-0.485545694,ideal,1,-0.693841827,0,Organic Search,22,15
4900,0,NL,0.062853192,ideal,1,-0.693841827,0,Paid Search Non-Branded,22,15
4901,1,NL,0.871019972,ideal,1,-0.693841827,0,Paid Search Branded,22,16
4902,1,NL,1.368619803,ideal,1,-0.693841827,0,Paid Social,22,16
4903,1,NL,-0.023736105,ideal,1,-0.693841827,0,Direct Access,22,16
4904,1,NL,3.584151303,ideal,1,-0.693841827,1,Paid Search Branded,22,16
4905,0,NL,-0.803328417,ideal,1,-0.693841827,0,Paid Search Branded,22,16
4906,0,NL,-1.03394458,ideal,0,1.202785466,0,Paid Search Non-Branded,22,16
4907,1,NL,-0.312367098,ideal,0,2.151160855,1,Organic Search,22,16
4908,1,NL,-0.918492183,ideal,1,-0.693841827,0,Organic Search,22,16
4909,1,NL,0.697841376,ideal,0,1.007183042,0,Direct Access,22,16
4910,1,NL,-0.602729877,ideal,0,1.027928753,1,Campaigning,22,16
4911,1,NL,-0.023736105,ideal,0,1.291695659,0,Direct Access,22,16
4912,1,NL,0.120579391,ideal,1,-0.693841827,0,Direct Access,22,16
4913,1,NL,-0.889629083,ideal,1,-0.693841827,0,Paid Search Branded,22,16
4914,0,NL,-0.485545694,ideal,0,-0.166431503,0,Paid Search Branded,22,16
4915,0,NL,0.784430674,ideal,0,1.158330369,0,Organic Search,22,16
4916,1,NL,0.49551105,ideal,1,-0.693841827,0,Paid Search Branded,22,17
4917,0,NL,0.351484185,ideal,1,-0.693841827,0,Paid Search Branded,22,17
4918,1,NL,0.264606256,ideal,1,-0.693841827,0,Paid Search Non-Branded,22,17
4919,0,NL,1.090379526,ideal,0,0.719706752,0,Organic Search,22,17
4920,0,NL,0.697841376,ideal,0,0.867890406,0,Direct Access,22,17
4921,1,NL,-0.600998091,ideal,0,1.087202215,0,Paid Search Branded,22,17
4922,1,NL,0.55352588,visa,1,-0.693841827,0,Paid Search Branded,22,17
4923,0,NL,0.120579391,ideal,1,-0.693841827,0,Direct Access,22,17
4924,0,NL,-0.774465317,ideal,0,0.464830866,0,Paid Search Non-Branded,22,17
4925,1,NL,0.49551105,ideal,1,-0.693841827,0,Paid Search Branded,22,17
4926,1,NL,0.409210384,ideal,0,1.099056908,0,Campaigning,22,17
4927,0,NL,0.264894887,ideal,1,-0.693841827,0,Direct Access,22,17
4928,1,NL,-1.03394458,ideal,1,-0.693841827,0,Paid Search Branded,22,17
4929,0,NL,-0.2257778,ideal,0,-0.554672678,0,Organic Search,22,17
4930,0,NL,1.852365347,ideal,1,-0.693841827,0,Direct Access,22,17
4931,1,NL,-0.312367098,ideal,1,-0.693841827,0,Paid Search Branded,22,17
4932,0,NL,-0.947643913,ideal,1,-0.693841827,0,Paid Search Branded,22,17
4933,0,BE,-0.052599205,visa,1,-0.693841827,0,Paid Search Non-Branded,22,17
4934,1,NL,0.697841376,ideal,0,1.508043794,0,Campaigning,22,17
4935,0,NL,1.315511701,ideal,0,2.503837953,0,Organic Search,22,17
4936,0,NL,-0.023736105,ideal,1,-0.693841827,1,Organic Search,22,18
4937,0,NL,-1.322864203,ideal,0,1.525825833,0,Campaigning,22,18
4938,1,NL,-0.514697424,ideal,1,-0.693841827,0,Organic Search,22,18
4939,0,NL,2.948874488,ideal,1,-0.693841827,1,Organic Search,22,18
4940,1,NL,0.004838363,ideal,0,0.026207248,1,Paid Search Branded,22,18
4941,0,NL,-0.456682594,ideal,0,0.867890406,0,Paid Search Branded,22,18
4942,0,NL,-0.889629083,ideal,1,-0.693841827,0,Organic Search,22,18
4943,0,NL,-0.658724289,ideal,0,1.045710792,0,Direct Access,22,18
4944,0,NL,-0.456971225,ideal,0,-0.264232715,0,Organic Search,22,18
4945,0,NL,0.87044271,ideal,0,1.72439193,0,Paid Search Branded,22,18
4946,1,NL,-0.341230197,ideal,1,-0.693841827,1,Direct Access,22,18
4947,1,NL,0.409210384,ideal,0,0.858999387,0,Paid Search Branded,22,18
4948,0,NL,1.159362334,ideal,0,1.430988294,1,Paid Search Branded,22,18
4949,0,BE,0.120579391,visa,1,-0.693841827,0,Paid Search Non-Branded,22,19
4950,1,NL,-0.052887836,ideal,1,-0.693841827,1,Paid Search Branded,22,19
4951,0,NL,-1.03394458,visa,0,2.302308183,0,Paid Social,22,19
4952,0,NL,-0.24886828,ideal,0,0.595232482,0,Paid Search Non-Branded,22,19
4953,1,NL,-0.196914701,ideal,1,-0.693841827,0,Paid Search Branded,22,19
4954,0,BE,-1.03394458,visa,1,-0.693841827,0,Paid Search Branded,22,19
4955,1,NL,-0.514408793,ideal,1,-0.693841827,0,Paid Search Branded,22,19
4956,0,NL,-0.600998091,ideal,0,2.275635125,1,Paid Search Branded,22,19
4957,1,NL,-0.485545694,ideal,0,-0.391670658,0,Paid Search Branded,22,19
4958,1,NL,-0.081462304,ideal,1,-0.693841827,0,Organic Search,22,19
4959,1,NL,-0.2257778,ideal,1,-0.693841827,0,Paid Search Branded,22,19
4960,1,NL,-1.4671797,ideal,1,-0.693841827,0,Paid Search Branded,22,19
4961,0,NL,-0.312367098,ideal,0,0.808616945,0,Campaigning,22,19
4962,0,NL,-0.312367098,ideal,0,1.80144743,0,Paid Search Non-Branded,22,19
4963,0,NL,-1.03394458,ideal,1,-0.693841827,0,Organic Search,22,19
4964,0,NL,-1.03394458,ideal,0,0.049916633,0,Paid Search Branded,22,19
4965,0,NL,-0.312367098,ideal,0,-0.655437563,0,Organic Search,22,19
4966,1,NL,-0.093007544,ideal,1,-0.693841827,1,Paid Search Branded,22,19
4967,1,NL,-0.024024736,ideal,1,-0.693841827,0,Organic Search,22,19
4968,0,NL,-0.485545694,ideal,1,-0.693841827,0,Paid Search Branded,22,19
4969,1,NL,-0.658724289,visa,1,-0.693841827,0,Direct Access,22,19
4970,0,NL,0.166183088,ideal,1,-0.693841827,0,Direct Access,22,19
4971,1,NL,-0.485545694,ideal,1,-0.693841827,0,Paid Search Non-Branded,22,19
4972,0,NL,-0.600998091,ideal,0,2.835769339,0,Paid Search Branded,22,19
4973,0,NL,0.12029076,ideal,1,-0.693841827,1,Paid Search Branded,22,20
4974,1,NL,-0.514697424,ideal,1,-0.693841827,0,Paid Search Non-Branded,22,20
4975,1,NL,-0.312367098,ideal,0,0.690070021,0,Paid Search Branded,22,20
4976,1,NL,-0.081462304,ideal,0,0.349247615,0,Paid Search Branded,22,20
4977,0,NL,-0.081462304,visa,0,-0.338324542,0,Paid Search Branded,22,20
4978,0,NL,1.563734354,visa,0,1.448770332,0,Campaigning,22,20
4979,1,NL,-1.03394458,ideal,1,-0.693841827,0,Paid Search Branded,22,20
4980,1,NL,-0.456971225,ideal,1,-0.693841827,1,Organic Search,22,20
4981,0,NL,0.409210384,ideal,1,-0.693841827,0,Paid Search Branded,22,20
4982,1,NL,-0.600998091,ideal,0,0.20995498,0,Paid Search Branded,22,20
4983,1,NL,-0.052887836,ideal,1,-0.693841827,0,Paid Search Branded,22,20
4984,0,NL,-0.861343246,ideal,1,-0.693841827,0,Organic Search,22,20
4985,0,NL,0.351484185,ideal,0,-0.634691851,1,Paid Search Branded,22,20
4986,0,NL,-0.023736105,ideal,1,-0.693841827,0,Display,22,20
4987,0,NL,0.816180083,ideal,1,-0.693841827,0,Direct Access,22,20
4988,1,NL,-0.226066431,ideal,1,-0.693841827,0,Organic Search,22,20
4989,0,NL,-0.485545694,ideal,1,-0.693841827,0,Organic Search,22,20
4990,1,NL,-0.455239439,ideal,0,1.078311196,0,Campaigning,22,20
4991,0,NL,-0.341230197,ideal,1,-0.693841827,0,Paid Search Non-Branded,22,20
4992,1,NL,-0.456682594,visa,0,0.761198175,0,Organic Search,22,20
4993,0,BE,-0.023736105,visa,1,-0.693841827,0,Paid Search Non-Branded,22,20
4994,1,NL,-0.531726652,ideal,0,0.058807652,0,Paid Search Branded,22,20
4995,1,NL,1.708049851,ideal,1,-0.693841827,0,Organic Search,22,20
4996,1,NL,-0.600998091,ideal,0,0.571523097,0,Paid Search Branded,22,21
4997,0,NL,-0.658724289,ideal,1,-0.693841827,0,Organic Search,22,21
4998,1,NL,-0.2257778,ideal,0,1.454697679,0,Direct Access,22,21
4999,1,NL,0.55352588,ideal,0,1.404315236,0,Direct Access,22,21
5000,0,NL,-0.485545694,ideal,1,-0.693841827,1,Direct Access,22,21
5001,1,NL,0.437784852,ideal,0,0.227737018,0,Paid Search Branded,22,21
5002,1,NL,-0.081462304,ideal,1,-0.693841827,0,Direct Access,22,21
5003,0,NL,-0.196914701,ideal,0,2.752786493,0,Paid Search Branded,22,21
5004,0,NL,-0.630149821,ideal,1,-0.693841827,0,Paid Search Branded,22,21
5006,0,NL,3.665833874,ideal,0,1.202785466,0,Direct Access,22,21
5007,1,NL,-1.4671797,ideal,1,-0.693841827,0,Direct Access,22,21
5008,0,NL,-1.322864203,ideal,0,-0.056775598,0,Paid Search Branded,22,21
5009,0,NL,-1.322575572,ideal,0,-0.124940079,0,Paid Search Branded,22,21
5010,1,NL,0.004838363,ideal,1,-0.693841827,0,Paid Search Branded,22,21
5011,0,NL,-0.197203332,ideal,0,1.43691564,0,Direct Access,22,21
5012,1,NL,1.708049851,ideal,0,-0.053811925,0,Paid Search Branded,22,21
5013,1,NL,-0.2257778,ideal,1,-0.693841827,0,Organic Search,22,21
5015,1,NL,-0.572423622,ideal,1,-0.693841827,0,Paid Search Non-Branded,22,21
5017,0,NL,1.506008156,ideal,0,1.674009487,0,Paid Search Branded,22,21
5018,1,NL,-0.889629083,ideal,1,-0.693841827,1,Paid Search Branded,22,21
5019,0,NL,-0.889917714,ideal,0,0.939018561,1,Paid Search Branded,22,21
5020,0,NL,-0.196914701,ideal,1,-0.693841827,0,Paid Search Branded,22,21
5021,0,NL,-0.197203332,ideal,0,0.049916633,0,Direct Access,22,21
5022,0,NL,-0.658724289,ideal,0,0.355174961,0,Organic Search,22,21
5023,1,NL,0.49551105,ideal,1,-0.693841827,0,Paid Search Branded,22,21
5024,0,NL,0.380058653,ideal,1,-0.693841827,0,Organic Search,22,22
5025,1,NL,0.206591427,ideal,1,-0.693841827,1,Paid Search Branded,22,22
5026,1,NL,-0.918492183,ideal,1,-0.693841827,0,Paid Search Branded,22,22
5027,0,NL,-0.457259856,ideal,1,-0.693841827,0,Organic Search,22,22
5028,0,NL,0.49551105,ideal,0,1.205749139,0,Paid Search Branded,22,22
5029,0,NL,-0.658724289,ideal,1,-0.693841827,0,Paid Search Branded,22,22
5030,1,NL,-1.03394458,ideal,0,1.807374777,0,Paid Search Branded,22,22
5031,0,NL,-0.457548487,ideal,1,-0.693841827,0,Organic Search,22,22
5032,0,NL,-0.600998091,ideal,0,1.401351563,0,Paid Search Branded,22,22
5033,1,NL,1.275103362,ideal,0,1.43691564,0,Organic Search,22,22
5034,1,NL,-0.381927167,ideal,0,1.771810699,0,Direct Access,22,22
5035,0,NL,2.804847623,ideal,1,-0.693841827,1,Direct Access,22,22
5038,0,BE,-0.889629083,visa,0,-0.610982467,0,Paid Search Branded,22,22
5039,1,NL,-1.178260076,ideal,1,-0.693841827,0,Organic Search,22,22
5040,1,NL,-0.052887836,ideal,1,-0.693841827,0,Direct Access,22,22
5042,1,NL,0.062564561,ideal,1,-0.693841827,0,Paid Search Branded,22,22
5043,1,NL,-0.312367098,ideal,1,-0.693841827,0,Paid Search Branded,22,23
5044,1,NL,-0.658724289,ideal,1,-0.693841827,0,Paid Search Non-Branded,22,23
5045,0,NL,-1.03394458,ideal,1,-0.693841827,0,Paid Search Branded,22,23
5047,1,NL,0.062853192,ideal,1,-0.693841827,0,Paid Search Branded,22,23
5048,0,NL,-0.600998091,ideal,1,-0.693841827,0,Direct Access,22,23
5049,0,NL,-0.312367098,ideal,1,-0.693841827,0,Direct Access,22,23
5050,1,BE,-0.196914701,visa,1,-0.693841827,0,Direct Access,22,23
5051,0,NL,0.986472369,ideal,1,-0.693841827,0,Paid Search Branded,22,23
5052,0,NL,-0.2257778,visa,0,-0.584309409,1,Direct Access,22,0
5053,0,NL,-0.572423622,ideal,0,0.239591711,0,Direct Access,22,0
5055,1,NL,-0.774176686,ideal,0,1.140548331,0,Paid Search Branded,22,0
5056,0,NL,-0.572423622,ideal,0,0.864926733,0,Direct Access,22,0
5057,0,NL,-0.485545694,ideal,0,3.03729911,0,Direct Access,22,0
5058,0,NL,0.149153859,ideal,0,-0.664328582,0,Member-get-member,22,0
5059,0,NL,-0.745890849,ideal,0,1.56138991,0,Paid Search Branded,23,2
5060,1,NL,3.237505481,visa,1,-0.693841827,0,Campaigning,23,6
5061,0,NL,-0.370381928,ideal,1,-0.693841827,0,Paid Search Branded,23,7
5062,1,NL,-1.4671797,ideal,0,1.253167908,0,Paid Search Branded,23,7
5063,1,NL,-0.2257778,ideal,1,-0.693841827,0,Direct Access,23,8
5064,1,NL,-0.774176686,ideal,0,1.027928753,0,Campaigning,23,8
5065,0,NL,-0.651508514,ideal,0,1.288731985,0,Direct Access,23,8
5066,0,NL,1.274814731,ideal,1,-0.693841827,0,Paid Search Branded,23,8
5067,0,NL,0.49551105,ideal,0,0.912345503,0,Direct Access,23,8
5068,0,NL,-1.034233211,ideal,0,1.742173968,0,Direct Access,23,8
5069,1,NL,-1.142469833,visa,0,2.112633105,0,Campaigning,23,8
5070,0,NL,-0.918492183,ideal,0,0.292937827,0,Direct Access,23,8
5071,1,NL,-0.353064068,ideal,1,-0.693841827,0,Paid Search Branded,23,8
5072,0,NL,-1.03394458,ideal,0,1.380605851,0,Paid Search Branded,23,8
5073,1,NL,0.329836861,ideal,0,1.054601811,0,Campaigning,23,9
5074,0,NL,0.120579391,visa,0,0.33442925,0,Paid Search Branded,23,9
5075,0,NL,-1.044046664,ideal,0,0.885672445,0,Campaigning,23,9
5076,0,NL,-0.197203332,ideal,1,-0.693841827,0,Paid Social,23,9
5077,0,NL,0.264606256,ideal,0,-0.661364909,0,Paid Search Non-Branded,23,9
5078,0,NL,-0.774176686,ideal,0,1.084238542,0,Campaigning,23,9
5079,0,NL,-1.034233211,ideal,0,-0.616909813,0,Paid Search Branded,23,9
5080,0,NL,-1.4671797,ideal,0,2.98988034,0,Direct Access,23,9
5082,1,NL,-1.03394458,ideal,1,-0.693841827,0,Affiliate,23,10
5083,1,NL,0.409210384,ideal,0,2.453455511,0,Direct Access,23,10
5084,0,NL,-0.918492183,ideal,0,2.109669432,0,Paid Search Branded,23,10
5085,1,NL,0.845043183,ideal,0,1.934812719,0,Campaigning,23,10
5086,0,NL,-1.322864203,ideal,0,-0.056775598,0,Paid Search Branded,23,10
5087,0,NL,2.804847623,ideal,0,1.505080121,0,Paid Search Branded,23,10
5088,1,NL,-0.341230197,ideal,1,-0.693841827,0,Paid Search Branded,23,10
5089,0,NL,3.6996037,ideal,0,1.288731985,0,Member-get-member,23,10
5090,0,NL,-0.889917714,ideal,1,-0.693841827,0,Organic Search,23,10
5091,1,NL,-0.456971225,ideal,1,-0.693841827,0,Paid Search Branded,23,10
5092,0,NL,0.062853192,ideal,0,-0.160504157,0,Paid Search Branded,23,10
5093,0,NL,0.177439697,ideal,1,-0.693841827,1,Direct Access,23,10
5094,1,NL,-0.832191516,ideal,0,1.19685812,0,Organic Search,23,10
5095,0,NL,-0.139477133,ideal,1,-0.693841827,0,Direct Access,23,10
5096,1,NL,-0.700864414,ideal,0,1.170185062,0,Paid Search Branded,23,10
5097,0,NL,-0.485545694,ideal,0,2.394182049,0,Paid Search Branded,23,10
5098,0,NL,-0.038456286,ideal,0,1.985195162,0,Campaigning,23,10
5099,0,NL,0.452505033,ideal,0,0.20995498,0,Organic Search,23,10
5100,0,NL,0.091716292,visa,1,-0.693841827,0,Organic Search,23,10
5101,0,BE,-0.918492183,visa,1,-0.693841827,0,Paid Search Non-Branded,23,10
5102,1,NL,-0.341518828,ideal,0,0.420375769,1,Paid Search Branded,23,10
5103,0,NL,-0.312367098,ideal,1,-0.693841827,0,Paid Search Branded,23,10
5104,0,NL,0.754701682,ideal,0,0.239591711,0,Direct Access,23,10
5105,1,NL,0.351484185,ideal,1,-0.693841827,0,Paid Search Branded,23,10
5106,0,NL,-1.03394458,ideal,1,-0.693841827,0,Organic Search,23,10
5107,0,NL,0.207168689,ideal,1,-0.693841827,0,Paid Search Branded,23,10
5108,0,NL,2.111844609,ideal,1,-0.693841827,0,Organic Search,23,10
5109,0,NL,-0.918492183,visa,1,-0.693841827,0,Paid Search Non-Branded,23,11
5110,0,NL,-0.455239439,ideal,0,1.1879671,0,Campaigning,23,11
5111,0,NL,1.361692659,ideal,0,-0.649510217,0,Direct Access,23,11
5112,1,NL,-0.456682594,ideal,0,1.02496508,0,Direct Access,23,11
5113,0,NL,-0.428685388,ideal,0,-0.299796792,0,Paid Search Branded,23,11
5114,0,NL,1.880939815,ideal,1,-0.693841827,0,Paid Search Non-Branded,23,11
5115,0,NL,-0.081462304,ideal,0,1.413206255,0,Campaigning,23,11
5116,1,NL,-0.658724289,ideal,1,-0.693841827,0,Organic Search,23,11
5117,0,NL,0.207168689,ideal,0,0.755270829,0,Paid Search Branded,23,11
5118,1,NL,-0.456971225,ideal,1,-0.693841827,0,Paid Search Branded,23,11
5119,1,NL,1.30367783,ideal,0,0.838253675,0,Paid Search Branded,23,11
5120,1,NL,-0.300821858,ideal,0,0.079553364,1,Direct Access,23,11
5121,0,BE,0.351484185,visa,1,-0.693841827,0,Direct Access,23,11
5122,1,NL,-0.2257778,ideal,0,-0.071593964,0,Paid Search Branded,23,11
5124,0,NL,-1.03394458,ideal,1,-0.693841827,0,Direct Access,23,11
5125,0,NL,0.293469356,ideal,1,-0.693841827,0,Paid Search Branded,23,11
5126,1,NL,0.120579391,ideal,1,-0.693841827,0,Paid Search Branded,23,11
5127,0,NL,1.801854923,ideal,0,1.07238385,0,Paid Search Branded,23,12
5128,0,NL,-1.03394458,ideal,0,-0.519108601,0,Direct Access,23,12
5129,0,NL,-1.4671797,ideal,1,-0.693841827,0,Direct Access,23,12
5130,0,BE,1.130787865,visa,0,2.080032701,1,Paid Search Branded,23,12
5131,1,NL,-0.600998091,ideal,1,-0.693841827,0,Direct Access,23,12
5132,0,NL,-0.889917714,ideal,0,1.917030681,0,Organic Search,23,12
5133,0,NL,-1.005370111,ideal,0,1.745137642,0,Paid Search Branded,23,12
5134,1,NL,0.091716292,ideal,0,-0.661364909,0,Paid Search Branded,23,12
5135,1,NL,-0.918492183,ideal,1,-0.693841827,0,Paid Search Branded,23,12
5136,0,NL,0.120579391,ideal,1,-0.693841827,0,Direct Access,23,12
5138,0,NL,-0.067030754,ideal,1,-0.693841827,0,Paid Search Branded,23,12
5139,0,NL,-1.322864203,ideal,0,1.712537238,0,Campaigning,23,12
5140,0,NL,0.380058653,ideal,1,-0.693841827,1,Paid Search Branded,23,12
5141,0,NL,-0.600998091,ideal,0,2.145233509,0,Direct Access,23,12
5142,1,NL,-0.312367098,ideal,1,-0.693841827,0,Organic Search,23,12
5143,0,NL,-0.28379263,ideal,0,0.337392923,0,Direct Access,23,12
5144,0,NL,-1.322864203,ideal,1,-0.693841827,0,Paid Search Branded,23,12
5145,0,NL,-1.03394458,ideal,1,-0.693841827,0,Direct Access,23,12
5146,0,NL,-0.586566541,ideal,0,1.128693638,0,Paid Search Branded,23,12
5147,0,NL,-0.600998091,ideal,0,2.210434317,0,Affiliate,23,12
5148,1,NL,1.967817744,ideal,0,0.082517037,0,Direct Access,23,12
5149,1,NL,-0.832191516,ideal,0,0.924200195,0,Direct Access,23,12
5150,1,NL,-0.081462304,ideal,1,-0.693841827,0,Organic Search,23,13
5151,1,NL,-1.03394458,ideal,1,-0.693841827,0,Paid Search Non-Branded,23,13
5152,0,NL,0.408921753,ideal,1,-0.693841827,0,Paid Search Branded,23,13
5153,0,NL,-0.803617047,ideal,1,-0.693841827,0,Direct Access,23,13
5154,1,NL,-0.312367098,ideal,1,-0.693841827,1,Organic Search,23,13
5155,1,NL,0.206880058,ideal,1,-0.693841827,0,Direct Access,23,13
5156,0,NL,-0.324200969,ideal,0,3.034335437,0,Campaigning,23,13
5157,1,NL,-0.600998091,ideal,1,-0.693841827,0,Paid Search Non-Branded,23,13
5158,0,NL,0.409210384,ideal,1,-0.693841827,0,Direct Access,23,13
5159,0,NL,0.409210384,ideal,1,-0.693841827,0,Direct Access,23,13
5160,0,NL,0.091716292,ideal,1,-0.693841827,0,Organic Search,23,13
5161,0,NL,2.169859439,ideal,1,-0.693841827,0,Paid Search Branded,23,13
5162,0,NL,0.062853192,ideal,1,-0.693841827,0,Paid Search Non-Branded,23,13
5163,1,BE,0.207168689,ideal,1,-0.693841827,1,Organic Search,23,13
5164,0,NL,0.113074985,ideal,0,0.758234502,0,Paid Search Non-Branded,23,13
5165,1,NL,-0.485545694,ideal,0,-0.199031907,0,Organic Search,23,13
5166,0,NL,-0.456971225,ideal,1,-0.693841827,0,Organic Search,23,13
5167,0,NL,0.697841376,ideal,1,-0.693841827,0,Direct Access,23,13
5168,0,NL,-0.312367098,ideal,1,-0.693841827,0,Paid Search Branded,23,13
5169,0,NL,2.227297006,ideal,1,-0.693841827,1,Paid Search Branded,23,13
5171,1,NL,-1.03394458,ideal,1,-0.693841827,0,Paid Search Branded,23,14
5172,0,NL,-0.918492183,ideal,1,-0.693841827,0,Organic Search,23,14
5173,0,NL,-0.326798648,ideal,1,-0.693841827,1,Member-get-member,23,14
5174,0,NL,-0.774465317,ideal,0,2.42381878,1,Direct Access,23,14
5175,0,NL,-0.160835827,visa,0,1.395424217,0,Paid Search Branded,23,14
5176,0,NL,0.524662781,visa,0,-0.255341695,0,Organic Search,23,14
5177,0,NL,0.035433248,ideal,0,1.211676485,1,Direct Access,23,14
5178,1,NL,-0.918492183,ideal,1,-0.693841827,0,Paid Search Branded,23,14
5179,1,BE,0.870731341,ideal,1,-0.693841827,0,Paid Search Non-Branded,23,14
5180,0,NL,-0.2257778,ideal,0,-0.012320502,0,Direct Access,23,14
5181,0,NL,-0.024024736,ideal,0,0.470758212,0,Paid Search Branded,23,14
5182,0,NL,-0.658724289,ideal,0,1.07238385,0,Organic Search,23,14
5183,1,NL,0.004838363,ideal,0,-0.24052333,0,Paid Search Branded,23,14
5184,0,NL,0.120579391,ideal,1,-0.693841827,0,Paid Search Branded,23,14
5185,0,NL,0.091716292,ideal,0,0.710815732,0,Paid Search Branded,23,14
5186,0,NL,0.524662781,ideal,1,-0.693841827,0,Paid Search Branded,23,14
5187,0,NL,-1.142181202,ideal,0,1.122766292,0,Direct Access,23,14
5188,0,NL,-0.658724289,ideal,0,0.770089194,0,Campaigning,23,14
5189,1,NL,-0.139477133,ideal,1,-0.693841827,0,Paid Search Branded,23,14
5190,0,NL,0.816180083,visa,0,1.051638138,0,Direct Access,23,14
5191,0,NL,-1.03394458,ideal,0,-0.3649976,0,Direct Access,23,14
5192,0,NL,-0.600998091,ideal,1,-0.693841827,0,Paid Search Branded,23,14
5193,0,NL,-1.034233211,ideal,1,-0.693841827,0,Paid Search Non-Branded,23,14
5194,1,NL,-0.2257778,ideal,0,2.17487024,0,Paid Search Branded,23,15
5195,0,NL,0.033412831,ideal,0,0.420375769,0,Direct Access,23,15
5196,0,NL,-0.312367098,ideal,0,0.369993327,1,Paid Search Branded,23,15
5197,0,NL,2.400764233,ideal,1,-0.693841827,0,Paid Search Branded,23,15
5199,1,NL,-0.196914701,ideal,1,-0.693841827,0,Organic Search,23,15
5200,0,NL,0.409210384,ideal,1,-0.693841827,1,Organic Search,23,15
5201,0,NL,-0.168340233,ideal,0,-0.222741291,0,Paid Search Non-Branded,23,15
5202,0,NL,0.120579391,ideal,0,0.941982234,0,Direct Access,23,15
5203,1,NL,0.668978277,ideal,0,-0.409452696,0,Organic Search,23,15
5204,1,NL,1.736624319,ideal,1,-0.693841827,1,Direct Access,23,15
5205,0,BE,-0.658724289,visa,1,-0.693841827,0,Paid Search Non-Branded,23,15
5206,0,NL,-0.312367098,ideal,1,-0.693841827,0,Paid Search Branded,23,15
5207,0,NL,-0.2257778,ideal,0,0.20995498,0,Paid Search Branded,23,15
5208,0,NL,-0.160835827,ideal,0,1.499152775,1,Organic Search,23,15
5209,0,NL,-0.312367098,ideal,1,-0.693841827,0,Direct Access,23,15
5210,1,NL,-0.676042149,ideal,0,0.704888386,0,Direct Access,23,15
5211,0,NL,0.120579391,ideal,0,1.170185062,0,Direct Access,23,15
5212,0,NL,0.409210384,ideal,0,1.493225429,0,Direct Access,23,15
5213,0,NL,-1.207123175,ideal,0,1.125729965,0,Paid Search Branded,23,15
5214,0,NL,-0.2257778,ideal,1,-0.693841827,0,Direct Access,23,15
5215,1,NL,0.409210384,ideal,0,1.220567504,0,Direct Access,23,15
5216,0,NL,-0.485545694,ideal,0,-0.151613137,0,Paid Search Branded,23,15
5217,0,NL,1.736335688,ideal,0,1.208712812,1,Campaigning,23,15
5218,0,NL,0.091716292,ideal,1,-0.693841827,0,Organic Search,23,15
5219,1,NL,-0.308326264,visa,0,1.02496508,0,Direct Access,23,15
5220,0,NL,0.351484185,ideal,0,1.232422197,0,Paid Search Branded,23,15
5221,1,NL,-0.2257778,ideal,0,0.90049081,0,Campaigning,23,15
5223,0,NL,-0.312367098,ideal,1,-0.693841827,1,Paid Search Non-Branded,23,16
5224,1,NL,-0.28379263,ideal,1,-0.693841827,1,Organic Search,23,16
5225,0,NL,-1.322864203,ideal,1,-0.693841827,0,Direct Access,23,16
5227,0,NL,-0.332571267,ideal,1,-0.693841827,0,Paid Search Branded,23,16
5228,1,NL,0.841579611,ideal,1,-0.693841827,0,Organic Search,23,16
5229,1,NL,-0.600998091,ideal,0,1.309477697,0,Paid Search Branded,23,16
5230,0,NL,-0.600998091,ideal,1,-0.693841827,1,Campaigning,23,16
5231,0,NL,1.852076716,ideal,0,0.186245595,0,Campaigning,23,16
5232,1,BE,1.563734354,visa,0,-0.634691851,0,Paid Search Branded,23,16
5233,0,NL,1.044198567,ideal,0,0.915309176,0,Organic Search,23,16
5234,0,NL,-0.197203332,ideal,0,1.807374777,1,Paid Search Branded,23,16
5235,0,NL,0.351484185,ideal,1,-0.693841827,1,Paid Search Non-Branded,23,16
5236,1,NL,-0.067030754,ideal,0,2.293417164,0,Paid Search Branded,23,16
5237,1,NL,0.409210384,ideal,0,0.86196306,0,Organic Search,23,16
5238,0,NL,-0.209903096,ideal,0,0.927163868,1,Paid Search Branded,23,16
5239,1,NL,-0.2257778,ideal,0,-0.127903753,0,Paid Search Branded,23,16
5240,0,NL,-0.509213435,ideal,0,1.176112408,0,Member-get-member,23,16
5241,0,NL,2.140996339,ideal,0,0.414448423,0,Paid Search Branded,23,16
5242,0,NL,0.524662781,ideal,0,1.979267816,0,Organic Search,23,16
5243,1,BE,-0.485545694,visa,0,0.876781426,1,Campaigning,23,16
5244,1,NL,-0.081462304,ideal,0,0.011388883,1,Paid Search Branded,23,16
5245,0,BE,-0.716450488,visa,1,-0.693841827,0,Member-get-member,23,16
5246,1,NL,-0.312367098,ideal,1,-0.693841827,1,Organic Search,23,16
5247,1,BE,-0.600998091,visa,0,1.905175989,0,Direct Access,23,16
5248,0,NL,1.477145056,ideal,1,-0.693841827,1,Direct Access,23,16
5249,1,NL,0.149153859,ideal,0,1.457661352,0,Campaigning,23,16
5250,0,NL,-0.28379263,ideal,0,0.918272849,1,Paid Search Branded,23,16
5251,1,NL,-0.485545694,ideal,1,-0.693841827,0,Paid Search Branded,23,16
5252,0,NL,2.169859439,ideal,1,-0.693841827,1,Paid Search Branded,23,16
5253,0,NL,-0.2257778,ideal,1,-0.693841827,0,Organic Search,23,16
5254,0,NL,-0.2257778,ideal,0,2.01186822,0,Direct Access,23,17
5255,1,NL,0.351195554,ideal,0,0.168463557,0,Paid Search Branded,23,17
5256,1,NL,0.120579391,ideal,0,0.177354576,0,Direct Access,23,17
5257,0,NL,-0.312367098,ideal,0,0.740452463,0,Direct Access,23,17
5258,0,NL,-0.658724289,ideal,0,-0.572454716,0,Campaigning,23,17
5259,0,NL,-0.456682594,ideal,1,-0.693841827,0,Paid Search Non-Branded,23,17
5260,1,NL,-0.456682594,ideal,0,1.137584658,0,Organic Search,23,17
5261,0,NL,-0.196914701,ideal,1,-0.693841827,1,Direct Access,23,17
5262,0,NL,2.083270141,ideal,1,-0.693841827,0,Paid Search Branded,23,17
5263,1,NL,-0.2257778,ideal,0,2.148197182,0,Direct Access,23,17
5264,0,NL,-0.312367098,ideal,1,-0.693841827,0,Paid Search Branded,23,17
5265,0,NL,0.697841376,ideal,1,-0.693841827,0,Paid Search Branded,23,17
5266,0,NL,-0.312367098,visa,1,-0.693841827,0,Direct Access,23,17
5267,0,NL,-0.889629083,visa,1,-0.693841827,1,Paid Search Branded,23,17
5268,1,NL,-0.456971225,ideal,1,-0.693841827,0,Paid Search Non-Branded,23,17
5269,1,NL,-1.03394458,ideal,0,2.847624032,0,Paid Search Branded,23,17
5270,0,NL,-0.168051602,ideal,0,2.323053895,0,Direct Access,23,17
5271,0,NL,0.149153859,ideal,1,-0.693841827,0,Paid Search Branded,23,17
5272,0,NL,-0.312367098,ideal,0,-0.628764505,0,Direct Access,23,17
5273,0,NL,-0.209903096,ideal,0,0.610050847,1,Organic Search,23,17
5274,1,NL,-1.03394458,ideal,0,-0.053811925,0,Paid Search Branded,23,17
5275,1,NL,0.697841376,visa,1,-0.693841827,0,Campaigning,23,17
5276,1,NL,-0.658724289,ideal,0,-0.00046581,0,Direct Access,23,17
5277,1,NL,-0.600998091,ideal,0,-0.655437563,0,Paid Search Non-Branded,23,17
5278,0,BE,0.408921753,visa,1,-0.693841827,0,Paid Search Non-Branded,23,17
5279,1,NL,-0.168340233,visa,1,-0.693841827,0,Direct Access,23,17
5281,1,NL,-0.889917714,ideal,1,-0.693841827,0,Organic Search,23,18
5282,0,NL,0.351484185,ideal,0,0.802689598,1,Direct Access,23,18
5283,0,NL,-0.600998091,ideal,1,-0.693841827,0,Organic Search,23,18
5284,0,NL,-0.168051602,ideal,0,-0.415380042,0,Organic Search,23,18
5285,0,NL,-0.196914701,ideal,0,-0.584309409,0,Direct Access,23,18
5286,0,NL,-0.052599205,ideal,0,-0.305724138,0,Organic Search,23,18
5287,1,NL,0.120579391,ideal,1,-0.693841827,0,Paid Search Non-Branded,23,18
5288,0,BE,-0.2257778,visa,1,-0.693841827,0,Paid Search Branded,23,18
5289,0,NL,-0.600998091,ideal,1,-0.693841827,0,Paid Search Branded,23,18
5290,0,NL,-1.293712473,ideal,1,-0.693841827,1,Paid Search Non-Branded,23,18
5291,0,NL,-1.142181202,ideal,0,1.036819773,0,Organic Search,23,18
5292,0,NL,-0.312655729,ideal,0,2.497910607,0,Paid Search Branded,23,18
5293,0,NL,-0.312367098,ideal,0,1.193894446,0,Paid Search Branded,23,18
5294,1,NL,-0.456682594,ideal,0,-0.311651484,0,Paid Search Branded,23,18
5295,0,NL,-1.142181202,ideal,0,0.850108368,0,Direct Access,23,18
5296,1,NL,-0.087523555,ideal,1,-0.693841827,0,Affiliate,23,18
5298,1,NL,-0.485545694,ideal,1,-0.693841827,0,Organic Search,23,19
5299,1,NL,1.679186751,visa,0,-0.465762485,0,Paid Search Branded,23,19
5302,1,NL,-0.600998091,visa,1,-0.693841827,0,Paid Search Non-Branded,23,19
5303,0,NL,0.403437764,ideal,0,1.022001407,0,Direct Access,23,19
5304,1,NL,2.140707709,ideal,0,0.461867193,0,Paid Search Branded,23,19
5305,0,NL,0.120579391,ideal,0,0.983473657,0,Paid Search Branded,23,19
5306,0,NL,-0.528840342,ideal,0,0.174390903,0,Affiliate,23,19
5307,0,NL,-1.03394458,ideal,1,-0.693841827,0,Paid Search Non-Branded,23,19
5308,1,NL,-1.03394458,ideal,0,0.627832886,1,Direct Access,23,19
5309,1,NL,-0.485545694,ideal,1,-0.693841827,0,Paid Search Branded,23,19
5310,1,NL,-0.918492183,ideal,0,-0.305724138,0,Paid Search Branded,23,19
5311,0,NL,-0.000645626,ideal,0,0.301828846,1,Paid Search Branded,23,19
5312,1,NL,2.804847623,ideal,0,0.461867193,0,Paid Search Branded,23,19
5313,0,NL,0.206591427,ideal,1,-0.693841827,1,Paid Search Branded,23,19
5314,0,NL,3.273872986,ideal,0,0.980509984,0,Direct Access,23,19
5315,0,NL,-0.918492183,ideal,0,1.365787486,0,Campaigning,23,19
5316,0,NL,-0.622934046,ideal,0,1.88739395,1,Direct Access,23,19
5317,1,NL,0.726127214,ideal,1,-0.693841827,0,Organic Search,23,19
5318,0,NL,-0.312655729,ideal,0,-0.424271062,0,Direct Access,23,20
5319,0,NL,-0.2257778,ideal,0,1.019037734,1,Paid Search Branded,23,20
5320,0,NL,-0.312367098,visa,1,-0.693841827,0,Paid Search Branded,23,20
5321,1,NL,-1.03394458,ideal,1,-0.693841827,0,Paid Search Branded,23,20
5322,1,NL,0.55352588,ideal,0,1.519898487,0,Organic Search,23,20
5323,1,NL,-0.456971225,ideal,0,-0.219777618,0,Paid Search Non-Branded,23,20
5324,0,NL,-0.456682594,ideal,1,-0.693841827,0,Organic Search,23,20
5325,1,NL,-0.531726652,ideal,1,-0.693841827,0,Affiliate,23,20
5326,0,NL,-1.03394458,ideal,0,1.122766292,0,Direct Access,23,20
5327,1,NL,0.813005142,ideal,0,1.090165888,0,Organic Search,23,20
5329,1,NL,-1.142181202,ideal,0,1.451734005,0,Organic Search,23,20
5330,1,NL,0.293469356,ideal,1,-0.693841827,0,Paid Search Branded,23,20
5331,1,NL,-0.600998091,ideal,0,0.494467597,0,Direct Access,23,20
5332,1,NL,1.708049851,ideal,0,0.126972133,0,Organic Search,23,20
5333,0,NL,-1.4671797,ideal,1,-0.693841827,0,Organic Search,23,20
5334,1,NL,0.062564561,ideal,1,-0.693841827,0,Direct Access,23,20
5335,0,NL,1.852365347,ideal,1,-0.693841827,0,Paid Search Branded,23,20
5336,1,NL,-0.889917714,ideal,1,-0.693841827,0,Paid Search Branded,23,21
5337,0,NL,2.083270141,visa,0,2.895042801,0,Campaigning,23,21
5338,1,NL,0.409210384,ideal,1,-0.693841827,0,Direct Access,23,21
5339,1,NL,2.4582018,ideal,1,-0.693841827,0,Direct Access,23,21
5340,1,NL,-0.601286722,ideal,1,-0.693841827,0,Organic Search,23,21
5341,1,NL,0.120579391,ideal,0,2.17487024,0,Paid Search Branded,23,21
5342,0,NL,-0.658724289,ideal,1,-0.693841827,0,Member-get-member,23,21
5343,1,NL,-0.600998091,ideal,1,-0.693841827,1,Direct Access,23,21
5344,0,NL,-0.600998091,ideal,0,2.536438357,1,Paid Search Branded,23,21
5345,1,NL,-1.03394458,ideal,0,0.962727945,0,Campaigning,23,21
5346,0,NL,0.120579391,ideal,1,-0.693841827,0,Organic Search,23,21
5347,0,NL,0.264606256,ideal,1,-0.693841827,0,Paid Search Branded,23,21
5348,0,BE,0.640115178,ideal,1,-0.693841827,0,Organic Search,23,21
5349,0,NL,-0.861054615,ideal,1,-0.693841827,1,Paid Search Branded,23,21
5350,0,NL,-0.226066431,ideal,0,1.042747119,0,Paid Search Branded,23,21
5351,0,NL,-0.067030754,ideal,0,2.512728972,0,Affiliate,23,22
5352,0,NL,-0.485545694,ideal,1,-0.693841827,0,Paid Search Non-Branded,23,22
5353,1,NL,-0.918492183,ideal,1,-0.693841827,0,Organic Search,23,22
5354,1,NL,-1.03394458,ideal,1,-0.693841827,0,Paid Search Branded,23,22
5355,0,NL,-0.312367098,ideal,1,-0.693841827,0,Organic Search,23,22
5356,0,NL,-0.745890849,ideal,0,0.038061941,0,Organic Search,23,22
5357,0,NL,-0.658724289,ideal,1,-0.693841827,0,Paid Search Branded,23,22
5358,1,NL,-0.312367098,ideal,1,-0.693841827,1,Paid Search Branded,23,22
5359,1,NL,0.120579391,ideal,1,-0.693841827,0,Paid Search Branded,23,22
5360,0,NL,0.120579391,ideal,0,-0.356106581,0,Organic Search,23,22
5362,0,NL,0.697841376,ideal,1,-0.693841827,0,Paid Search Branded,23,22
5363,0,NL,-0.312367098,ideal,0,-0.207922926,1,Paid Search Branded,23,22
5364,0,NL,0.169358029,ideal,1,-0.693841827,0,Member-get-member,23,22
5365,1,NL,-0.052599205,ideal,1,-0.693841827,1,Paid Search Branded,23,22
5366,1,NL,-0.832191516,ideal,0,1.06349283,0,Paid Search Branded,23,23
5367,0,NL,0.813293773,ideal,0,0.476685558,0,Direct Access,23,23
5368,1,NL,0.351484185,ideal,1,-0.693841827,0,Organic Search,23,23
5369,0,NL,-0.889917714,ideal,0,2.969134629,0,Paid Search Non-Branded,23,23
5370,0,NL,-0.774465317,ideal,1,-0.693841827,0,Direct Access,23,23
5371,0,NL,-0.658724289,ideal,1,-0.693841827,0,Paid Search Branded,23,23
5372,0,NL,-0.139765764,ideal,0,0.011388883,0,Paid Social,23,23
5373,0,NL,0.553237249,ideal,1,-0.693841827,0,Paid Search Branded,23,23
5374,0,NL,-0.889917714,ideal,0,2.068178009,0,Paid Search Branded,23,23
5375,0,NL,-0.528840342,ideal,0,0.856035714,0,Direct Access,23,23
5376,0,NL,1.708049851,ideal,0,-0.459835139,0,Paid Search Branded,23,23
5377,0,NL,0.351484185,ideal,1,-0.693841827,0,Organic Search,23,23
5378,0,NL,0.264894887,ideal,0,0.888636118,0,Direct Access,23,0
5381,1,NL,0.986472369,ideal,0,1.027928753,0,Campaigning,23,0
5382,1,NL,-0.081462304,ideal,1,-0.693841827,1,Organic Search,24,1
5383,1,NL,-0.312367098,ideal,1,-0.693841827,0,Direct Access,24,2
5384,1,NL,0.149153859,ideal,0,1.605845006,0,Display,24,2
5385,0,NL,-0.485545694,ideal,0,-0.273123734,0,Direct Access,24,5
5386,0,NL,-0.889917714,ideal,0,1.39838789,0,Direct Access,24,7
5387,0,NL,-0.61254333,ideal,0,-0.388706985,0,Member-get-member,24,9
5388,1,NL,0.293180725,ideal,0,-0.640619197,0,Paid Search Branded,24,9
5389,0,NL,-0.196914701,ideal,0,2.554220396,0,Direct Access,24,9
5390,1,NL,-0.456971225,ideal,1,-0.693841827,0,Direct Access,24,9
5391,0,NL,-0.052599205,ideal,1,-0.693841827,0,Paid Search Branded,24,9
5392,0,NL,-1.322864203,ideal,1,-0.693841827,0,Direct Access,24,9
5393,1,NL,0.091716292,ideal,0,1.730319276,0,Paid Search Branded,24,9
5394,0,NL,-0.023736105,ideal,0,-0.664328582,0,Organic Search,24,9
5395,1,NL,-0.600998091,ideal,1,-0.693841827,0,Paid Search Branded,24,9
5396,0,NL,0.192737139,ideal,1,-0.693841827,0,Direct Access,24,10
5397,0,NL,3.815056097,visa,0,1.407278909,0,Direct Access,24,10
5398,1,NL,-0.630149821,ideal,0,0.364065981,1,Paid Social,24,10
5399,1,NL,-0.160835827,ideal,0,1.493225429,1,Direct Access,24,10
5400,0,NL,-1.178837338,ideal,1,-0.693841827,0,Direct Access,24,10
5401,1,NL,-0.600998091,visa,1,-0.693841827,0,Organic Search,24,10
5402,0,NL,-0.482659384,ideal,0,-0.643582871,0,Paid Search Non-Branded,24,10
5403,0,NL,-0.889917714,ideal,1,-0.693841827,0,Paid Search Branded,24,10
5404,1,NL,-0.052599205,ideal,1,-0.693841827,1,Direct Access,24,10
5405,0,NL,-1.034233211,ideal,0,-0.664328582,0,Direct Access,24,10
5406,0,NL,-0.168340233,ideal,0,-0.584309409,0,Organic Search,24,10
5407,0,NL,0.697841376,ideal,1,-0.693841827,0,Organic Search,24,10
5408,0,NL,-0.544426416,ideal,1,-0.693841827,0,Paid Search Non-Branded,24,10
5409,1,NL,-0.052887836,visa,1,-0.693841827,0,Paid Search Branded,24,10
5410,0,NL,-0.658724289,ideal,1,-0.693841827,1,Organic Search,24,10
5411,0,NL,2.218926708,visa,0,1.113875273,1,Paid Search Non-Branded,24,10
5412,0,BE,-1.03394458,visa,0,0.192172941,0,Organic Search,24,10
5413,0,BE,-0.889917714,visa,0,0.192172941,0,Organic Search,24,10
5414,1,NL,-0.456682594,ideal,1,-0.693841827,0,Paid Search Branded,24,10
5415,0,NL,-0.485545694,ideal,0,1.934812719,0,Paid Search Non-Branded,24,10
5416,0,BE,2.11501955,visa,0,1.054601811,0,Paid Search Non-Branded,24,10
5417,1,NL,-0.067319385,ideal,1,-0.693841827,0,Paid Search Branded,24,10
5418,1,BE,-1.03394458,visa,1,-0.693841827,0,Organic Search,24,11
5419,1,NL,1.852365347,ideal,1,-0.693841827,0,Paid Search Non-Branded,24,11
5420,0,NL,-0.485545694,ideal,0,-0.225704965,0,Direct Access,24,11
5421,0,NL,0.668689646,ideal,1,-0.693841827,0,Direct Access,24,11
5422,0,NL,0.293469356,ideal,1,-0.693841827,0,Affiliate,24,11
5423,1,NL,-0.181328627,ideal,0,1.146475677,0,Campaigning,24,11
5425,0,NL,-0.456971225,ideal,1,-0.693841827,0,Organic Search,24,11
5426,0,NL,-0.600998091,ideal,1,-0.693841827,1,Organic Search,24,11
5427,0,NL,-0.110614034,ideal,0,1.884430277,0,Direct Access,24,11
5428,0,BE,-0.918492183,visa,1,-0.693841827,0,Paid Search Non-Branded,24,11
5429,0,NL,-0.341230197,ideal,1,-0.693841827,0,Paid Search Non-Branded,24,11
5430,0,NL,0.120579391,ideal,0,-0.344251888,0,Member-get-member,24,11
5431,1,NL,-0.341230197,ideal,0,0.067698672,0,Paid Search Branded,24,12
5432,0,NL,1.852365347,ideal,1,-0.693841827,0,Organic Search,24,12
5433,1,NL,0.235454526,ideal,1,-0.693841827,0,Direct Access,24,12
5434,0,NL,-0.2257778,ideal,0,2.530511011,0,Direct Access,24,12
5435,1,NL,-0.600998091,ideal,1,-0.693841827,0,Paid Search Branded,24,12
5436,1,NL,-0.2257778,ideal,1,-0.693841827,0,Organic Search,24,12
5437,0,NL,0.091716292,ideal,1,-0.693841827,0,Direct Access,24,12
5438,0,NL,-1.03394458,ideal,1,-0.693841827,0,Organic Search,24,12
5439,1,NL,-0.600998091,ideal,0,1.066456504,0,Paid Search Branded,24,12
5440,0,NL,-0.485545694,ideal,0,1.010146715,0,Organic Search,24,12
5441,0,NL,-0.600998091,ideal,1,-0.693841827,0,Paid Search Branded,24,12
5442,1,NL,-0.918492183,ideal,1,-0.693841827,0,Direct Access,24,12
5443,1,NL,-0.312367098,ideal,1,-0.693841827,0,Organic Search,24,12
5444,1,NL,0.380058653,ideal,1,-0.693841827,0,Paid Search Branded,24,12
5445,1,NL,-0.531726652,ideal,1,-0.693841827,0,Affiliate,24,12
5446,1,NL,0.841868242,ideal,0,0.432230462,0,Organic Search,24,12
5447,0,NL,-0.28379263,ideal,0,-0.519108601,0,Paid Search Branded,24,12
5448,1,NL,-0.2257778,ideal,1,-0.693841827,0,Direct Access,24,12
5449,0,NL,0.062853192,visa,1,-0.693841827,0,Organic Search,24,13
5450,1,NL,0.409210384,ideal,1,-0.693841827,0,Direct Access,24,13
5451,0,NL,-0.312367098,ideal,1,-0.693841827,0,Paid Social,24,13
5452,0,NL,-0.456682594,ideal,0,0.53595902,0,Direct Access,24,13
5453,1,NL,-0.081750935,ideal,1,-0.693841827,0,Organic Search,24,13
5454,1,NL,-0.110902665,ideal,0,1.650300103,0,Direct Access,24,13
5455,0,NL,-0.023736105,ideal,1,-0.693841827,0,Paid Search Branded,24,13
5456,1,NL,-0.312367098,ideal,0,1.309477697,0,Paid Search Branded,24,13
5457,0,NL,0.062564561,ideal,1,-0.693841827,0,Direct Access,24,13
5458,0,NL,0.784430674,ideal,0,1.804411103,0,Paid Search Branded,24,13
5459,0,NL,-0.861343246,ideal,1,-0.693841827,0,Paid Search Branded,24,13
5460,0,NL,-1.21433895,ideal,0,0.029170921,0,Paid Search Branded,24,13
5461,0,NL,0.120579391,ideal,1,-0.693841827,0,Direct Access,24,13
5462,1,NL,-1.03394458,ideal,1,-0.693841827,0,Paid Search Branded,24,13
5463,0,NL,-0.185369461,ideal,0,-0.347215561,0,Affiliate,24,14
5464,1,NL,3.093478615,ideal,1,-0.693841827,1,Organic Search,24,14
5465,0,NL,-0.485545694,ideal,0,2.391218376,0,Direct Access,24,14
5466,0,NL,0.270378876,ideal,1,-0.693841827,0,Paid Search Branded,24,14
5467,1,NL,0.120579391,ideal,1,-0.693841827,0,Direct Access,24,14
5468,1,NL,0.062564561,ideal,1,-0.693841827,0,Direct Access,24,14
5469,1,NL,0.091716292,ideal,1,-0.693841827,0,Organic Search,24,14
5470,0,NL,1.751344499,ideal,0,2.180797586,1,Direct Access,24,14
5471,1,NL,3.959371593,ideal,1,-0.693841827,1,Paid Search Branded,24,14
5472,0,NL,0.607788507,ideal,0,2.180797586,0,Direct Access,24,14
5473,0,NL,-0.600998091,visa,0,-0.655437563,0,Member-get-member,24,15
5474,0,NL,-0.341518828,ideal,1,-0.693841827,0,Paid Search Branded,24,15
5475,0,NL,-0.312367098,ideal,1,-0.693841827,0,Direct Access,24,15
5476,0,NL,1.708049851,ideal,0,1.022001407,0,Direct Access,24,15
5477,0,NL,0.206880058,ideal,1,-0.693841827,0,Organic Search,24,15
5479,1,NL,0.351484185,ideal,1,-0.693841827,1,Organic Search,24,15
5480,0,NL,1.801854923,ideal,0,0.615978194,1,Organic Search,24,15
5481,1,NL,-0.462743845,ideal,0,0.482612904,0,Direct Access,24,15
5482,0,NL,0.035433248,ideal,0,0.90049081,0,Paid Search Branded,24,15
5483,0,NL,-0.312655729,ideal,0,1.0338561,0,Campaigning,24,16
5484,0,NL,0.697841376,ideal,0,0.073626018,0,Paid Search Branded,24,16
5485,0,NL,0.553237249,ideal,0,0.2959015,1,Paid Search Branded,24,16
5486,0,NL,-0.081750935,ideal,1,-0.693841827,0,Organic Search,24,16
5487,0,NL,0.149153859,ideal,1,-0.693841827,0,Organic Search,24,16
5488,0,NL,0.120579391,ideal,1,-0.693841827,0,Paid Search Branded,24,16
5489,0,NL,-0.196914701,ideal,0,-0.65247389,0,Paid Search Branded,24,16
5490,0,NL,1.650323652,ideal,1,-0.693841827,0,Paid Search Branded,24,16
5491,1,NL,-0.399245027,visa,1,-0.693841827,0,Organic Search,24,16
5492,1,NL,0.12029076,ideal,1,-0.693841827,0,Direct Access,24,16
5493,0,NL,-0.832191516,ideal,1,-0.693841827,0,Paid Search Branded,24,16
5494,0,NL,-0.889917714,ideal,0,-0.52799962,0,Direct Access,24,16
5495,0,NL,-0.28379263,ideal,1,-0.693841827,1,Paid Search Branded,24,16
5496,1,NL,-0.485545694,ideal,0,0.390739039,0,Paid Search Branded,24,16
5497,0,NL,-0.160835827,ideal,0,0.844181022,0,Campaigning,24,17
5498,1,NL,0.610386185,ideal,1,-0.693841827,0,Paid Search Branded,24,17
5499,0,NL,0.697552745,ideal,0,2.293417164,0,Paid Search Branded,24,17
5500,0,NL,2.862573821,ideal,0,2.074105355,0,Paid Search Branded,24,17
5501,0,NL,-0.312367098,ideal,0,2.367508991,1,Direct Access,24,17
5502,1,NL,0.553237249,ideal,0,0.476685558,0,Direct Access,24,17
5503,0,NL,3.151204814,ideal,0,1.416169928,0,Campaigning,24,17
5504,1,NL,-0.312367098,ideal,1,-0.693841827,0,Organic Search,24,17
5505,0,NL,-0.600998091,ideal,0,2.17487024,0,Paid Search Branded,24,17
5506,1,NL,-1.03394458,ideal,1,-0.693841827,0,Paid Search Non-Branded,24,17
5507,1,NL,0.293469356,ideal,0,0.476685558,0,Direct Access,24,17
5508,1,NL,-0.341230197,ideal,1,-0.693841827,0,Paid Search Branded,24,17
5509,0,NL,0.264606256,ideal,1,-0.693841827,0,Direct Access,24,17
5510,0,NL,4.157083823,ideal,0,1.759956007,0,Direct Access,24,17
5511,1,NL,-0.081462304,ideal,0,-0.676183275,0,Paid Search Non-Branded,24,17
5512,1,NL,-0.226066431,visa,1,-0.693841827,0,Paid Search Branded,24,17
5513,1,NL,-0.456682594,ideal,0,-0.676183275,0,Paid Search Branded,24,17
5514,0,NL,0.091716292,ideal,1,-0.693841827,0,Paid Search Branded,24,17
5515,0,NL,1.130787865,ideal,0,-0.640619197,0,Direct Access,24,18
5516,0,NL,0.697841376,ideal,0,1.967413123,0,Paid Search Branded,24,18
5517,1,NL,-0.485545694,ideal,1,-0.693841827,0,Organic Search,24,18
5518,1,NL,0.120579391,ideal,1,-0.693841827,0,Organic Search,24,18
5519,0,NL,-0.168051602,ideal,0,1.134620985,0,Direct Access,24,18
5520,1,NL,-1.03394458,ideal,1,-0.693841827,0,Paid Search Branded,24,18
5521,0,NL,-0.918492183,ideal,0,0.589305136,0,Paid Search Branded,24,18
5523,1,NL,0.784142043,ideal,0,1.265022601,0,Campaigning,24,18
5524,0,NL,-1.669221394,ideal,1,-0.693841827,0,Organic Search,24,18
5525,0,NL,-0.312367098,ideal,0,0.17142723,0,Paid Search Branded,24,18
5526,0,NL,0.120579391,ideal,0,1.914067008,0,Direct Access,24,18
5527,1,NL,0.351484185,ideal,0,1.265022601,0,Campaigning,24,19
5528,1,NL,0.12029076,ideal,1,-0.693841827,1,Paid Search Branded,24,19
5529,1,NL,0.004838363,ideal,1,-0.693841827,0,Direct Access,24,19
5530,1,NL,-0.024024736,ideal,1,-0.693841827,0,Paid Search Branded,24,19
5531,1,NL,-0.312367098,visa,1,-0.693841827,1,Paid Search Branded,24,19
5532,0,NL,2.083270141,ideal,0,1.066456504,0,Direct Access,24,19
5533,0,NL,1.073061667,ideal,1,-0.693841827,1,Organic Search,24,19
5534,1,NL,0.409210384,ideal,1,-0.693841827,0,Paid Search Branded,24,19
5535,0,NL,1.361692659,ideal,1,-0.693841827,0,Organic Search,24,19
5536,0,NL,-0.399245027,ideal,0,0.98643733,0,Paid Search Branded,24,20
5537,0,NL,0.236031788,ideal,1,-0.693841827,0,Paid Search Non-Branded,24,20
5538,1,NL,0.813293773,ideal,1,-0.693841827,0,Paid Search Branded,24,20
5539,0,NL,-0.168340233,ideal,0,3.063972167,1,Paid Search Branded,24,20
5540,0,NL,0.49551105,ideal,1,-0.693841827,0,Paid Search Branded,24,20
5541,0,NL,1.101924766,ideal,0,0.396666385,0,Paid Search Branded,24,20
5542,1,NL,0.149153859,ideal,0,0.927163868,1,Organic Search,24,20
5543,0,NL,-0.168340233,ideal,0,1.671045814,0,Direct Access,24,20
5544,1,NL,1.823502248,ideal,1,-0.693841827,0,Paid Search Non-Branded,24,20
5545,1,NL,-0.053176467,ideal,0,-0.047884579,0,Paid Search Branded,24,21
5546,0,NL,0.409210384,ideal,1,-0.693841827,0,Direct Access,24,21
5547,1,NL,-0.312367098,ideal,1,-0.693841827,0,Paid Search Branded,24,21
5548,0,NL,-0.514697424,ideal,1,-0.693841827,0,Organic Search,24,21
5549,0,NL,-1.034233211,ideal,0,-0.169395176,0,Paid Search Branded,24,21
5550,0,NL,-0.514408793,ideal,0,-0.602091447,0,Organic Search,24,21
5551,0,NL,-1.034233211,visa,1,-0.693841827,0,Paid Search Non-Branded,24,21
5552,0,NL,0.55352588,visa,1,-0.693841827,0,Paid Search Branded,24,21
5553,1,NL,2.415195783,ideal,0,0.944945907,0,Paid Search Non-Branded,24,21
5554,1,NL,-0.601286722,ideal,1,-0.693841827,0,Paid Search Branded,24,22
5555,0,NL,2.660243495,ideal,0,0.767125521,0,Campaigning,24,22
5556,1,NL,-1.005370111,ideal,1,-0.693841827,0,Direct Access,24,22
5557,0,NL,-0.399245027,ideal,1,-0.693841827,0,Direct Access,24,22
5558,0,NL,-0.600998091,ideal,1,-0.693841827,1,Paid Search Non-Branded,24,22
5559,0,NL,-0.774176686,visa,0,0.195136614,0,Direct Access,24,23
5561,1,NL,-0.023736105,ideal,1,-0.693841827,0,Organic Search,24,23
5562,1,NL,0.120579391,ideal,0,0.835290002,0,Paid Search Non-Branded,24,23
5563,1,NL,-0.2257778,ideal,0,2.334908587,1,Paid Social,24,23
5564,0,NL,0.351484185,ideal,0,2.545329376,0,Paid Search Branded,24,23
5565,1,NL,-0.341230197,ideal,1,-0.693841827,0,Paid Search Non-Branded,24,0
5566,0,NL,-0.600998091,ideal,0,-0.101230695,0,Paid Search Branded,24,0
5567,1,NL,-0.378752226,ideal,0,2.752786493,0,Direct Access,25,1
5568,0,NL,-1.03394458,ideal,0,0.319610884,0,Paid Search Branded,25,1
5569,1,NL,-0.428108126,ideal,1,-0.693841827,0,Paid Search Branded,25,5
5570,1,NL,-0.023736105,visa,1,-0.693841827,0,Paid Search Non-Branded,25,6
5571,0,BE,0.841579611,visa,1,-0.693841827,0,Organic Search,25,6
5572,0,NL,-0.2257778,ideal,0,0.121044787,1,Paid Search Branded,25,7
5573,1,NL,-1.322864203,ideal,1,-0.693841827,0,Organic Search,25,8
5574,0,NL,1.491576606,ideal,0,-0.341288215,1,Direct Access,25,9
5575,0,NL,0.524662781,ideal,0,-0.193104561,0,Paid Search Branded,25,9
5576,0,NL,0.437784852,ideal,0,-0.095303349,1,Paid Search Non-Branded,25,10
5577,0,NL,0.49551105,ideal,1,-0.693841827,0,Paid Search Branded,25,10
5578,1,BE,-0.196914701,visa,1,-0.693841827,0,Paid Search Non-Branded,25,10
5579,0,NL,-0.774176686,ideal,0,0.811580618,0,Organic Search,25,10
5580,1,NL,-0.918492183,ideal,1,-0.693841827,0,Paid Search Non-Branded,25,10
5581,1,NL,-1.4671797,ideal,1,-0.693841827,0,Organic Search,25,10
5582,1,NL,-0.067030754,ideal,0,1.493225429,0,Direct Access,25,10
5583,1,NL,0.351195554,ideal,1,-0.693841827,0,Organic Search,25,10
5584,1,NL,-0.889917714,ideal,1,-0.693841827,0,Direct Access,25,10
5585,0,NL,-0.716450488,ideal,0,1.321332389,0,Affiliate,25,10
5586,0,NL,-1.03394458,ideal,0,3.040262783,0,Organic Search,25,11
5587,0,BE,0.062564561,visa,0,0.032134594,0,Organic Search,25,11
5588,0,NL,1.101924766,visa,0,0.962727945,0,Direct Access,25,11
5589,1,NL,-0.312655729,ideal,1,-0.693841827,1,Paid Search Non-Branded,25,11
5590,0,NL,0.668978277,visa,0,-0.347215561,0,Paid Search Branded,25,11
5591,0,NL,-0.600998091,ideal,1,-0.693841827,0,Paid Search Branded,25,11
5592,1,NL,-0.139477133,ideal,0,-0.193104561,0,Paid Search Branded,25,11
5593,1,NL,0.49551105,ideal,0,-0.127903753,1,Paid Search Branded,25,12
5594,1,NL,0.264894887,ideal,1,-0.693841827,0,Paid Search Branded,25,12
5595,0,NL,0.697841376,ideal,0,-0.649510217,0,Member-get-member,25,12
5596,1,NL,0.55352588,ideal,1,-0.693841827,0,Direct Access,25,12
5597,0,NL,0.062853192,ideal,1,-0.693841827,0,Direct Access,25,12
5598,0,NL,2.660243495,ideal,0,1.380605851,1,Paid Search Branded,25,12
5599,0,NL,-0.118984333,ideal,0,1.036819773,0,Paid Search Non-Branded,25,12
5600,1,NL,-0.485545694,ideal,1,-0.693841827,0,Paid Search Branded,25,12
5601,1,BE,-0.745602218,visa,1,-0.693841827,0,Paid Search Branded,25,12
5602,1,NL,-0.456682594,ideal,1,-0.693841827,1,Organic Search,25,12
5603,0,NL,-0.889629083,ideal,1,-0.693841827,0,Paid Search Branded,25,12
5604,0,NL,-0.24886828,ideal,0,-0.237559657,0,Paid Search Branded,25,12
5605,0,NL,0.062853192,ideal,0,-0.658401236,0,Organic Search,25,12
5606,0,NL,-0.485545694,visa,0,2.397145722,0,Paid Search Branded,25,12
5607,1,NL,2.4582018,ideal,1,-0.693841827,0,Paid Search Branded,25,13
5608,0,NL,2.862573821,ideal,1,-0.693841827,0,Paid Search Non-Branded,25,13
5609,1,NL,-1.03394458,ideal,0,0.864926733,0,Paid Search Branded,25,13
5610,0,NL,-1.005658742,ideal,0,0.90938183,0,Campaigning,25,13
5611,0,NL,-0.399245027,ideal,0,0.758234502,0,Campaigning,25,13
5612,1,NL,0.553237249,ideal,1,-0.693841827,0,Paid Search Branded,25,13
5613,0,NL,0.206880058,ideal,0,1.250204235,0,Campaigning,25,13
5614,1,NL,0.409210384,ideal,1,-0.693841827,0,Paid Search Branded,25,13
5615,0,NL,0.409210384,ideal,0,-0.32646985,1,Direct Access,25,13
5616,0,NL,-0.456682594,ideal,1,-0.693841827,0,Paid Search Branded,25,13
5617,0,NL,0.351484185,ideal,0,0.153645191,0,Organic Search,25,13
5618,1,NL,0.091716292,ideal,1,-0.693841827,0,Paid Search Non-Branded,25,13
5619,1,NL,-0.774465317,ideal,0,0.527068001,0,Paid Search Branded,25,14
5620,0,NL,-0.658724289,ideal,0,-0.178286195,0,Paid Social,25,14
5621,0,NL,1.275103362,ideal,1,-0.693841827,0,Organic Search,25,14
5623,0,NL,1.852365347,visa,1,-0.693841827,1,Paid Search Branded,25,14
5624,1,NL,-0.600998091,ideal,0,0.100299076,0,Direct Access,25,14
5625,1,NL,-0.71702775,ideal,0,-0.187177214,0,Paid Search Branded,25,14
5626,1,NL,-1.034233211,ideal,0,2.29934451,0,Direct Access,25,14
5627,1,NL,-1.03394458,ideal,1,-0.693841827,0,Paid Search Branded,25,14
5628,0,NL,-0.081462304,ideal,0,-0.015284175,1,Paid Search Branded,25,14
5629,1,NL,0.235743157,ideal,0,0.767125521,0,Paid Search Branded,25,14
5630,0,NL,-0.226066431,ideal,1,-0.693841827,0,Paid Search Non-Branded,25,15
5631,0,NL,2.515927999,ideal,0,1.585099295,0,Paid Search Branded,25,15
5632,0,NL,-0.878083844,ideal,1,-0.693841827,0,Paid Search Branded,25,15
5633,0,BE,-0.168051602,visa,1,-0.693841827,0,Paid Search Non-Branded,25,15
5634,0,NL,-1.322864203,ideal,1,-0.693841827,0,Organic Search,25,15
5636,1,NL,0.062853192,ideal,0,0.998292022,0,Organic Search,25,15
5637,0,NL,0.120579391,ideal,0,1.934812719,0,Paid Search Branded,25,15
5638,1,NL,-1.03394458,ideal,0,2.201543298,1,Direct Access,25,15
5639,0,NL,0.697841376,visa,0,-0.65247389,0,Paid Search Branded,25,15
5640,0,NL,-0.341230197,visa,0,2.669803646,0,Paid Search Branded,25,15
5641,0,NL,-1.034521842,ideal,0,1.039783446,0,Campaigning,25,15
5642,1,NL,-0.861343246,ideal,1,-0.693841827,0,Paid Search Branded,25,16
5643,0,BE,-0.889917714,visa,0,2.189688605,0,Organic Search,25,16
5644,1,NL,-1.034233211,ideal,1,-0.693841827,0,Direct Access,25,16
5645,1,NL,-0.081462304,ideal,1,-0.693841827,0,Paid Search Non-Branded,25,16
5646,1,NL,-0.226066431,ideal,1,-0.693841827,0,Organic Search,25,16
5647,1,NL,2.371612503,visa,0,-0.136794772,0,Organic Search,25,16
5648,0,NL,0.149153859,ideal,0,-0.290905773,0,Organic Search,25,16
5649,0,NL,-0.312367098,ideal,0,0.941982234,0,Direct Access,25,16
5650,1,NL,1.130787865,ideal,0,1.069420177,0,Paid Search Branded,25,16
5651,0,NL,-0.889917714,ideal,1,-0.693841827,1,Organic Search,25,16
5652,0,NL,-1.034233211,ideal,0,0.773052867,0,Paid Search Branded,25,16
5653,0,NL,-0.861343246,ideal,1,-0.693841827,0,Paid Search Branded,25,16
5654,1,NL,0.813005142,ideal,0,0.832326329,0,Campaigning,25,16
5655,1,NL,0.409210384,ideal,0,0.58337779,0,Organic Search,25,17
5656,0,NL,-0.160835827,ideal,0,0.773052867,0,Paid Search Branded,25,17
5657,0,NL,-0.600998091,ideal,1,-0.693841827,0,Paid Search Branded,25,17
5658,0,NL,-0.74617948,ideal,0,1.173148735,0,Organic Search,25,17
5659,1,NL,-0.312655729,ideal,0,-0.608018793,0,Organic Search,25,17
5660,0,BE,-0.196914701,visa,1,-0.693841827,0,Direct Access,25,17
5661,1,NL,-0.456682594,ideal,1,-0.693841827,0,Paid Search Non-Branded,25,17
5662,1,NL,0.437784852,ideal,1,-0.693841827,0,Paid Search Branded,25,18
5663,0,BE,0.091716292,visa,1,-0.693841827,0,Paid Search Branded,25,18
5664,1,NL,0.120579391,ideal,0,2.21339799,0,Organic Search,25,18
5665,1,NL,-0.658724289,ideal,0,-0.196068234,0,Paid Search Branded,25,18
5666,0,NL,0.062853192,ideal,0,-0.373888619,0,Direct Access,25,18
5667,0,NL,-0.774465317,ideal,1,-0.693841827,0,Paid Search Non-Branded,25,18
5668,0,NL,2.804847623,ideal,0,0.393702712,0,Direct Access,25,18
5669,1,NL,0.091716292,ideal,0,0.17142723,0,Paid Search Branded,25,18
5670,1,NL,1.274814731,ideal,0,0.331465577,0,Paid Search Branded,25,19
5671,0,NL,-0.067030754,ideal,0,1.831084161,0,Direct Access,25,19
5672,0,NL,0.062564561,ideal,1,-0.693841827,0,Paid Search Branded,25,19
5674,0,NL,-0.658724289,ideal,1,-0.693841827,0,Direct Access,25,19
5675,1,NL,-0.600998091,ideal,1,-0.693841827,0,Organic Search,25,19
5676,0,NL,0.697841376,ideal,0,0.41148475,1,Organic Search,25,20
5677,0,NL,-0.456971225,ideal,1,-0.693841827,0,Organic Search,25,20
5678,1,NL,-0.081462304,ideal,1,-0.693841827,1,Direct Access,25,20
5679,0,NL,2.429627332,visa,1,-0.693841827,1,Paid Search Branded,25,20
5680,0,NL,0.348309244,ideal,1,-0.693841827,0,Direct Access,25,20
5682,1,NL,-0.312367098,ideal,1,-0.693841827,0,Direct Access,25,20
5683,0,BE,-0.312367098,ideal,1,-0.693841827,1,Paid Search Branded,25,20
5684,1,NL,0.784430674,visa,0,0.841217349,0,Organic Search,25,21
5685,0,NL,-0.832191516,ideal,0,-0.590236755,0,Organic Search,25,21
5686,0,NL,-0.196914701,ideal,1,-0.693841827,1,Paid Search Branded,25,21
5687,1,NL,-0.456682594,ideal,0,-0.462798812,0,Direct Access,25,21
5688,0,NL,-0.015365807,ideal,1,-0.693841827,0,Organic Search,25,21
5689,1,NL,0.120002129,ideal,0,-0.670255928,0,Paid Search Non-Branded,25,21
5690,1,BE,0.639826547,visa,1,-0.693841827,0,Paid Search Non-Branded,25,21
5691,0,NL,-0.600998091,ideal,0,-0.673219601,0,Organic Search,25,22
5692,0,NL,0.697841376,ideal,1,-0.693841827,0,Paid Search Branded,25,22
5693,0,NL,3.439835806,ideal,1,-0.693841827,0,Organic Search,25,22
5694,0,NL,0.351195554,ideal,1,-0.693841827,0,Direct Access,25,22
5695,1,NL,-0.658724289,ideal,0,-0.015284175,0,Paid Search Branded,25,22
5696,1,BE,-0.25492953,visa,1,-0.693841827,0,Paid Search Branded,25,22
5697,0,NL,-0.832191516,ideal,0,1.1879671,1,Direct Access,25,22
5698,1,NL,0.062853192,ideal,0,-0.302760465,0,Direct Access,25,22
5699,1,NL,-0.658724289,ideal,1,-0.693841827,0,Paid Search Branded,25,22
5701,0,NL,-0.485545694,ideal,1,-0.693841827,0,Paid Search Branded,25,22
5702,0,NL,-0.918492183,ideal,1,-0.693841827,0,Paid Search Non-Branded,25,22
5703,0,NL,0.062853192,visa,0,1.294659332,0,Paid Search Branded,25,22
5704,1,NL,-0.832191516,ideal,0,-0.190140887,0,Direct Access,25,22
5705,1,NL,1.506008156,ideal,1,-0.693841827,0,Organic Search,25,22
5706,0,NL,-0.514697424,ideal,1,-0.693841827,1,Paid Search Branded,25,23
5707,0,NL,-1.03394458,ideal,1,-0.693841827,0,Paid Search Branded,25,23
5709,0,NL,-0.918492183,ideal,0,-0.041957233,0,Paid Search Branded,25,0
5710,0,NL,0.927880277,ideal,1,-0.693841827,0,Paid Search Branded,25,0
5711,1,NL,-0.341230197,ideal,1,-0.693841827,1,Paid Search Branded,26,1
5712,0,NL,-1.034233211,ideal,0,0.088444383,0,Direct Access,26,1
5713,1,NL,-0.081462304,ideal,0,-0.682110621,0,Paid Search Branded,26,1
5714,0,NL,-0.889629083,ideal,0,0.835290002,0,Paid Search Branded,26,2
5715,1,NL,0.120579391,ideal,1,-0.693841827,0,Organic Search,26,2
5716,0,NL,-0.168340233,ideal,1,-0.693841827,0,Paid Search Non-Branded,26,3
5717,1,NL,-0.600998091,ideal,0,-0.670255928,0,Organic Search,26,8
5718,1,NL,-0.023736105,ideal,1,-0.693841827,0,Organic Search,26,8
5719,0,NL,0.380058653,ideal,0,1.113875273,0,Campaigning,26,8
5720,0,NL,-0.168628864,ideal,0,0.814544291,0,Paid Search Branded,26,8
5721,1,NL,0.264894887,ideal,0,0.337392923,0,Paid Search Branded,26,9
5722,0,NL,0.351484185,ideal,1,-0.693841827,0,Organic Search,26,9
5723,0,NL,-0.918492183,ideal,0,1.090165888,0,Organic Search,26,10
5724,0,NL,0.062853192,ideal,0,0.989401003,0,Direct Access,26,10
5725,1,NL,-0.658724289,ideal,0,1.857757219,0,Paid Search Branded,26,10
5726,1,NL,-0.196914701,ideal,0,0.835290002,0,Paid Search Branded,26,10
5727,1,NL,-1.03394458,ideal,0,1.146475677,0,Paid Search Branded,26,10
5728,0,NL,-0.197203332,ideal,0,1.472479717,0,Direct Access,26,10
5729,0,BE,0.95760927,visa,0,-0.563563697,0,Paid Search Branded,26,10
5730,1,NL,-0.600998091,ideal,0,2.717222416,0,Organic Search,26,10
5731,0,NL,-1.03394458,ideal,0,0.168463557,1,Direct Access,26,11
5732,0,NL,-0.485545694,ideal,1,-0.693841827,0,Paid Search Branded,26,11
5733,0,NL,1.823502248,ideal,0,1.943703739,0,Organic Search,26,11
5734,1,NL,-0.370381928,ideal,0,0.402593731,0,Direct Access,26,11
5735,1,NL,-0.485545694,ideal,1,-0.693841827,0,Direct Access,26,11
5736,0,NL,1.823502248,ideal,0,1.262058928,0,Paid Search Branded,26,11
5737,1,NL,-0.312367098,ideal,0,-0.204959253,0,Paid Search Branded,26,11
5738,1,NL,0.640115178,ideal,1,-0.693841827,0,Paid Search Branded,26,11
5739,1,NL,-0.312367098,ideal,0,-0.009356829,0,Paid Search Branded,26,11
5740,0,BE,-0.803328417,visa,1,-0.693841827,0,Paid Search Non-Branded,26,11
5741,0,NL,1.292421221,ideal,1,-0.693841827,0,Affiliate,26,11
5742,0,NL,0.784430674,ideal,0,1.579171948,1,Paid Search Branded,26,11
5743,1,NL,0.207168689,ideal,0,0.743416136,0,Campaigning,26,11
5744,1,NL,-0.947643913,ideal,0,-0.519108601,1,Organic Search,26,11
5745,0,NL,-0.2257778,visa,1,-0.693841827,0,Paid Search Branded,26,12
5746,0,NL,-0.600998091,ideal,0,0.983473657,0,Direct Access,26,12
5747,0,NL,-0.2257778,ideal,1,-0.693841827,0,Direct Access,26,12
5748,0,BE,-0.774465317,visa,1,-0.693841827,0,Paid Search Non-Branded,26,12
5749,0,NL,-0.889917714,ideal,1,-0.693841827,0,Paid Search Branded,26,12
5750,1,BE,-0.312655729,ideal,0,0.826398983,0,Paid Search Non-Branded,26,12
5751,1,NL,-0.600998091,visa,0,1.807374777,0,Direct Access,26,12
5752,1,NL,-0.889917714,visa,1,-0.693841827,0,Organic Search,26,12
5753,1,NL,1.852365347,ideal,1,-0.693841827,0,Organic Search,26,12
5754,0,NL,-0.658724289,ideal,0,-0.231632311,1,Paid Search Non-Branded,26,12
5755,1,NL,-0.168051602,ideal,1,-0.693841827,0,Paid Search Branded,26,12
5756,0,NL,-0.312367098,ideal,0,2.352690625,0,Paid Search Branded,26,12
5757,1,NL,-0.745890849,ideal,1,-0.693841827,0,Organic Search,26,12
5758,1,BE,-0.456682594,visa,0,2.364545318,0,Paid Search Branded,26,12
5759,0,NL,0.409210384,ideal,0,0.595232482,1,Direct Access,26,12
5760,1,NL,0.437784852,ideal,1,-0.693841827,1,Paid Search Branded,26,12
5761,0,NL,0.14078356,ideal,1,-0.693841827,1,Paid Search Branded,26,12
5762,0,NL,0.409210384,ideal,1,-0.693841827,0,Organic Search,26,12
5763,0,NL,-0.399245027,ideal,0,-0.664328582,0,Organic Search,26,13
5764,0,NL,0.437784852,ideal,1,-0.693841827,1,Paid Search Branded,26,13
5765,1,NL,0.726127214,ideal,1,-0.693841827,0,Paid Search Non-Branded,26,13
5766,0,NL,2.573942828,ideal,1,-0.693841827,0,Paid Search Branded,26,13
5767,1,NL,-0.052887836,ideal,1,-0.693841827,0,Paid Search Branded,26,13
5768,0,NL,2.083270141,visa,0,2.145233509,0,Organic Search,26,13
5769,0,NL,0.12029076,ideal,1,-0.693841827,0,Direct Access,26,13
5770,0,BE,-0.658724289,visa,1,-0.693841827,0,Paid Search Non-Branded,26,13
5771,1,BE,-0.023736105,ideal,1,-0.693841827,0,Organic Search,26,13
5772,0,NL,-0.081462304,ideal,1,-0.693841827,0,Affiliate,26,13
5773,1,NL,-0.067030754,ideal,1,-0.693841827,0,Organic Search,26,13
5774,0,NL,-1.178837338,ideal,0,2.708331396,0,Direct Access,26,13
5775,0,NL,-0.052599205,ideal,1,-0.693841827,0,Organic Search,26,13
5776,1,NL,-0.889629083,ideal,1,-0.693841827,0,Paid Search Branded,26,13
5777,1,NL,0.264606256,ideal,1,-0.693841827,0,Direct Access,26,13
5778,1,NL,-0.658724289,ideal,1,-0.693841827,0,Organic Search,26,13
5779,0,NL,-0.658724289,ideal,1,-0.693841827,0,Organic Search,26,14
5780,1,NL,-0.774465317,ideal,1,-0.693841827,0,Paid Search Branded,26,14
5781,1,NL,0.091427661,ideal,1,-0.693841827,0,Paid Search Branded,26,14
5782,1,NL,-0.067030754,visa,0,0.657469617,0,Paid Search Branded,26,14
5783,1,NL,-1.4671797,ideal,1,-0.693841827,0,Paid Search Branded,26,14
5784,1,NL,-0.312367098,ideal,0,1.164257716,0,Paid Search Branded,26,14
5785,1,NL,-0.196914701,ideal,1,-0.693841827,0,Organic Search,26,14
5786,0,NL,-0.456971225,ideal,0,-0.053811925,0,Direct Access,26,14
5787,1,NL,-0.312367098,ideal,1,-0.693841827,0,Direct Access,26,14
5788,0,NL,-0.578196242,ideal,0,0.743416136,0,Campaigning,26,14
5789,0,NL,0.784430674,ideal,0,0.776016541,0,Campaigning,26,14
5790,1,NL,-0.676042149,ideal,0,1.176112408,0,Campaigning,26,15
5791,0,NL,0.120579391,ideal,1,-0.693841827,0,Paid Search Branded,26,15
5792,1,NL,2.285023205,ideal,1,-0.693841827,0,Direct Access,26,15
5793,0,NL,-0.197203332,ideal,0,0.417412096,1,Direct Access,26,15
5794,0,NL,-0.456971225,ideal,0,0.506322289,0,Paid Search Branded,26,15
5795,1,NL,0.120579391,ideal,1,-0.693841827,0,Paid Search Branded,26,15
5796,1,NL,-0.168051602,visa,1,-0.693841827,1,Paid Social,26,15
5797,1,NL,-0.600998091,ideal,1,-0.693841827,0,Paid Search Branded,26,15
5798,1,NL,0.726704476,ideal,1,-0.693841827,0,Paid Search Branded,26,15
5799,0,NL,0.120579391,ideal,1,-0.693841827,0,Paid Search Branded,26,15
5800,0,NL,-0.081750935,ideal,0,0.506322289,0,Paid Search Branded,26,16
5801,1,NL,-0.2257778,ideal,1,-0.693841827,0,Direct Access,26,16
5802,0,NL,-0.889917714,ideal,0,0.592268809,0,Direct Access,26,16
5803,0,NL,-1.322864203,ideal,1,-0.693841827,0,Organic Search,26,16
5804,1,NL,-0.600998091,ideal,0,2.01186822,0,Direct Access,26,16
5805,0,NL,-0.600998091,ideal,1,-0.693841827,0,Paid Search Branded,26,16
5806,1,BE,-0.485545694,visa,0,1.602881333,0,Paid Search Branded,26,16
5807,0,NL,-0.658724289,ideal,0,2.01186822,0,Direct Access,26,16
5808,1,NL,-0.284081261,ideal,1,-0.693841827,1,Paid Search Branded,26,16
5809,1,NL,-0.658724289,ideal,0,2.01186822,0,Direct Access,26,16
5810,1,NL,-0.312367098,ideal,1,-0.693841827,0,Direct Access,26,16
5811,0,NL,1.852365347,visa,0,1.306514024,0,Paid Search Branded,26,16
5812,0,NL,0.784430674,ideal,0,1.413206255,0,Direct Access,26,16
5813,0,NL,-0.312367098,ideal,0,-0.673219601,0,Direct Access,26,16
5814,1,NL,-0.312367098,ideal,1,-0.693841827,0,Paid Search Branded,26,16
5815,1,NL,-0.301110489,ideal,1,-0.693841827,0,Organic Search,26,17
5816,0,NL,-0.774176686,ideal,0,2.017795566,0,Member-get-member,26,17
5817,0,BE,0.120579391,visa,1,-0.693841827,0,Direct Access,26,17
5818,0,NL,-0.918492183,ideal,0,0.28701048,0,Direct Access,26,17
5819,0,NL,2.86228519,visa,1,-0.693841827,0,Paid Search Non-Branded,26,17
5820,1,NL,-0.023736105,ideal,1,-0.693841827,1,Paid Search Branded,26,17
5821,1,NL,-0.832191516,ideal,1,-0.693841827,0,Direct Access,26,17
5822,0,NL,-0.067030754,ideal,1,-0.693841827,0,Direct Access,26,17
5823,0,BE,-0.168340233,visa,1,-0.693841827,0,Paid Search Non-Branded,26,17
5824,1,NL,0.49551105,ideal,1,-0.693841827,1,Paid Search Branded,26,17
5825,0,NL,1.023705767,visa,0,1.285768312,0,Paid Search Non-Branded,26,17
5826,1,NL,-1.03394458,ideal,1,-0.693841827,0,Paid Search Branded,26,17
5827,1,NL,1.101924766,ideal,0,0.838253675,0,Paid Search Branded,26,17
5828,1,NL,-1.03394458,ideal,1,-0.693841827,0,Paid Search Branded,26,17
5829,1,NL,0.192737139,ideal,1,-0.693841827,0,Paid Search Branded,26,17
5830,0,NL,-0.947643913,ideal,1,-0.693841827,0,Direct Access,26,18
5831,0,NL,-0.774176686,ideal,0,1.022001407,0,Direct Access,26,18
5832,0,NL,-0.600998091,ideal,1,-0.693841827,0,Paid Search Branded,26,18
5833,0,NL,1.708049851,ideal,0,1.970376797,1,Direct Access,26,18
5834,0,NL,-0.889917714,ideal,0,-0.406489023,1,Paid Search Branded,26,18
5835,1,NL,-1.178837338,visa,1,-0.693841827,0,Organic Search,26,18
5836,0,NL,-0.600998091,ideal,0,2.017795566,0,Member-get-member,26,18
5837,1,NL,1.130787865,ideal,0,1.445806659,0,Direct Access,26,18
5838,0,NL,0.437784852,ideal,0,-0.148649464,0,Direct Access,26,18
5840,1,NL,-0.387988418,ideal,0,2.91282484,1,Affiliate,26,18
5841,1,NL,1.794639148,visa,0,2.352690625,0,Paid Search Branded,26,19
5842,0,NL,-0.600998091,ideal,0,0.491503924,0,Paid Search Branded,26,19
5843,0,NL,-0.600998091,ideal,0,1.022001407,1,Direct Access,26,19
5844,0,NL,0.264606256,ideal,1,-0.693841827,0,Paid Search Branded,26,19
5845,1,NL,-0.226066431,ideal,1,-0.693841827,0,Paid Search Non-Branded,26,19
5846,1,NL,1.736624319,ideal,1,-0.693841827,0,Paid Search Branded,26,19
5847,0,NL,-1.03394458,ideal,1,-0.693841827,0,Direct Access,26,19
5848,0,NL,-0.023736105,ideal,1,-0.693841827,0,Affiliate,26,19
5849,1,NL,-0.312367098,ideal,1,-0.693841827,0,Organic Search,26,19
5850,0,NL,0.236031788,ideal,0,-0.664328582,0,Organic Search,26,19
5851,1,NL,0.55352588,visa,0,-0.24052333,0,Paid Search Branded,26,20
5852,0,NL,-0.61254333,ideal,1,-0.693841827,0,Paid Search Non-Branded,26,20
5853,1,BE,0.409210384,visa,1,-0.693841827,0,Paid Search Non-Branded,26,20
5854,0,NL,-0.312367098,ideal,1,-0.693841827,0,Organic Search,26,20
5855,1,NL,-0.312367098,ideal,0,1.279840966,0,Organic Search,26,20
5856,0,NL,0.120579391,ideal,0,-0.646546544,0,Direct Access,26,20
5857,0,NL,0.062853192,ideal,0,1.259095254,0,Paid Search Branded,26,20
5858,0,NL,-0.2257778,ideal,1,-0.693841827,0,Paid Search Branded,26,20
5859,0,NL,-1.4671797,ideal,0,-0.07752131,0,Paid Search Branded,26,20
5860,1,NL,-1.03394458,visa,1,-0.693841827,0,Paid Search Branded,26,20
5861,1,NL,-0.023736105,ideal,0,1.276877293,0,Paid Search Branded,26,20
5862,1,NL,-0.889629083,ideal,0,1.854793546,1,Paid Search Branded,26,20
5863,0,NL,-1.4671797,ideal,1,-0.693841827,0,Paid Search Branded,26,20
5864,0,NL,-1.322575572,ideal,0,-0.453907793,0,Paid Search Branded,26,21
5865,1,NL,0.12029076,ideal,0,2.017795566,0,Paid Search Non-Branded,26,21
5866,0,NL,0.409210384,visa,1,-0.693841827,0,Paid Search Branded,26,21
5867,1,NL,0.466647951,ideal,1,-0.693841827,1,Paid Search Branded,26,21
5868,0,NL,-0.196914701,ideal,0,-0.175322522,1,Campaigning,26,21
5869,0,BE,1.881228446,visa,0,2.829841993,0,Organic Search,26,21
5870,0,NL,0.351484185,ideal,0,0.218845999,0,Direct Access,26,21
5871,1,NL,-0.052887836,ideal,1,-0.693841827,0,Paid Search Branded,26,21
5872,0,NL,3.555288203,ideal,1,-0.693841827,0,Affiliate,26,21
5873,0,NL,-0.676042149,ideal,0,1.081274869,0,Paid Search Branded,26,21
5874,0,NL,-0.312367098,ideal,0,1.857757219,0,Organic Search,26,21
5875,1,NL,-0.456682594,ideal,0,-0.015284175,0,Paid Search Branded,26,21
5876,0,NL,-0.312367098,ideal,0,2.972098302,1,Direct Access,26,22
5877,0,NL,-0.2257778,ideal,1,-0.693841827,0,Organic Search,26,22
5878,0,NL,-0.600998091,ideal,1,-0.693841827,0,Direct Access,26,23
5879,1,NL,-0.485545694,ideal,0,-0.525035947,0,Paid Search Non-Branded,26,23
5880,0,NL,-0.2257778,ideal,1,-0.693841827,0,Organic Search,26,23
5881,0,NL,-0.2257778,ideal,0,0.168463557,0,Direct Access,26,23
5882,1,NL,-0.832191516,ideal,1,-0.693841827,0,Direct Access,26,0
5883,1,NL,-0.25492953,ideal,1,-0.693841827,0,Paid Search Branded,26,0
5884,1,BE,-0.312367098,visa,1,-0.693841827,0,Organic Search,26,0
5885,0,NL,-0.861343246,ideal,1,-0.693841827,0,Paid Search Non-Branded,26,0
5886,0,BE,-0.2257778,ideal,0,-0.074557637,0,Organic Search,26,0
5887,0,NL,-1.322864203,ideal,0,-0.673219601,0,Paid Search Branded,27,1
5888,1,NL,0.206880058,ideal,0,2.305271856,0,Paid Search Branded,27,1
5889,1,NL,-0.630149821,ideal,1,-0.693841827,0,Paid Search Non-Branded,27,6
5890,0,NL,-0.600998091,ideal,0,-0.071593964,0,Paid Search Branded,27,7
5891,0,NL,0.192737139,visa,0,-0.344251888,0,Direct Access,27,7
5892,0,NL,0.178016958,visa,1,-0.693841827,0,Paid Search Non-Branded,27,8
5893,0,NL,-0.861343246,ideal,0,-0.409452696,0,Paid Search Branded,27,8
5894,0,NL,-0.832768778,ideal,1,-0.693841827,0,Organic Search,27,8
5895,0,BE,-0.803617047,visa,1,-0.693841827,0,Paid Search Branded,27,8
5896,0,NL,0.379481391,ideal,1,-0.693841827,0,Direct Access,27,8
5897,0,BE,-1.4671797,visa,1,-0.693841827,0,Paid Search Non-Branded,27,8
5898,0,NL,-0.312655729,ideal,0,-0.320542504,0,Direct Access,27,9
5899,0,NL,0.784430674,ideal,0,0.553741059,0,Paid Search Branded,27,9
5900,0,BE,-0.312367098,ideal,0,-0.098267022,0,Paid Search Non-Branded,27,9
5901,1,BE,0.004838363,ideal,1,-0.693841827,0,Organic Search,27,9
5902,1,NL,-1.4671797,visa,1,-0.693841827,0,Organic Search,27,9
5903,1,NL,-0.456682594,ideal,0,-0.400561677,0,Paid Search Branded,27,9
5904,0,NL,-1.03394458,ideal,0,-0.127903753,0,Campaigning,27,9
5905,1,NL,-0.2257778,ideal,1,-0.693841827,0,Direct Access,27,9
5906,0,NL,0.686296137,ideal,0,3.016553398,0,Affiliate,27,9
5907,0,NL,-1.03394458,ideal,1,-0.693841827,0,Paid Search Branded,27,9
5908,1,NL,0.091427661,ideal,0,-0.036029887,0,Paid Search Branded,27,9
5910,1,NL,-0.600998091,ideal,0,-0.216813945,0,Paid Search Branded,27,9
5911,0,NL,0.784430674,visa,0,2.068178009,0,Paid Search Branded,27,10
5912,1,NL,0.553237249,ideal,0,1.353932793,0,Direct Access,27,10
5913,0,NL,1.419418858,ideal,1,-0.693841827,0,Paid Search Branded,27,10
5914,1,NL,1.130787865,ideal,0,1.917030681,0,Paid Search Branded,27,10
5915,1,NL,0.351484185,visa,1,-0.693841827,0,Paid Search Branded,27,10
5916,0,NL,-0.160835827,ideal,1,-0.693841827,0,Paid Search Branded,27,10
5917,0,NL,0.149153859,ideal,0,1.048674465,1,Campaigning,27,10
5918,0,NL,-0.370670559,ideal,1,-0.693841827,0,Paid Search Branded,27,10
5919,0,NL,-0.081462304,ideal,1,-0.693841827,0,Paid Search Branded,27,10
5920,0,NL,0.091716292,ideal,0,0.414448423,0,Paid Search Branded,27,10
5921,0,NL,0.062564561,ideal,1,-0.693841827,0,Direct Access,27,10
5922,0,NL,-0.658724289,ideal,0,1.656227449,0,Organic Search,27,10
5923,0,NL,0.55352588,ideal,1,-0.693841827,0,Direct Access,27,10
5924,1,NL,0.437784852,ideal,0,0.278119461,0,Paid Search Branded,27,11
5925,1,NL,-0.312655729,ideal,0,-0.661364909,0,Paid Social,27,11
5926,0,NL,1.708049851,ideal,0,-0.649510217,0,Member-get-member,27,11
5927,0,NL,0.55352588,ideal,1,-0.693841827,0,Paid Search Branded,27,11
5928,0,NL,-0.803617047,ideal,1,-0.693841827,0,Direct Access,27,11
5929,0,NL,0.120579391,ideal,1,-0.693841827,0,Organic Search,27,11
5930,1,NL,0.264606256,ideal,1,-0.693841827,0,Paid Search Branded,27,11
5931,1,NL,-1.178837338,ideal,1,-0.693841827,0,Organic Search,27,11
5932,0,NL,1.390267128,ideal,0,-0.587273082,1,Paid Search Branded,27,11
5933,0,NL,0.149153859,ideal,0,-0.07752131,0,Organic Search,27,11
5934,0,NL,-0.2257778,ideal,1,-0.693841827,0,Direct Access,27,11
5935,0,NL,0.784430674,ideal,1,-0.693841827,0,Direct Access,27,11
5936,1,NL,-0.485545694,ideal,1,-0.693841827,0,Paid Search Branded,27,11
5937,0,NL,0.697841376,visa,1,-0.693841827,0,Paid Search Branded,27,11
5938,0,NL,0.149153859,ideal,0,-0.228668638,0,Paid Search Branded,27,11
5939,0,NL,-1.03394458,ideal,0,-0.175322522,0,Paid Search Branded,27,11
5940,1,NL,-1.03394458,ideal,1,-0.693841827,0,Paid Search Branded,27,11
5941,0,NL,0.062853192,ideal,0,1.442842986,0,Direct Access,27,11
5942,0,NL,-0.572423622,ideal,1,-0.693841827,1,Direct Access,27,12
5943,1,NL,-0.2257778,ideal,1,-0.693841827,1,Paid Search Non-Branded,27,12
5944,0,NL,0.14078356,ideal,1,-0.693841827,0,Direct Access,27,12
5946,0,NL,-0.658724289,ideal,1,-0.693841827,0,Paid Search Branded,27,12
5948,0,NL,-0.226066431,ideal,1,-0.693841827,0,Organic Search,27,12
5949,0,NL,-0.312655729,ideal,0,0.82343531,0,Direct Access,27,12
5950,1,NL,2.4870649,ideal,1,-0.693841827,0,Organic Search,27,12
5951,0,NL,-0.378752226,ideal,1,-0.693841827,0,Paid Search Branded,27,12
5952,1,NL,-0.600998091,visa,1,-0.693841827,0,Direct Access,27,12
5953,1,NL,1.419418858,ideal,0,1.179076081,0,Paid Search Branded,27,12
5954,0,NL,0.409210384,ideal,1,-0.693841827,1,Organic Search,27,12
5955,1,NL,0.062564561,ideal,1,-0.693841827,0,Organic Search,27,12
5956,1,NL,0.409210384,ideal,0,0.032134594,0,Organic Search,27,12
5957,0,NL,0.495799681,ideal,0,0.2959015,1,Paid Search Branded,27,12
5958,1,NL,-0.600998091,ideal,1,-0.693841827,1,Paid Search Branded,27,12
5959,0,NL,0.49551105,ideal,1,-0.693841827,0,Paid Search Branded,27,12
5960,1,NL,-0.600998091,ideal,0,0.906418157,1,Paid Search Non-Branded,27,12
5961,1,NL,-0.2257778,ideal,0,1.537680525,0,Paid Search Branded,27,12
5962,0,NL,0.004838363,ideal,1,-0.693841827,0,Paid Search Branded,27,12
5963,1,NL,0.452505033,visa,0,-0.305724138,0,Paid Search Branded,27,13
5964,0,NL,-0.919069445,ideal,1,-0.693841827,0,Paid Search Branded,27,13
5965,0,NL,1.996680843,ideal,0,2.065214336,1,Direct Access,27,13
5966,0,NL,0.091716292,ideal,1,-0.693841827,0,Direct Access,27,13
5967,1,NL,-0.312655729,ideal,1,-0.693841827,0,Organic Search,27,13
5968,1,NL,-1.03394458,ideal,1,-0.693841827,0,Paid Search Branded,27,13
5969,0,NL,-1.03394458,visa,1,-0.693841827,0,Paid Search Branded,27,13
5970,0,NL,0.351484185,ideal,0,1.668082141,0,Direct Access,27,13
5971,1,NL,2.054407042,visa,0,2.035577605,0,Paid Search Branded,27,13
5972,0,NL,-0.428396757,ideal,1,-0.693841827,0,Direct Access,27,13
5973,0,NL,-0.081462304,ideal,0,0.032134594,0,Organic Search,27,13
5975,0,NL,-0.630149821,ideal,1,-0.693841827,0,Organic Search,27,13
5976,1,NL,0.351484185,ideal,1,-0.693841827,0,Paid Search Branded,27,13
5977,0,NL,-1.03394458,ideal,0,0.064734998,0,Paid Search Branded,27,13
5978,0,NL,-0.918492183,ideal,1,-0.693841827,0,Paid Search Branded,27,13
5979,1,NL,-0.2257778,ideal,1,-0.693841827,0,Paid Search Non-Branded,27,13
5980,0,NL,-0.28379263,ideal,1,-0.693841827,0,Direct Access,27,13
5981,0,NL,0.206880058,ideal,1,-0.693841827,0,Paid Search Branded,27,13
5982,0,NL,-0.658724289,ideal,1,-0.693841827,0,Paid Search Branded,27,13
5983,0,NL,-0.658724289,ideal,1,-0.693841827,0,Paid Search Non-Branded,27,13
5984,0,NL,-1.03394458,ideal,1,-0.693841827,0,Paid Search Branded,27,13
5985,0,NL,-0.284081261,ideal,0,-0.664328582,0,Paid Search Branded,27,13
5986,1,NL,-0.2257778,ideal,1,-0.693841827,0,Direct Access,27,13
5987,0,NL,1.130499234,ideal,1,-0.693841827,0,Organic Search,27,13
5988,1,NL,0.784142043,ideal,0,1.353932793,0,Affiliate,27,13
5989,0,NL,0.437784852,ideal,1,-0.693841827,1,Paid Search Branded,27,13
5990,0,NL,-1.03394458,ideal,1,-0.693841827,0,Paid Search Branded,27,13
5991,0,NL,0.813293773,ideal,1,-0.693841827,1,Affiliate,27,13
5992,0,NL,-0.600998091,ideal,0,0.589305136,0,Paid Search Branded,27,13
5993,1,NL,0.640115178,ideal,0,0.150681518,0,Organic Search,27,13
5994,0,NL,0.120579391,ideal,1,-0.693841827,0,Paid Search Branded,27,14
5995,1,NL,0.55352588,ideal,0,1.232422197,1,Paid Search Branded,27,14
5996,1,NL,-0.485545694,ideal,1,-0.693841827,0,Organic Search,27,14
5997,1,NL,-0.572423622,ideal,0,0.518176982,0,Direct Access,27,14
5998,1,NL,0.697841376,ideal,1,-0.693841827,0,Paid Search Branded,27,14
5999,0,NL,0.120579391,ideal,1,-0.693841827,1,Direct Access,27,14
6000,1,NL,-0.485545694,ideal,0,0.002497864,0,Paid Search Branded,27,14
6001,0,NL,0.524662781,ideal,0,0.014352556,0,Direct Access,27,14
6003,1,NL,-0.2257778,ideal,1,-0.693841827,0,Paid Search Branded,27,14
6004,0,NL,-0.2257778,ideal,1,-0.693841827,0,Direct Access,27,14
6005,1,NL,-0.196914701,ideal,0,2.898006474,0,Paid Search Branded,27,14
6006,0,NL,0.322043824,ideal,0,1.297623005,0,Paid Search Branded,27,14
6007,1,NL,0.264894887,ideal,1,-0.693841827,0,Direct Access,27,14
6008,0,NL,-0.312367098,ideal,0,0.141790499,0,Paid Search Branded,27,14
6009,0,NL,-0.630149821,ideal,0,-0.234595984,0,Paid Search Branded,27,14
6010,0,NL,-0.572423622,ideal,1,-0.693841827,0,Organic Search,27,14
6011,0,NL,-0.861343246,ideal,0,1.247240562,0,Paid Search Branded,27,14
6012,0,NL,-0.889917714,ideal,1,-0.693841827,0,Direct Access,27,14
6013,1,NL,-0.023736105,ideal,0,0.479649231,0,Paid Search Branded,27,14
6014,0,NL,3.554999572,ideal,1,-0.693841827,0,Paid Search Non-Branded,27,14
6015,1,NL,-0.118984333,ideal,1,-0.693841827,0,Paid Search Branded,27,14
6016,0,NL,-0.139477133,ideal,1,-0.693841827,0,Paid Search Non-Branded,27,14
6017,0,NL,-0.600998091,ideal,0,2.053359643,0,Direct Access,27,14
6018,0,NL,0.264894887,ideal,0,-0.187177214,0,Direct Access,27,15
6019,0,NL,-0.630149821,ideal,1,-0.693841827,1,Paid Search Non-Branded,27,15
6020,0,NL,0.12029076,ideal,0,2.42381878,0,Paid Search Branded,27,15
6021,0,NL,0.010899614,ideal,1,-0.693841827,0,Organic Search,27,15
6022,1,NL,-0.485545694,ideal,1,-0.693841827,0,Paid Search Non-Branded,27,15
6023,0,NL,0.427971398,visa,0,1.051638138,0,Direct Access,27,15
6024,0,NL,-0.023736105,ideal,1,-0.693841827,0,Organic Search,27,15
6025,0,NL,1.506008156,ideal,1,-0.693841827,0,Organic Search,27,15
6026,0,NL,-0.023736105,ideal,0,-0.649510217,0,Paid Search Branded,27,15
6027,0,NL,0.120579391,ideal,0,0.052880306,0,Direct Access,27,15
6028,0,NL,-0.312367098,ideal,1,-0.693841827,1,Paid Search Branded,27,15
6029,0,NL,1.130499234,ideal,0,0.067698672,1,Paid Search Branded,27,15
6031,0,NL,1.708049851,ideal,0,2.065214336,1,Direct Access,27,15
6032,0,NL,0.784430674,ideal,0,0.808616945,0,Direct Access,27,15
6033,1,NL,-0.832191516,ideal,1,-0.693841827,0,Paid Search Branded,27,15
6034,0,NL,0.530435401,visa,1,-0.693841827,0,Organic Search,27,15
6035,0,NL,-0.600998091,ideal,1,-0.693841827,0,Paid Search Branded,27,15
6036,0,NL,-0.2257778,ideal,0,1.425060948,0,Organic Search,27,15
6037,0,NL,0.870731341,ideal,0,-0.436125754,0,Paid Search Branded,27,15
6038,0,NL,0.409210384,visa,0,2.035577605,0,Direct Access,27,15
6039,1,NL,-0.370381928,ideal,1,-0.693841827,0,Paid Search Non-Branded,27,15
6041,0,NL,-0.600998091,ideal,0,1.336150755,0,Organic Search,27,15
6042,0,NL,0.120579391,ideal,1,-0.693841827,1,Paid Search Branded,27,15
6043,0,NL,-0.2257778,ideal,0,2.806132608,0,Paid Search Branded,27,15
6044,0,NL,-1.4671797,ideal,0,0.224773345,0,Paid Search Branded,27,15
6045,0,NL,-0.041342596,visa,1,-0.693841827,0,Direct Access,27,15
6046,0,NL,0.55352588,ideal,1,-0.693841827,0,Direct Access,27,15
6047,0,NL,-0.889917714,ideal,0,0.817507964,0,Organic Search,27,16
6048,0,NL,-1.005370111,ideal,1,-0.693841827,0,Direct Access,27,16
6049,0,NL,-0.889629083,ideal,1,-0.693841827,0,Paid Search Branded,27,16
6050,0,NL,0.062853192,visa,0,1.570280929,0,Paid Search Branded,27,16
6051,1,NL,-1.03394458,ideal,1,-0.693841827,0,Organic Search,27,16
6052,0,NL,0.351484185,ideal,1,-0.693841827,1,Organic Search,27,16
6054,1,NL,0.409210384,ideal,1,-0.693841827,0,Organic Search,27,16
6055,0,NL,1.852076716,ideal,1,-0.693841827,0,Paid Search Branded,27,16
6056,0,NL,0.452505033,ideal,1,-0.693841827,0,Organic Search,27,16
6057,1,NL,-0.889917714,ideal,1,-0.693841827,0,Paid Search Non-Branded,27,16
6058,0,NL,-0.312367098,ideal,1,-0.693841827,0,Paid Search Branded,27,16
6059,0,NL,1.130787865,visa,0,2.397145722,0,Member-get-member,27,16
6060,1,NL,-0.341518828,ideal,1,-0.693841827,0,Direct Access,27,16
6061,0,NL,-0.455239439,ideal,0,2.557184069,0,Paid Search Branded,27,16
6062,1,NL,-1.4671797,ideal,1,-0.693841827,0,Paid Search Non-Branded,27,16
6063,0,NL,-0.352775437,ideal,0,0.150681518,0,Paid Search Non-Branded,27,16
6064,1,NL,1.852365347,ideal,0,-0.062702945,1,Paid Search Non-Branded,27,16
6065,0,NL,0.957320639,ideal,0,-0.050848252,0,Member-get-member,27,16
6066,1,BE,-1.322864203,visa,1,-0.693841827,0,Paid Search Non-Branded,27,16
6067,1,NL,0.120579391,ideal,1,-0.693841827,0,Paid Search Branded,27,16
6068,0,NL,0.408921753,visa,1,-0.693841827,0,Paid Search Non-Branded,27,16
6069,0,NL,0.062853192,ideal,1,-0.693841827,0,Paid Search Branded,27,16
6070,0,NL,-0.600998091,ideal,0,-0.676183275,0,Organic Search,27,16
6071,1,NL,-0.658724289,ideal,1,-0.693841827,0,Paid Search Branded,27,16
6072,1,NL,0.235743157,ideal,1,-0.693841827,1,Direct Access,27,16
6073,1,NL,0.293180725,ideal,1,-0.693841827,1,Organic Search,27,17
6074,0,NL,2.11213324,ideal,0,0.340356596,0,Direct Access,27,17
6075,0,NL,-0.2257778,ideal,0,-0.359070254,0,Paid Search Branded,27,17
6076,1,NL,-0.889917714,ideal,1,-0.693841827,0,Paid Search Non-Branded,27,17
6077,1,NL,-0.658724289,ideal,1,-0.693841827,0,Direct Access,27,17
6078,0,NL,0.697841376,ideal,1,-0.693841827,0,Direct Access,27,17
6079,1,NL,-1.03394458,ideal,1,-0.693841827,0,Paid Search Branded,27,17
6080,1,NL,-0.081750935,ideal,1,-0.693841827,0,Paid Search Branded,27,17
6081,0,NL,-0.023736105,ideal,1,-0.693841827,0,Direct Access,27,17
6082,1,NL,-0.052887836,ideal,1,-0.693841827,0,Organic Search,27,17
6083,1,NL,-0.110614034,ideal,1,-0.693841827,0,Paid Search Branded,27,17
6084,1,NL,0.149153859,ideal,1,-0.693841827,0,Paid Search Non-Branded,27,17
6085,0,NL,-1.351727303,ideal,1,-0.693841827,0,Paid Search Branded,27,17
6086,0,NL,-0.312367098,ideal,1,-0.693841827,0,Organic Search,27,17
6087,1,NL,-0.196914701,ideal,0,1.113875273,1,Paid Search Branded,27,17
6088,1,NL,-0.94677802,ideal,0,0.734525117,0,Organic Search,27,17
6089,0,NL,-0.832191516,ideal,0,1.31244137,1,Organic Search,27,17
6091,1,NL,-0.485545694,ideal,1,-0.693841827,0,Organic Search,27,17
6092,0,NL,0.380058653,ideal,0,-0.673219601,0,Direct Access,27,17
6093,0,NL,0.207168689,ideal,0,1.107947927,0,Paid Search Branded,27,17
6094,1,NL,-0.514697424,ideal,1,-0.693841827,0,Organic Search,27,17
6095,1,BE,0.697841376,visa,1,-0.693841827,0,Organic Search,27,17
6096,0,NL,-1.03394458,ideal,0,1.869611911,0,Paid Search Branded,27,17
6097,0,NL,0.582100348,ideal,0,0.57448677,0,Direct Access,27,17
6098,0,NL,0.89959444,ideal,1,-0.693841827,0,Paid Search Non-Branded,27,17
6099,1,NL,-1.03394458,ideal,1,-0.693841827,1,Paid Search Branded,27,17
6100,0,NL,-0.081462304,ideal,1,-0.693841827,0,Paid Search Branded,27,17
6101,0,NL,-0.832191516,ideal,0,-0.24052333,0,Direct Access,27,17
6102,0,NL,-0.514697424,ideal,0,2.545329376,0,Direct Access,27,17
6103,0,NL,0.697552745,ideal,0,0.429266789,0,Direct Access,27,17
6104,1,NL,0.264606256,ideal,1,-0.693841827,0,Direct Access,27,17
6105,0,NL,1.708049851,ideal,0,-0.175322522,0,Paid Search Branded,27,17
6106,1,NL,-0.600998091,ideal,1,-0.693841827,0,Paid Search Branded,27,17
6107,0,NL,-0.600998091,ideal,0,1.143512004,0,Paid Search Branded,27,17
6108,0,NL,-0.312367098,ideal,0,0.441121481,0,Direct Access,27,17
6109,0,NL,0.120579391,ideal,1,-0.693841827,1,Paid Search Branded,27,17
6110,0,NL,-0.600998091,ideal,1,-0.693841827,0,Member-get-member,27,17
6111,0,NL,-0.312367098,ideal,0,-0.501326562,0,Direct Access,27,17
6112,0,NL,-0.312367098,ideal,1,-0.693841827,1,Affiliate,27,17
6113,0,NL,0.49551105,ideal,1,-0.693841827,0,Direct Access,27,17
6114,1,NL,0.928457539,ideal,1,-0.693841827,0,Paid Search Branded,27,17
6115,1,NL,0.409210384,ideal,1,-0.693841827,0,Direct Access,27,18
6116,0,NL,0.437784852,ideal,1,-0.693841827,0,Organic Search,27,18
6118,0,NL,-0.226355062,ideal,1,-0.693841827,0,Organic Search,27,18
6119,0,NL,-0.312367098,ideal,0,1.834047834,0,Paid Search Branded,27,18
6120,1,NL,-1.03394458,ideal,0,-0.053811925,0,Paid Search Branded,27,18
6121,1,NL,-0.600998091,ideal,0,1.914067008,0,Direct Access,27,18
6122,1,NL,0.091427661,ideal,1,-0.693841827,0,Direct Access,27,18
6123,1,NL,0.264894887,ideal,1,-0.693841827,0,Paid Search Branded,27,18
6124,1,NL,-0.918492183,ideal,1,-0.693841827,0,Paid Search Branded,27,18
6125,0,NL,0.120579391,ideal,1,-0.693841827,0,Direct Access,27,18
6126,0,BE,-0.600998091,visa,1,-0.693841827,0,Paid Search Non-Branded,27,19
6127,1,NL,2.227585637,ideal,1,-0.693841827,0,Organic Search,27,19
6128,0,NL,-0.168051602,ideal,1,-0.693841827,0,Paid Search Branded,27,19
6129,1,NL,0.697841376,ideal,0,-0.4420531,0,Paid Search Branded,27,19
6130,0,NL,-0.658724289,ideal,0,1.490261756,0,Campaigning,27,19
6131,1,NL,-0.700864414,ideal,0,1.828120488,0,Campaigning,27,19
6132,1,NL,0.264894887,ideal,1,-0.693841827,1,Paid Search Non-Branded,27,19
6133,1,NL,-0.197203332,ideal,0,0.337392923,1,Direct Access,27,19
6134,0,NL,-0.428108126,ideal,0,-0.270160061,0,Paid Search Branded,27,19
6135,1,NL,2.256160106,ideal,0,1.306514024,0,Direct Access,27,19
6136,1,NL,0.437784852,ideal,1,-0.693841827,0,Direct Access,27,19
6137,0,NL,1.303966461,ideal,1,-0.693841827,0,Paid Search Branded,27,19
6138,0,NL,-0.630149821,ideal,0,0.254410076,0,Direct Access,27,19
6139,0,NL,-0.658724289,ideal,0,2.228216356,0,Paid Search Branded,27,19
6140,0,NL,0.120579391,ideal,1,-0.693841827,0,Paid Search Branded,27,19
6141,0,NL,-0.2257778,ideal,1,-0.693841827,0,Paid Search Branded,27,20
6142,1,NL,0.120579391,visa,0,1.727355603,0,Paid Search Branded,27,20
6143,0,NL,-0.600998091,ideal,1,-0.693841827,0,Direct Access,27,20
6144,0,NL,-1.03394458,ideal,0,-0.142722118,0,Organic Search,27,20
6145,1,BE,-0.485545694,visa,0,-0.181249868,0,Organic Search,27,20
6146,1,NL,0.120579391,ideal,0,1.14943935,0,Direct Access,27,20
6147,1,NL,0.091716292,ideal,1,-0.693841827,1,Paid Search Non-Branded,27,20
6148,1,NL,0.033701462,ideal,1,-0.693841827,0,Paid Search Branded,27,20
6149,1,NL,-0.918492183,ideal,1,-0.693841827,0,Paid Search Non-Branded,27,20
6150,1,BE,1.822924986,visa,1,-0.693841827,0,Organic Search,27,20
6151,0,NL,-0.341518828,ideal,0,1.016074061,0,Paid Search Branded,27,20
6152,0,NL,1.101924766,visa,0,0.150681518,0,Direct Access,27,20
6153,0,NL,-0.2257778,ideal,1,-0.693841827,0,Paid Search Branded,27,20
6154,1,NL,-0.312367098,ideal,1,-0.693841827,1,Paid Search Branded,27,20
6155,0,NL,-1.034233211,ideal,1,-0.693841827,0,Paid Search Branded,27,20
6156,0,NL,0.697841376,ideal,1,-0.693841827,0,Organic Search,27,20
6157,0,NL,1.881228446,ideal,0,-0.602091447,0,Direct Access,27,20
6158,1,BE,-0.658724289,visa,0,1.104984254,0,Direct Access,27,20
6159,0,NL,-0.658724289,ideal,1,-0.693841827,0,Organic Search,27,20
6160,1,NL,0.264606256,visa,1,-0.693841827,0,Paid Search Non-Branded,27,20
6161,1,NL,-0.024313367,ideal,0,-0.673219601,0,Organic Search,27,21
6162,0,NL,-0.081462304,visa,1,-0.693841827,0,Direct Access,27,21
6163,1,NL,-0.312367098,ideal,1,-0.693841827,1,Paid Search Branded,27,21
6164,1,NL,0.120579391,ideal,1,-0.693841827,0,Paid Search Non-Branded,27,21
6165,1,NL,-0.312367098,ideal,1,-0.693841827,0,Paid Search Branded,27,21
6166,0,NL,1.361692659,visa,0,0.147717845,0,Paid Search Non-Branded,27,21
6168,1,BE,-0.168051602,visa,1,-0.693841827,1,Paid Search Branded,27,21
6169,1,BE,-0.312367098,visa,1,-0.693841827,0,Paid Search Non-Branded,27,21
6170,1,NL,0.55352588,ideal,0,1.35096912,0,Paid Search Branded,27,21
6171,0,NL,-0.067030754,ideal,0,-0.16346783,0,Paid Search Non-Branded,27,21
6172,1,NL,0.986472369,ideal,0,2.035577605,0,Campaigning,27,21
6173,0,NL,-0.947643913,ideal,0,2.776495878,0,Direct Access,27,21
6174,1,NL,-0.485545694,ideal,0,0.325538231,0,Paid Search Branded,27,21
6175,0,BE,-0.370381928,visa,1,-0.693841827,0,Paid Search Branded,27,21
6177,1,NL,0.120579391,ideal,0,0.035098268,0,Paid Search Branded,27,21
6178,1,BE,-0.485545694,visa,1,-0.693841827,0,Paid Search Non-Branded,27,22
6179,0,NL,0.206880058,ideal,0,0.310719865,0,Campaigning,27,22
6180,0,NL,-0.139477133,ideal,1,-0.693841827,0,Paid Search Non-Branded,27,22
6182,0,NL,0.120579391,ideal,0,-0.525035947,0,Direct Access,27,22
6183,1,NL,0.120579391,ideal,1,-0.693841827,0,Campaigning,27,22
6184,1,BE,0.89959444,visa,0,-0.397598004,0,Paid Search Branded,27,22
6185,1,NL,-0.087523555,ideal,0,1.066456504,0,Campaigning,27,22
6186,0,NL,-0.2257778,visa,1,-0.693841827,0,Paid Search Branded,27,22
6187,0,NL,-0.378752226,ideal,0,1.143512004,0,Paid Search Branded,27,22
6188,0,NL,-0.28379263,ideal,0,-0.655437563,0,Direct Access,27,22
6189,1,NL,-0.312367098,ideal,1,-0.693841827,0,Paid Search Branded,27,22
6190,0,NL,0.206880058,ideal,0,-0.498362889,0,Direct Access,27,22
6191,1,NL,2.011112393,ideal,0,0.918272849,0,Affiliate,27,22
6192,0,NL,-1.755522061,ideal,0,2.889115455,0,Direct Access,27,22
6193,0,NL,0.140494929,ideal,0,1.952594758,0,Paid Search Non-Branded,27,22
6194,0,NL,0.408921753,ideal,1,-0.693841827,0,Paid Search Non-Branded,27,22
6195,1,NL,-1.322864203,visa,0,1.374678505,0,Organic Search,27,22
6196,1,NL,0.438073483,ideal,0,0.924200195,0,Paid Search Branded,27,22
6197,1,NL,1.996680843,ideal,0,-0.504290235,0,Paid Search Branded,27,22
6198,0,NL,-0.600998091,ideal,0,0.494467597,0,Direct Access,27,22
6199,1,NL,1.433850408,ideal,0,1.164257716,0,Direct Access,27,22
6200,0,NL,2.037089182,visa,1,-0.693841827,1,Paid Search Non-Branded,27,22
6201,0,NL,-0.832191516,ideal,0,2.607566511,0,Direct Access,27,23
6202,0,NL,0.55352588,ideal,0,0.648578598,0,Paid Search Non-Branded,27,23
6203,0,NL,-0.514697424,ideal,0,1.890357623,0,Paid Search Branded,27,23
6204,0,NL,-0.531726652,ideal,1,-0.693841827,0,Organic Search,27,23
6206,0,NL,-0.312367098,ideal,0,-0.193104561,0,Paid Search Branded,27,23
6207,1,NL,0.408921753,ideal,1,-0.693841827,0,Paid Search Branded,27,23
6208,1,NL,0.062853192,ideal,1,-0.693841827,0,Paid Search Branded,27,23
6210,1,NL,-0.352775437,ideal,1,-0.693841827,0,Organic Search,27,23
6211,0,NL,-0.168051602,ideal,1,-0.693841827,1,Paid Search Branded,27,23
6212,0,NL,-1.03394458,ideal,0,0.74637981,0,Direct Access,27,0
6213,0,NL,-0.052887836,ideal,0,-0.424271062,0,Paid Search Branded,27,0
6215,1,NL,-0.2257778,ideal,1,-0.693841827,0,Direct Access,27,0
6217,0,NL,0.149153859,ideal,0,0.313683538,0,Direct Access,28,1
6218,1,NL,-0.312367098,ideal,1,-0.693841827,0,Paid Search Branded,28,2
6219,0,NL,-0.651797145,ideal,0,-0.504290235,0,Organic Search,28,3
6220,0,NL,-0.168340233,visa,0,0.432230462,0,Paid Search Branded,28,4
6221,0,NL,-0.352775437,ideal,1,-0.693841827,0,Paid Search Non-Branded,28,5
6223,1,NL,-1.03394458,ideal,1,-0.693841827,0,Paid Search Branded,28,7
6224,0,NL,-0.456682594,ideal,0,0.853072041,0,Organic Search,28,8
6225,0,NL,1.419418858,ideal,0,0.853072041,0,Organic Search,28,8
6226,0,NL,-1.03394458,ideal,0,0.106226422,0,Direct Access,28,8
6227,1,NL,-0.774465317,ideal,0,2.358617972,0,Organic Search,28,8
6229,0,NL,-1.03394458,visa,1,-0.693841827,0,Paid Search Branded,28,9
6230,1,NL,0.206880058,ideal,1,-0.693841827,1,Paid Search Branded,28,9
6231,1,NL,1.679186751,ideal,0,-0.041957233,1,Organic Search,28,9
6232,0,NL,-0.168340233,ideal,1,-0.693841827,0,Direct Access,28,9
6233,1,NL,0.120579391,ideal,0,1.016074061,0,Campaigning,28,9
6234,0,NL,-1.005370111,ideal,0,2.554220396,0,Paid Social,28,9
6235,0,NL,-0.774465317,ideal,1,-0.693841827,0,Paid Search Branded,28,9
6236,1,NL,-1.4671797,ideal,0,1.267986274,0,Campaigning,28,9
6237,0,NL,-0.947643913,ideal,1,-0.693841827,1,Campaigning,28,9
6238,0,NL,-0.600998091,ideal,0,-0.539854312,0,Campaigning,28,9
6239,0,NL,-0.197203332,ideal,0,0.183281922,0,Campaigning,28,9
6240,1,NL,-1.005370111,ideal,1,-0.693841827,0,Campaigning,28,9
6241,0,NL,1.506008156,ideal,0,-0.569491043,0,Direct Access,28,9
6242,0,NL,0.09113903,ideal,0,0.073626018,0,Campaigning,28,9
6243,0,NL,-0.332571267,ideal,0,0.651542271,0,Direct Access,28,9
6244,1,NL,-0.600998091,ideal,1,-0.693841827,0,Paid Search Branded,28,9
6245,0,NL,-0.600998091,ideal,0,0.927163868,0,Campaigning,28,9
6246,0,NL,0.322043824,ideal,0,0.266264769,1,Direct Access,28,9
6247,1,NL,-0.312655729,ideal,1,-0.693841827,0,Organic Search,28,9
6248,1,NL,0.495799681,ideal,0,0.58337779,0,Direct Access,28,10
6249,0,NL,-0.600998091,ideal,0,1.048674465,0,Paid Search Branded,28,10
6250,1,NL,0.091716292,ideal,1,-0.693841827,0,Paid Search Branded,28,10
6251,0,NL,0.062853192,ideal,0,2.409000414,0,Paid Search Branded,28,10
6252,0,NL,0.264606256,visa,1,-0.693841827,0,Paid Search Non-Branded,28,10
6253,0,NL,-0.45552807,ideal,0,0.888636118,0,Campaigning,28,10
6254,1,NL,-0.2257778,ideal,1,-0.693841827,0,Direct Access,28,10
6255,0,NL,0.697841376,ideal,1,-0.693841827,0,Direct Access,28,10
6256,1,NL,-0.600998091,ideal,1,-0.693841827,0,Direct Access,28,10
6257,1,NL,-0.312367098,ideal,0,2.317126548,0,Direct Access,28,10
6258,0,NL,1.563445723,ideal,1,-0.693841827,1,Paid Search Branded,28,10
6259,0,NL,2.256448737,ideal,1,-0.693841827,0,Paid Search Branded,28,10
6260,1,NL,0.206880058,ideal,0,1.315405043,1,Campaigning,28,10
6261,0,NL,-0.254640899,visa,0,-0.658401236,0,Member-get-member,28,10
6262,0,NL,-0.312367098,ideal,0,0.78490756,0,Campaigning,28,10
6263,1,NL,-1.005370111,ideal,1,-0.693841827,1,Paid Search Branded,28,10
6264,1,NL,0.120579391,ideal,0,1.096093234,0,Paid Search Branded,28,10
6265,1,NL,3.468410275,ideal,0,0.841217349,1,Campaigning,28,10
6266,1,NL,0.437784852,ideal,1,-0.693841827,0,Paid Search Branded,28,10
6267,1,NL,-0.485545694,ideal,1,-0.693841827,1,Paid Search Non-Branded,28,10
6269,1,NL,-0.226066431,visa,1,-0.693841827,0,Paid Search Non-Branded,28,10
6270,0,NL,-0.485545694,ideal,0,0.221809672,0,Organic Search,28,10
6271,1,NL,-0.658724289,ideal,0,1.454697679,0,Campaigning,28,11
6272,1,NL,-0.600998091,ideal,0,0.648578598,0,Campaigning,28,11
6273,1,NL,0.120579391,ideal,1,-0.693841827,0,Paid Search Non-Branded,28,11
6274,1,NL,-0.572423622,ideal,0,0.364065981,0,Direct Access,28,11
6275,0,NL,-0.456971225,ideal,1,-0.693841827,0,Organic Search,28,11
6276,1,NL,-0.2257778,ideal,0,-0.608018793,0,Campaigning,28,11
6277,1,NL,-1.178837338,ideal,0,1.81033845,0,Direct Access,28,11
6278,0,NL,-0.28379263,ideal,0,1.430988294,0,Paid Search Branded,28,11
6279,1,NL,-0.2257778,ideal,1,-0.693841827,0,Paid Search Branded,28,11
6280,0,NL,1.015046837,ideal,0,1.099056908,0,Paid Search Branded,28,11
6281,1,NL,-0.197203332,ideal,0,0.713779406,1,Paid Search Branded,28,11
6282,0,NL,0.004838363,ideal,1,-0.693841827,0,Paid Search Branded,28,11
6283,0,NL,-0.600998091,ideal,1,-0.693841827,0,Paid Search Branded,28,11
6284,1,NL,-0.600998091,ideal,0,0.304792519,0,Paid Search Branded,28,11
6285,0,NL,0.206880058,ideal,0,-0.056775598,0,Organic Search,28,11
6286,1,NL,0.553237249,ideal,1,-0.693841827,0,Paid Search Branded,28,11
6287,1,NL,-0.312367098,ideal,0,0.921236522,0,Paid Search Branded,28,11
6288,0,NL,-0.168628864,ideal,0,-0.596164101,0,Paid Search Branded,28,11
6289,0,NL,0.120579391,ideal,0,1.262058928,0,Campaigning,28,11
6291,1,NL,-0.745602218,visa,1,-0.693841827,0,Organic Search,28,11
6292,0,NL,-0.572712253,ideal,0,0.254410076,0,Paid Search Non-Branded,28,11
6293,1,NL,-0.312367098,ideal,0,0.043989287,0,Campaigning,28,12
6294,1,NL,1.852365347,ideal,1,-0.693841827,0,Paid Search Branded,28,12
6295,0,NL,0.120579391,visa,0,1.324296063,0,Paid Search Branded,28,12
6296,1,NL,-0.197203332,ideal,0,0.713779406,1,Paid Search Branded,28,12
6297,0,NL,0.841579611,ideal,0,0.079553364,0,Direct Access,28,12
6298,0,NL,2.537575323,ideal,0,0.426303116,0,Paid Search Branded,28,12
6299,0,NL,-0.485545694,ideal,0,2.142269836,0,Direct Access,28,12
6300,0,NL,-0.283503999,ideal,0,1.982231489,0,Campaigning,28,12
6301,0,NL,0.207168689,ideal,1,-0.693841827,0,Paid Search Branded,28,12
6302,0,BE,-1.03394458,visa,0,-0.616909813,0,Organic Search,28,12
6303,1,NL,-0.889917714,ideal,1,-0.693841827,1,Paid Search Branded,28,12
6304,0,NL,-0.572423622,ideal,0,0.16253621,0,Paid Search Branded,28,12
6305,0,NL,2.429627332,ideal,0,1.448770332,0,Direct Access,28,12
6306,1,NL,-0.774465317,visa,1,-0.693841827,0,Paid Search Branded,28,12
6307,1,NL,-0.312367098,ideal,0,2.284526144,0,Paid Search Branded,28,12
6308,1,NL,-0.081750935,visa,1,-0.693841827,0,Organic Search,28,12
6309,0,NL,-0.312367098,ideal,1,-0.693841827,0,Paid Search Branded,28,12
6310,0,NL,-0.312367098,ideal,0,-0.548745332,1,Organic Search,28,12
6311,0,NL,1.823502248,ideal,1,-0.693841827,1,Affiliate,28,12
6312,1,NL,2.978026218,ideal,0,0.186245595,0,Paid Search Branded,28,12
6313,1,NL,0.264894887,visa,1,-0.693841827,0,Direct Access,28,12
6314,0,NL,0.004838363,ideal,1,-0.693841827,0,Paid Search Non-Branded,28,12
6315,0,NL,-1.322864203,ideal,1,-0.693841827,0,Paid Search Non-Branded,28,12
6316,0,NL,-0.093007544,ideal,0,2.669803646,0,Organic Search,28,12
6317,0,NL,-0.889917714,ideal,1,-0.693841827,0,Organic Search,28,12
6318,1,NL,0.466070689,ideal,0,1.537680525,0,Campaigning,28,12
6319,0,NL,-0.485545694,ideal,0,-0.089376002,1,Direct Access,28,12
6320,0,NL,-1.034233211,ideal,0,1.042747119,0,Paid Search Branded,28,12
6321,1,NL,0.004838363,ideal,0,1.765883353,0,Campaigning,28,12
6322,0,NL,-1.4671797,ideal,1,-0.693841827,0,Paid Search Branded,28,13
6324,0,NL,-1.322864203,ideal,1,-0.693841827,0,Paid Search Branded,28,13
6325,1,NL,0.351195554,ideal,1,-0.693841827,0,Organic Search,28,13
6326,0,BE,-0.889917714,visa,1,-0.693841827,0,Direct Access,28,13
6327,0,NL,0.409210384,visa,0,1.442842986,0,Direct Access,28,13
6328,1,NL,1.708049851,ideal,1,-0.693841827,0,Paid Search Branded,28,13
6329,1,NL,0.264606256,ideal,0,1.247240562,1,Paid Search Branded,28,13
6330,1,NL,-0.918492183,ideal,0,0.12400846,0,Paid Search Non-Branded,28,13
6331,0,NL,0.004838363,ideal,1,-0.693841827,0,Paid Search Branded,28,13
6332,1,NL,0.784430674,visa,0,0.930127541,0,Campaigning,28,13
6333,0,NL,-0.196914701,ideal,1,-0.693841827,1,Paid Search Non-Branded,28,13
6334,0,NL,-0.2257778,ideal,1,-0.693841827,0,Paid Search Non-Branded,28,13
6335,0,NL,1.830429391,ideal,0,0.728597771,1,Paid Search Branded,28,13
6336,1,NL,-0.399245027,ideal,0,0.049916633,1,Direct Access,28,13
6337,1,NL,2.429627332,ideal,0,-0.688037967,0,Paid Search Branded,28,13
6338,1,NL,-0.543849154,ideal,1,-0.693841827,0,Paid Search Branded,28,13
6339,0,NL,2.011112393,ideal,0,2.243034721,0,Organic Search,28,13
6340,0,NL,0.409210384,ideal,0,0.776016541,0,Direct Access,28,13
6341,1,NL,-0.600998091,ideal,0,-0.542817985,0,Paid Search Branded,28,13
6342,0,NL,-1.525194529,ideal,0,-0.685074294,0,Paid Search Branded,28,13
6343,1,BE,0.004838363,visa,1,-0.693841827,0,Paid Search Non-Branded,28,13
6345,1,NL,-0.600998091,ideal,1,-0.693841827,0,Direct Access,28,14
6346,0,NL,-1.03394458,ideal,1,-0.693841827,0,Paid Search Branded,28,14
6347,1,NL,0.120579391,ideal,0,0.441121481,0,Campaigning,28,14
6348,0,NL,0.784430674,ideal,1,-0.693841827,0,Paid Search Branded,28,14
6349,1,NL,-0.110614034,ideal,0,2.853551378,0,Direct Access,28,14
6350,0,NL,1.361404028,ideal,0,2.133378817,0,Direct Access,28,14
6351,0,NL,-0.918492183,ideal,1,-0.693841827,0,Paid Search Branded,28,14
6352,1,NL,2.083270141,visa,0,-0.181249868,1,Paid Search Branded,28,14
6353,0,NL,0.09113903,ideal,1,-0.693841827,0,Paid Search Non-Branded,28,14
6354,0,NL,1.506008156,ideal,0,-0.199031907,1,Organic Search,28,14
6355,1,NL,0.784142043,ideal,1,-0.693841827,0,Paid Search Branded,28,14
6356,1,NL,0.120579391,ideal,0,1.155366696,0,Paid Search Branded,28,14
6357,0,NL,-0.2257778,ideal,0,-0.679146948,0,Organic Search,28,14
6358,1,NL,-0.312367098,ideal,0,1.256131581,0,Organic Search,28,14
6359,0,NL,1.101924766,ideal,0,0.524104328,0,Paid Search Branded,28,14
6360,1,NL,1.447993326,ideal,0,2.978025648,0,Direct Access,28,14
6361,0,NL,-0.600998091,ideal,0,2.574966107,0,Campaigning,28,14
6362,0,NL,0.149153859,ideal,0,0.562632078,0,Campaigning,28,14
6363,1,NL,-0.312367098,ideal,1,-0.693841827,0,Paid Search Branded,28,14
6364,0,NL,0.409210384,ideal,1,-0.693841827,0,Paid Search Branded,28,14
6365,0,NL,-0.600998091,ideal,0,-0.136794772,0,Paid Search Branded,28,14
6366,1,NL,0.207168689,ideal,1,-0.693841827,0,Direct Access,28,14
6367,1,NL,-1.322864203,ideal,1,-0.693841827,0,Organic Search,28,15
6368,0,NL,0.409210384,ideal,1,-0.693841827,0,Paid Search Non-Branded,28,15
6369,1,NL,0.120579391,ideal,1,-0.693841827,0,Direct Access,28,15
6370,1,NL,2.573942828,ideal,1,-0.693841827,0,Organic Search,28,15
6371,0,NL,-0.482659384,visa,0,1.35986014,0,Direct Access,28,15
6372,0,NL,-0.803328417,ideal,1,-0.693841827,1,Paid Search Non-Branded,28,15
6373,0,NL,0.409210384,ideal,0,0.544850039,0,Paid Search Branded,28,15
6374,0,NL,-0.023736105,ideal,0,2.506801626,0,Paid Search Branded,28,15
6376,0,NL,-0.326798648,ideal,1,-0.693841827,0,Affiliate,28,15
6377,1,NL,-0.889917714,ideal,0,0.856035714,0,Paid Search Branded,28,15
6378,0,NL,0.668978277,ideal,1,-0.693841827,0,Direct Access,28,15
6379,1,NL,0.55352588,ideal,1,-0.693841827,0,Direct Access,28,15
6380,0,NL,1.852076716,ideal,1,-0.693841827,0,Paid Search Branded,28,15
6381,1,NL,0.264606256,ideal,1,-0.693841827,0,Paid Search Branded,28,15
6382,0,NL,-0.052599205,ideal,0,2.936534225,0,Organic Search,28,15
6383,0,NL,1.246240262,ideal,0,1.967413123,1,Direct Access,28,15
6384,0,NL,-1.03394458,ideal,0,-0.382779638,0,Direct Access,28,15
6385,1,NL,-0.312367098,ideal,0,-0.608018793,0,Paid Search Branded,28,15
6386,1,NL,-0.485545694,ideal,0,0.002497864,0,Paid Search Branded,28,15
6387,0,NL,0.207168689,ideal,0,0.933091214,1,Direct Access,28,15
6388,0,NL,-0.803328417,ideal,0,0.66043329,0,Organic Search,28,16
6389,0,NL,0.120579391,ideal,0,1.113875273,0,Direct Access,28,16
6390,1,NL,-0.024024736,ideal,0,-0.679146948,0,Paid Search Branded,28,16
6391,0,NL,-1.03394458,ideal,0,-0.655437563,0,Paid Search Branded,28,16
6392,0,NL,0.987626893,ideal,1,-0.693841827,1,Direct Access,28,16
6393,1,NL,0.120579391,ideal,1,-0.693841827,1,Paid Search Branded,28,16
6394,0,NL,-0.600998091,ideal,0,0.121044787,0,Direct Access,28,16
6395,1,NL,-0.485545694,ideal,1,-0.693841827,0,Direct Access,28,16
6396,1,NL,0.120579391,ideal,1,-0.693841827,0,Paid Search Branded,28,16
6397,0,NL,-0.067030754,ideal,0,-0.101230695,0,Paid Search Non-Branded,28,16
6398,0,NL,0.438073483,ideal,1,-0.693841827,0,Direct Access,28,16
6399,1,NL,-0.430705805,visa,0,0.254410076,0,Direct Access,28,16
6400,0,NL,-0.312367098,ideal,0,-0.071593964,0,Paid Search Branded,28,16
6401,0,NL,4.01652053,ideal,0,0.346283942,0,Paid Search Branded,28,16
6402,1,NL,-1.03394458,ideal,1,-0.693841827,0,Direct Access,28,16
6403,1,NL,-0.794669487,ideal,1,-0.693841827,0,Affiliate,28,16
6404,0,NL,0.120579391,ideal,0,-0.628764505,0,Direct Access,28,16
6406,0,NL,-0.601286722,ideal,0,2.480128568,0,Direct Access,28,16
6407,0,NL,-0.600998091,ideal,0,-0.52799962,0,Paid Search Branded,28,17
6408,0,NL,-0.658724289,ideal,0,1.43691564,0,Campaigning,28,17
6409,0,NL,-0.312367098,ideal,0,-0.507253908,0,Paid Search Branded,28,17
6410,0,NL,0.119136236,ideal,0,-0.643582871,0,Paid Search Branded,28,17
6411,0,NL,0.091427661,ideal,1,-0.693841827,0,Paid Search Branded,28,17
6412,0,NL,0.351484185,ideal,1,-0.693841827,1,Paid Search Branded,28,17
6413,1,NL,-0.052887836,ideal,0,-0.682110621,0,Paid Search Branded,28,17
6414,0,NL,-1.524617267,ideal,0,0.091408056,0,Direct Access,28,17
6415,0,NL,-0.196914701,visa,1,-0.693841827,0,Direct Access,28,17
6416,0,NL,-0.341230197,ideal,1,-0.693841827,1,Paid Search Branded,28,17
6417,1,NL,-0.28379263,ideal,1,-0.693841827,1,Paid Search Branded,28,17
6418,1,NL,0.697841376,ideal,1,-0.693841827,0,Paid Search Branded,28,17
6419,0,NL,-0.514697424,ideal,1,-0.693841827,0,Direct Access,28,17
6420,0,NL,0.524662781,ideal,1,-0.693841827,0,Paid Search Branded,28,17
6421,1,NL,-0.918492183,ideal,1,-0.693841827,0,Direct Access,28,17
6422,1,NL,0.206880058,ideal,1,-0.693841827,0,Paid Search Branded,28,17
6423,0,NL,0.120579391,ideal,0,2.177833913,1,Paid Search Branded,28,17
6424,1,NL,-0.658724289,ideal,0,0.00842521,0,Paid Search Branded,28,17
6425,1,NL,3.728466799,ideal,1,-0.693841827,0,Direct Access,28,17
6426,0,NL,-1.438605231,ideal,1,-0.693841827,0,Paid Search Branded,28,17
6427,0,NL,0.351195554,ideal,1,-0.693841827,0,Organic Search,28,17
6428,1,NL,1.361692659,ideal,0,0.912345503,0,Paid Search Branded,28,17
6429,0,NL,-0.312367098,visa,0,-0.52799962,0,Paid Search Branded,28,17
6430,0,NL,-0.600998091,ideal,1,-0.693841827,0,Paid Search Branded,28,17
6432,1,NL,0.55352588,ideal,1,-0.693841827,0,Direct Access,28,17
6433,0,NL,-0.918492183,ideal,0,-0.667292255,0,Paid Search Branded,28,18
6434,0,NL,-0.456682594,ideal,1,-0.693841827,0,Paid Search Non-Branded,28,18
6435,1,NL,-0.889917714,ideal,1,-0.693841827,0,Paid Search Branded,28,18
6436,1,NL,-0.312367098,ideal,0,0.885672445,0,Campaigning,28,18
6437,0,NL,-1.03394458,ideal,1,-0.693841827,0,Paid Search Branded,28,18
6438,0,BE,-0.312367098,visa,1,-0.693841827,0,Paid Search Branded,28,18
6439,0,NL,2.140996339,ideal,0,-0.219777618,0,Paid Search Branded,28,18
6440,0,NL,-0.658724289,ideal,0,0.121044787,0,Paid Search Branded,28,18
6441,0,NL,-0.745602218,ideal,0,-0.688037967,0,Paid Search Non-Branded,28,18
6442,1,NL,-0.226066431,ideal,1,-0.693841827,1,Organic Search,28,18
6443,0,NL,-0.889917714,ideal,1,-0.693841827,0,Direct Access,28,18
6444,0,NL,-0.312367098,ideal,1,-0.693841827,0,Paid Search Branded,28,18
6445,0,NL,-0.774176686,ideal,0,1.048674465,0,Campaigning,28,18
6446,0,NL,-0.658724289,ideal,1,-0.693841827,0,Direct Access,28,18
6448,0,NL,0.726415845,ideal,1,-0.693841827,0,Direct Access,28,19
6449,0,NL,0.784430674,ideal,1,-0.693841827,1,Paid Search Branded,28,19
6450,0,NL,0.351484185,ideal,0,1.060529157,0,Paid Search Branded,28,19
6451,1,NL,1.823502248,ideal,0,-0.204959253,0,Paid Search Branded,28,19
6452,1,NL,0.149153859,ideal,1,-0.693841827,0,Organic Search,28,19
6453,1,NL,-0.921378492,ideal,0,1.06349283,0,Organic Search,28,19
6454,0,NL,-0.312367098,ideal,1,-0.693841827,0,Paid Search Branded,28,19
6455,1,NL,-0.428108126,ideal,0,-0.554672678,0,Paid Search Branded,28,19
6457,0,NL,-0.28379263,ideal,1,-0.693841827,0,Paid Search Branded,28,19
6458,1,NL,0.120579391,ideal,0,0.500394943,0,Paid Search Branded,28,19
6459,0,NL,-0.889629083,ideal,1,-0.693841827,0,Paid Search Branded,28,19
6460,1,NL,-0.658724289,visa,0,-0.682110621,0,Campaigning,28,19
6461,1,NL,-0.2257778,ideal,0,0.500394943,0,Paid Search Branded,28,19
6462,0,NL,-0.052599205,ideal,1,-0.693841827,0,Organic Search,28,19
6463,1,NL,-0.485545694,ideal,0,0.500394943,0,Paid Search Branded,28,19
6464,1,NL,0.437784852,ideal,1,-0.693841827,0,Paid Search Branded,28,19
6465,1,NL,0.639826547,ideal,1,-0.693841827,0,Paid Search Branded,28,19
6466,1,NL,0.409210384,ideal,1,-0.693841827,1,Organic Search,28,19
6467,0,NL,4.161413288,ideal,0,0.251446403,0,Paid Search Branded,28,19
6468,0,BE,-0.312367098,visa,1,-0.693841827,0,Paid Search Non-Branded,28,19
6469,0,BE,-0.889917714,visa,1,-0.693841827,0,Paid Search Non-Branded,28,20
6470,0,NL,-0.572423622,ideal,1,-0.693841827,0,Paid Social,28,20
6472,0,NL,-0.226066431,ideal,1,-0.693841827,0,Paid Search Branded,28,20
6473,0,NL,1.101636135,ideal,1,-0.693841827,0,Organic Search,28,20
6474,0,NL,-0.197203332,ideal,1,-0.693841827,0,Paid Search Branded,28,20
6475,1,NL,-0.312367098,ideal,1,-0.693841827,1,Paid Search Non-Branded,28,20
6476,0,NL,0.351484185,ideal,1,-0.693841827,0,Paid Search Branded,28,20
6477,0,NL,-0.327087279,ideal,0,-0.20199558,0,Paid Search Non-Branded,28,20
6478,0,NL,-0.456682594,ideal,0,1.650300103,0,Affiliate,28,20
6479,0,NL,-0.601286722,ideal,0,1.727355603,0,Direct Access,28,20
6480,0,NL,0.409210384,visa,0,1.620663372,0,Paid Search Branded,28,20
6481,1,NL,-0.774465317,ideal,1,-0.693841827,0,Paid Search Branded,28,20
6482,0,NL,0.12029076,ideal,0,0.141790499,0,Organic Search,28,20
6483,0,NL,0.062853192,ideal,0,0.663396963,1,Organic Search,28,20
6484,1,NL,-0.768404066,ideal,0,1.107947927,0,Direct Access,28,20
6485,0,BE,-0.658724289,visa,0,-0.166431503,0,Paid Search Branded,28,20
6486,1,NL,-0.485545694,ideal,1,-0.693841827,0,Paid Search Branded,28,20
6487,1,NL,-0.456682594,visa,0,2.554220396,0,Paid Search Non-Branded,28,20
6488,0,NL,2.862573821,visa,0,1.620663372,0,Paid Search Branded,28,20
6489,0,NL,-1.322864203,ideal,1,-0.693841827,0,Organic Search,28,20
6490,1,NL,-0.485545694,ideal,0,0.393702712,0,Paid Search Branded,28,20
6491,1,NL,-0.312367098,ideal,1,-0.693841827,0,Paid Search Non-Branded,28,20
6492,0,NL,-0.024024736,ideal,0,-0.225704965,0,Paid Search Branded,28,20
6493,0,NL,-0.485545694,ideal,1,-0.693841827,0,Paid Search Non-Branded,28,20
6494,0,NL,-0.485545694,ideal,0,-0.121976406,0,Direct Access,28,20
6495,0,NL,0.409210384,ideal,0,1.448770332,0,Campaigning,28,20
6496,1,NL,0.062853192,ideal,1,-0.693841827,0,Paid Search Non-Branded,28,20
6497,0,NL,-0.081462304,visa,0,1.069420177,0,Direct Access,28,20
6498,1,NL,0.120579391,ideal,1,-0.693841827,0,Direct Access,28,21
6500,0,NL,-1.322864203,ideal,1,-0.693841827,0,Paid Search Branded,28,21
6501,0,NL,-0.196914701,ideal,1,-0.693841827,0,Paid Search Branded,28,21
6502,1,NL,-0.312367098,ideal,1,-0.693841827,0,Paid Search Branded,28,21
6503,0,NL,2.660532126,ideal,0,0.858999387,0,Direct Access,28,21
6504,1,NL,2.400764233,ideal,0,1.508043794,0,Paid Search Branded,28,21
6505,0,NL,0.120579391,ideal,1,-0.693841827,1,Paid Search Branded,28,21
6506,0,NL,-0.918492183,ideal,0,0.586341463,0,Campaigning,28,21
6507,0,NL,0.55352588,ideal,0,1.202785466,1,Paid Search Branded,28,21
6508,0,NL,-0.485545694,ideal,1,-0.693841827,0,Paid Search Branded,28,21
6509,1,NL,-0.889917714,ideal,1,-0.693841827,0,Paid Search Branded,28,21
6510,0,NL,0.322621086,ideal,0,-0.332397196,0,Direct Access,28,21
6511,0,NL,-0.456682594,ideal,0,0.939018561,0,Paid Search Non-Branded,28,21
6512,1,NL,-0.832191516,ideal,0,-0.178286195,0,Direct Access,28,21
6513,1,NL,-0.745602218,ideal,1,-0.693841827,0,Paid Search Branded,28,21
6514,0,NL,-0.312367098,ideal,1,-0.693841827,1,Paid Search Branded,28,21
6515,0,NL,1.520151074,ideal,0,-0.48058085,0,Paid Search Branded,28,21
6516,0,NL,-0.485545694,ideal,0,-0.667292255,0,Direct Access,28,21
6517,1,NL,-0.601286722,ideal,1,-0.693841827,0,Paid Search Non-Branded,28,21
6518,1,NL,-0.2257778,ideal,0,2.489019588,0,Paid Search Branded,28,21
6519,0,NL,-0.514697424,ideal,1,-0.693841827,0,Organic Search,28,22
6520,1,NL,-0.370381928,ideal,1,-0.693841827,1,Organic Search,28,22
6521,0,NL,0.091716292,ideal,1,-0.693841827,0,Paid Search Branded,28,22
6522,1,NL,-0.197203332,ideal,0,1.472479717,0,Direct Access,28,22
6523,0,NL,-0.918492183,ideal,0,1.739210295,0,Paid Search Branded,28,22
6524,1,NL,2.083270141,ideal,1,-0.693841827,0,Paid Search Branded,28,22
6525,0,NL,-0.514697424,ideal,1,-0.693841827,0,Direct Access,28,22
6526,1,NL,-1.294578366,ideal,0,-0.688037967,0,Organic Search,28,22
6527,0,NL,0.816180083,ideal,0,0.417412096,0,Campaigning,28,22
6528,0,NL,-0.196914701,ideal,1,-0.693841827,1,Organic Search,28,22
6529,0,NL,-0.658724289,ideal,0,3.066935841,0,Campaigning,28,22
6530,0,NL,0.841868242,ideal,0,1.721428257,1,Direct Access,28,22
6531,0,NL,-0.352775437,ideal,1,-0.693841827,0,Paid Search Branded,28,22
6532,0,NL,2.047191267,ideal,0,1.125729965,0,Campaigning,28,22
6533,0,NL,-0.081462304,ideal,0,-0.522072274,0,Organic Search,28,22
6534,0,NL,3.093478615,ideal,0,3.066935841,1,Campaigning,28,22
6536,1,NL,-0.2257778,ideal,1,-0.693841827,1,Organic Search,28,23
6537,0,NL,-0.823243955,ideal,0,0.930127541,0,Campaigning,28,23
6538,0,NL,-0.774176686,ideal,0,1.330223409,0,Campaigning,28,23
6539,1,NL,-0.341518828,ideal,1,-0.693841827,0,Paid Search Branded,28,23
6540,1,NL,-0.259258995,ideal,0,0.844181022,0,Paid Search Branded,28,23
6541,0,NL,-0.572423622,ideal,1,-0.693841827,1,Paid Search Non-Branded,28,23
6542,0,NL,-1.03394458,ideal,1,-0.693841827,0,Paid Search Branded,28,23
6543,0,NL,0.235743157,ideal,0,0.227737018,0,Paid Search Branded,28,23
6544,0,NL,-0.341230197,ideal,1,-0.693841827,1,Organic Search,28,0
6545,0,NL,-0.889917714,ideal,1,-0.693841827,0,Organic Search,28,0
6546,0,NL,0.697841376,ideal,1,-0.693841827,0,Paid Search Branded,28,0
6547,0,NL,0.004838363,ideal,0,0.743416136,0,Direct Access,28,0
6548,0,NL,-0.918492183,ideal,1,-0.693841827,0,Paid Search Non-Branded,28,0
6549,0,NL,-0.832191516,ideal,1,-0.693841827,1,Paid Search Branded,28,0
6550,0,NL,0.986472369,ideal,0,-0.688037967,0,Organic Search,28,0
6551,0,NL,0.235743157,ideal,1,-0.693841827,0,Paid Search Branded,28,0
6552,0,NL,0.784430674,ideal,0,1.56138991,0,Paid Search Branded,29,1
6555,0,NL,0.409210384,ideal,0,-0.027138867,0,Direct Access,29,4
6556,0,NL,-0.185369461,ideal,0,1.190930773,0,Campaigning,29,6
6557,0,NL,-0.918492183,ideal,1,-0.693841827,0,Paid Search Branded,29,6
6558,0,NL,-0.2257778,ideal,0,1.487298083,0,Campaigning,29,7
6559,0,NL,1.938954645,ideal,0,3.072863187,0,Campaigning,29,7
6560,0,NL,-1.03394458,ideal,0,0.853072041,0,Paid Search Branded,29,8
6561,0,NL,-0.139477133,visa,0,2.180797586,1,Paid Search Branded,29,8
6562,0,NL,-0.485545694,ideal,1,-0.693841827,0,Paid Search Branded,29,9
6563,0,NL,4.88299077,ideal,0,0.263301096,0,Campaigning,29,9
6564,0,BE,2.746832793,ideal,1,-0.693841827,0,Paid Search Non-Branded,29,9
6565,0,NL,-0.774465317,ideal,1,-0.693841827,0,Paid Search Branded,29,9
6566,1,NL,0.409210384,ideal,1,-0.693841827,0,Paid Search Branded,29,9
6567,1,NL,-0.185658092,ideal,1,-0.693841827,0,Direct Access,29,9
6568,0,NL,-0.428108126,ideal,0,2.604602838,0,Organic Search,29,10
6569,0,NL,-0.082039566,ideal,1,-0.693841827,0,Direct Access,29,10
6570,1,NL,0.697552745,ideal,1,-0.693841827,0,Organic Search,29,10
6571,1,NL,-0.700864414,ideal,0,2.026686585,0,Paid Search Branded,29,10
6572,0,NL,-0.341230197,ideal,1,-0.693841827,0,Direct Access,29,10
6573,1,NL,-0.2257778,ideal,0,2.222289009,0,Direct Access,29,10
6574,1,NL,0.380058653,ideal,1,-0.693841827,1,Paid Search Branded,29,10
6575,0,BE,-0.2257778,visa,1,-0.693841827,0,Direct Access,29,10
6576,1,NL,-0.600998091,ideal,0,1.404315236,0,Direct Access,29,10
6577,0,NL,-0.600998091,ideal,0,-0.172358849,0,Paid Search Branded,29,10
6578,0,NL,0.264606256,ideal,0,0.903454483,1,Direct Access,29,10
6579,0,NL,-0.531726652,visa,1,-0.693841827,0,Organic Search,29,10
6580,0,NL,1.188225433,ideal,1,-0.693841827,1,Paid Search Branded,29,10
6581,1,NL,-0.2257778,ideal,1,-0.693841827,0,Direct Access,29,10
6582,0,NL,-1.438605231,ideal,0,1.516934813,0,Campaigning,29,11
6583,0,NL,-0.485545694,ideal,1,-0.693841827,0,Paid Search Branded,29,11
6584,1,NL,0.697552745,visa,1,-0.693841827,0,Paid Search Non-Branded,29,11
6585,1,NL,0.120579391,ideal,0,1.715500911,0,Paid Search Branded,29,11
6586,0,NL,0.091716292,ideal,0,0.879745099,0,Direct Access,29,11
6587,0,NL,-0.312367098,visa,0,2.085960047,0,Direct Access,29,11
6588,1,NL,0.235454526,ideal,1,-0.693841827,0,Direct Access,29,11
6589,1,NL,-1.322864203,visa,1,-0.693841827,0,Paid Search Non-Branded,29,11
6590,0,NL,-0.485545694,ideal,1,-0.693841827,0,Organic Search,29,11
6591,0,NL,-1.03394458,ideal,1,-0.693841827,0,Paid Search Branded,29,11
6592,1,NL,-0.600998091,ideal,1,-0.693841827,0,Paid Search Branded,29,11
6593,1,NL,1.217377163,ideal,1,-0.693841827,0,Paid Search Branded,29,11
6594,0,NL,-1.03394458,ideal,1,-0.693841827,0,Paid Search Branded,29,11
6595,1,NL,2.140996339,ideal,1,-0.693841827,0,Organic Search,29,11
6596,0,NL,-1.034233211,ideal,1,-0.693841827,0,Direct Access,29,11
6597,0,NL,0.770865017,ideal,0,1.339114428,1,Direct Access,29,11
6598,1,NL,-0.485545694,ideal,1,-0.693841827,0,Paid Search Branded,29,11
6599,1,BE,0.55352588,visa,1,-0.693841827,0,Paid Search Non-Branded,29,11
6600,1,NL,2.51621663,ideal,0,1.715500911,0,Paid Search Branded,29,11
6601,0,NL,-0.023736105,ideal,0,0.224773345,0,Paid Search Branded,29,11
6602,0,NL,-0.312367098,ideal,1,-0.693841827,0,Paid Search Branded,29,11
6603,1,NL,0.264894887,ideal,0,1.342078101,0,Campaigning,29,11
6604,0,NL,-0.889629083,ideal,1,-0.693841827,0,Organic Search,29,11
6605,0,NL,0.149153859,ideal,0,1.56138991,0,Paid Search Non-Branded,29,11
6606,0,NL,-0.052599205,visa,0,2.5868208,0,Direct Access,29,11
6607,0,NL,-0.370381928,ideal,1,-0.693841827,0,Direct Access,29,11
6608,0,NL,-1.03394458,ideal,1,-0.693841827,0,Paid Search Branded,29,12
6609,1,NL,-1.03394458,ideal,0,2.687585685,0,Campaigning,29,12
6610,0,NL,-0.081462304,ideal,1,-0.693841827,0,Organic Search,29,12
6611,1,NL,1.390267128,ideal,0,2.05039597,0,Organic Search,29,12
6612,1,NL,-1.03394458,ideal,1,-0.693841827,1,Paid Search Branded,29,12
6613,1,NL,0.149153859,ideal,0,2.201543298,0,Direct Access,29,12
6614,0,NL,-0.803328417,ideal,1,-0.693841827,0,Paid Search Non-Branded,29,12
6615,1,NL,0.206880058,ideal,1,-0.693841827,1,Paid Search Non-Branded,29,12
6616,1,NL,-0.312367098,ideal,1,-0.693841827,0,Paid Search Branded,29,12
6617,1,NL,-0.456682594,ideal,1,-0.693841827,0,Paid Search Branded,29,12
6618,1,NL,-0.918492183,ideal,1,-0.693841827,1,Paid Search Branded,29,12
6620,0,NL,3.728466799,ideal,1,-0.693841827,0,Paid Social,29,12
6621,0,NL,1.044198567,ideal,1,-0.693841827,1,Direct Access,29,12
6622,0,BE,-0.890206345,visa,1,-0.693841827,0,Paid Search Non-Branded,29,12
6624,0,NL,-0.052887836,ideal,0,-0.006393156,0,Direct Access,29,12
6626,0,BE,1.179855134,ideal,1,-0.693841827,1,Paid Search Non-Branded,29,12
6627,0,NL,-0.918492183,ideal,1,-0.693841827,0,Paid Search Branded,29,12
6628,1,NL,-0.196914701,visa,1,-0.693841827,1,Paid Search Non-Branded,29,12
6629,1,NL,-0.658724289,ideal,0,0.322574557,0,Paid Search Branded,29,12
6630,1,NL,-0.572423622,ideal,0,-0.655437563,0,Paid Search Branded,29,12
6631,0,NL,0.264894887,ideal,1,-0.693841827,0,Paid Search Non-Branded,29,12
6632,1,NL,-0.312367098,ideal,0,0.340356596,0,Paid Search Branded,29,12
6633,1,NL,-0.485545694,ideal,1,-0.693841827,0,Paid Search Branded,29,12
6634,1,NL,-0.456971225,ideal,0,-0.172358849,0,Paid Search Branded,29,12
6635,0,NL,0.091716292,ideal,0,1.466552371,0,Paid Search Non-Branded,29,13
6636,1,NL,-0.658724289,ideal,1,-0.693841827,0,Paid Search Branded,29,13
6637,0,NL,0.409210384,ideal,1,-0.693841827,0,Paid Search Branded,29,13
6638,0,NL,-0.2257778,ideal,0,0.885672445,0,Paid Search Branded,29,13
6639,0,NL,3.050183966,ideal,1,-0.693841827,1,Organic Search,29,13
6640,1,NL,0.438073483,ideal,0,-0.69100164,0,Paid Search Branded,29,13
6641,0,NL,-0.861343246,ideal,0,0.100299076,0,Paid Search Non-Branded,29,13
6642,1,NL,2.804847623,ideal,0,0.814544291,0,Paid Search Branded,29,13
6643,0,NL,3.237505481,ideal,0,0.313683538,1,Direct Access,29,13
6644,1,NL,0.556123559,ideal,1,-0.693841827,1,Paid Search Branded,29,13
6645,1,NL,-0.600998091,ideal,1,-0.693841827,0,Direct Access,29,13
6646,1,NL,-0.485545694,ideal,1,-0.693841827,0,Paid Search Branded,29,13
6647,0,NL,1.984846972,ideal,1,-0.693841827,0,Affiliate,29,13
6649,0,NL,-0.485545694,ideal,0,2.245998394,0,Paid Search Branded,29,14
6650,1,NL,-0.341230197,ideal,0,-0.673219601,0,Paid Search Non-Branded,29,14
6651,1,NL,-0.168051602,ideal,1,-0.693841827,0,Paid Search Non-Branded,29,14
6652,0,NL,0.091716292,ideal,0,-0.685074294,1,Organic Search,29,14
6653,1,NL,-1.03394458,ideal,0,-0.282014753,0,Direct Access,29,14
6654,1,NL,3.006600686,ideal,0,0.73748879,0,Direct Access,29,14
6655,0,NL,-0.226066431,ideal,1,-0.693841827,0,Organic Search,29,14
6656,1,NL,0.149153859,ideal,0,1.940740066,0,Paid Search Branded,29,14
6657,0,NL,-0.081462304,ideal,1,-0.693841827,0,Organic Search,29,14
6658,1,NL,0.49551105,ideal,1,-0.693841827,1,Paid Search Branded,29,14
6659,0,NL,-0.312367098,ideal,1,-0.693841827,1,Paid Search Non-Branded,29,14
6660,0,NL,0.120579391,ideal,1,-0.693841827,0,Direct Access,29,14
6661,0,NL,0.149153859,ideal,0,0.749343483,0,Paid Search Branded,29,14
6662,0,NL,0.870731341,ideal,1,-0.693841827,0,Direct Access,29,14
6663,0,NL,-0.312655729,ideal,0,-0.056775598,0,Paid Search Branded,29,14
6665,0,NL,0.697841376,ideal,1,-0.693841827,0,Paid Search Branded,29,14
6666,0,NL,0.207168689,ideal,0,0.663396963,1,Direct Access,29,14
6667,0,NL,-1.03394458,ideal,1,-0.693841827,0,Paid Search Branded,29,14
6668,1,NL,-0.024024736,ideal,1,-0.693841827,0,Paid Search Branded,29,14
6669,0,NL,-1.03394458,ideal,1,-0.693841827,0,Paid Search Non-Branded,29,14
6670,1,NL,0.120579391,ideal,1,-0.693841827,0,Paid Search Branded,29,14
6671,1,NL,2.083270141,ideal,0,0.236628038,0,Organic Search,29,14
6672,1,NL,-0.485545694,ideal,1,-0.693841827,0,Paid Search Branded,29,14
6673,0,NL,0.091716292,ideal,1,-0.693841827,0,Direct Access,29,14
6674,1,NL,0.351484185,ideal,1,-0.693841827,0,Paid Search Branded,29,15
6675,1,NL,-0.658724289,ideal,0,2.094851066,0,Direct Access,29,15
6676,1,NL,-0.774465317,ideal,0,0.361102308,0,Paid Search Branded,29,15
6677,0,NL,0.062853192,ideal,1,-0.693841827,0,Organic Search,29,15
6678,0,NL,-0.528840342,ideal,1,-0.693841827,0,Paid Search Branded,29,15
6679,1,NL,1.534582624,ideal,0,1.348005447,0,Organic Search,29,15
6680,1,NL,-0.676042149,ideal,0,0.675251655,0,Direct Access,29,15
6681,0,NL,-0.503152184,ideal,0,2.91282484,0,Affiliate,29,15
6682,0,NL,-0.312367098,ideal,1,-0.693841827,0,Paid Search Branded,29,15
6683,1,NL,0.120579391,ideal,0,2.746859147,1,Paid Search Branded,29,15
6684,1,NL,0.813005142,ideal,0,2.334908587,0,Paid Search Branded,29,15
6685,0,NL,0.812716511,ideal,0,1.952594758,0,Organic Search,29,15
6686,0,NL,-0.630149821,ideal,0,1.128693638,0,Paid Search Branded,29,15
6687,0,NL,0.264894887,ideal,1,-0.693841827,0,Direct Access,29,15
6688,0,NL,-0.774465317,ideal,1,-0.693841827,0,Direct Access,29,15
6689,0,BE,0.178305589,visa,0,0.944945907,0,Paid Search Branded,29,15
6690,0,NL,-1.03394458,ideal,0,0.002497864,0,Paid Search Branded,29,15
6691,1,NL,-0.312367098,ideal,0,1.122766292,0,Direct Access,29,15
6692,1,NL,-0.485545694,ideal,1,-0.693841827,0,Organic Search,29,15
6693,1,NL,-0.196914701,ideal,1,-0.693841827,0,Paid Search Branded,29,15
6694,1,NL,0.639826547,ideal,0,1.125729965,0,Direct Access,29,15
6695,0,NL,-0.601286722,ideal,0,2.521619992,1,Direct Access,29,15
6696,0,NL,0.120579391,ideal,1,-0.693841827,0,Organic Search,29,15
6697,0,NL,0.409210384,visa,0,1.481370736,1,Paid Search Branded,29,16
6698,1,NL,1.188225433,ideal,0,0.532995347,0,Paid Search Branded,29,16
6699,1,NL,-0.312655729,ideal,1,-0.693841827,0,Organic Search,29,16
6700,1,NL,-1.034233211,ideal,1,-0.693841827,0,Organic Search,29,16
6701,0,NL,0.207168689,ideal,0,-0.685074294,0,Paid Search Branded,29,16
6703,1,NL,-0.889629083,ideal,0,0.147717845,1,Campaigning,29,16
6704,0,NL,0.207168689,ideal,0,0.100299076,1,Organic Search,29,16
6705,1,NL,1.823213617,ideal,0,1.013110388,0,Campaigning,29,16
6706,1,NL,0.437784852,ideal,0,-0.101230695,0,Paid Search Branded,29,16
6707,0,NL,-0.600998091,ideal,1,-0.693841827,1,Paid Search Branded,29,16
6708,0,NL,0.062853192,ideal,0,2.334908587,0,Paid Search Branded,29,16
6709,1,NL,1.967817744,ideal,0,1.460625025,0,Paid Search Branded,29,16
6710,0,NL,0.120002129,ideal,1,-0.693841827,0,Paid Search Branded,29,16
6711,0,NL,2.348810654,ideal,1,-0.693841827,0,Direct Access,29,16
6712,1,BE,-0.341230197,visa,1,-0.693841827,0,Paid Search Non-Branded,29,16
6713,1,NL,-1.03394458,ideal,1,-0.693841827,0,Direct Access,29,16
6714,1,BE,-0.312655729,visa,0,-0.69100164,0,Paid Search Branded,29,16
6715,0,NL,-0.774465317,ideal,0,0.097335402,0,Direct Access,29,16
6716,0,BE,-0.312367098,visa,0,1.069420177,0,Paid Search Branded,29,16
6717,0,NL,-0.312367098,ideal,0,1.955558431,0,Organic Search,29,16
6718,1,NL,-0.745602218,ideal,1,-0.693841827,0,Paid Search Non-Branded,29,16
6719,0,NL,-0.070205695,ideal,1,-0.693841827,0,Affiliate,29,16
6720,0,NL,0.004549732,ideal,0,2.106705759,0,Paid Search Branded,29,17
6721,1,NL,-0.832191516,ideal,1,-0.693841827,1,Paid Search Non-Branded,29,17
6722,0,NL,-0.081462304,ideal,1,-0.693841827,0,Paid Search Branded,29,17
6723,0,NL,0.409210384,ideal,0,1.448770332,0,Organic Search,29,17
6724,1,NL,-0.312367098,ideal,1,-0.693841827,1,Organic Search,29,17
6725,1,NL,0.120579391,ideal,0,-0.536890639,1,Organic Search,29,17
6726,1,NL,0.207168689,ideal,0,-0.634691851,0,Organic Search,29,17
6727,1,BE,-0.485545694,visa,1,-0.693841827,0,Paid Search Non-Branded,29,17
6728,0,NL,-0.312367098,ideal,0,2.234143702,0,Campaigning,29,17
6729,0,NL,2.285311836,ideal,0,-0.462798812,0,Paid Search Non-Branded,29,17
6730,0,NL,1.699390921,visa,0,-0.427234735,0,Direct Access,29,17
6731,1,NL,0.55352588,ideal,1,-0.693841827,1,Organic Search,29,17
6732,1,NL,-0.081750935,ideal,0,0.251446403,0,Direct Access,29,17
6733,0,BE,-0.658724289,visa,0,1.703646218,0,Direct Access,29,17
6734,0,NL,-0.889917714,visa,0,0.378884346,0,Organic Search,29,17
6735,0,NL,-0.428108126,ideal,1,-0.693841827,0,Paid Search Branded,29,17
6736,0,NL,-0.160835827,ideal,0,0.891599791,0,Paid Search Non-Branded,29,17
6737,1,NL,-0.600998091,ideal,1,-0.693841827,0,Paid Search Branded,29,17
6738,0,NL,-0.600998091,ideal,1,-0.693841827,0,Paid Search Branded,29,17
6739,0,NL,-0.168340233,ideal,0,1.045710792,1,Direct Access,29,17
6740,0,NL,0.697841376,ideal,0,0.464830866,1,Organic Search,29,17
6741,1,NL,-0.630149821,ideal,1,-0.693841827,0,Paid Search Branded,29,17
6742,1,NL,-1.03394458,ideal,1,-0.693841827,0,Paid Search Branded,29,17
6743,0,NL,0.553237249,ideal,1,-0.693841827,0,Paid Search Branded,29,17
6744,1,NL,0.553237249,ideal,1,-0.693841827,0,Direct Access,29,17
6745,1,NL,-0.514697424,ideal,0,1.096093234,0,Organic Search,29,17
6746,1,NL,-0.832191516,visa,0,-0.210886599,0,Direct Access,29,17
6747,1,NL,0.697552745,ideal,1,-0.693841827,1,Paid Search Non-Branded,29,17
6748,1,NL,-0.28379263,ideal,0,2.542365703,0,Paid Search Branded,29,17
6749,1,NL,-0.861343246,ideal,0,1.276877293,0,Campaigning,29,17
6750,1,NL,0.120579391,ideal,0,-0.670255928,0,Paid Search Branded,29,17
6751,0,NL,-0.485545694,ideal,1,-0.693841827,0,Direct Access,29,17
6752,1,NL,-0.600998091,ideal,1,-0.693841827,0,Paid Search Branded,29,17
6753,1,NL,-0.196914701,ideal,0,-0.658401236,0,Campaigning,29,17
6754,0,NL,0.120579391,ideal,0,1.318368716,0,Direct Access,29,17
6755,0,NL,-0.456682594,ideal,0,2.560147742,0,Direct Access,29,17
6756,1,NL,0.813005142,ideal,0,2.077069028,1,Paid Search Branded,29,18
6757,0,NL,-0.485545694,ideal,0,0.847144695,0,Paid Search Branded,29,18
6758,0,NL,-0.710966499,ideal,0,1.039783446,0,Organic Search,29,18
6760,0,NL,0.062564561,ideal,1,-0.693841827,0,Paid Search Branded,29,18
6761,0,NL,1.765487418,ideal,0,1.472479717,0,Paid Search Branded,29,18
6762,0,NL,-0.312367098,ideal,1,-0.693841827,1,Paid Search Non-Branded,29,18
6763,0,NL,-0.2257778,ideal,1,-0.693841827,0,Paid Search Branded,29,18
6764,1,NL,-0.456682594,ideal,0,0.429266789,0,Paid Search Non-Branded,29,18
6765,0,NL,-0.168051602,ideal,1,-0.693841827,0,Direct Access,29,18
6766,0,NL,-0.312367098,ideal,0,0.091408056,0,Member-get-member,29,18
6767,0,NL,-0.139188502,visa,0,1.371714832,0,Direct Access,29,18
6768,0,NL,-0.687876019,ideal,1,-0.693841827,0,Direct Access,29,18
6769,1,NL,0.408921753,visa,1,-0.693841827,0,Paid Search Non-Branded,29,18
6770,0,NL,0.120579391,ideal,1,-0.693841827,0,Direct Access,29,18
6771,0,NL,-0.456971225,ideal,0,2.743895474,0,Organic Search,29,18
6772,1,NL,0.639826547,ideal,1,-0.693841827,0,Direct Access,29,18
6773,1,NL,-0.658724289,visa,1,-0.693841827,0,Paid Search Branded,29,18
6774,0,NL,-0.456682594,ideal,1,-0.693841827,0,Paid Search Branded,29,18
6775,1,NL,0.062564561,ideal,1,-0.693841827,0,Direct Access,29,18
6776,0,NL,-0.485545694,ideal,1,-0.693841827,0,Organic Search,29,18
6777,1,NL,-0.2257778,visa,1,-0.693841827,0,Organic Search,29,18
6778,0,NL,0.149153859,ideal,1,-0.693841827,0,Paid Search Non-Branded,29,18
6779,0,BE,-0.485545694,visa,0,0.544850039,0,Member-get-member,29,18
6780,0,NL,-0.485545694,ideal,0,0.538922693,0,Paid Search Branded,29,18
6781,0,NL,0.149153859,ideal,1,-0.693841827,0,Direct Access,29,18
6782,1,NL,-1.085898158,ideal,1,-0.693841827,0,Paid Search Branded,29,19
6783,0,NL,-0.332571267,ideal,0,1.795520084,0,Direct Access,29,19
6785,1,NL,0.091716292,ideal,1,-0.693841827,0,Paid Search Non-Branded,29,19
6786,1,NL,0.235743157,ideal,1,-0.693841827,0,Direct Access,29,19
6787,1,NL,-0.456971225,ideal,0,-0.276087407,0,Paid Search Branded,29,19
6788,0,NL,-0.889629083,visa,0,-0.255341695,0,Paid Search Branded,29,19
6789,0,NL,0.149153859,ideal,0,0.215882326,0,Paid Search Branded,29,19
6790,0,BE,-0.600998091,visa,1,-0.693841827,0,Paid Search Branded,29,19
6791,0,NL,-0.455239439,ideal,0,0.684142675,0,Campaigning,29,19
6793,0,NL,0.553237249,ideal,0,0.790834906,0,Direct Access,29,19
6794,1,NL,0.524085519,ideal,1,-0.693841827,0,Paid Search Non-Branded,29,19
6795,0,NL,-0.485545694,ideal,1,-0.693841827,0,Paid Search Non-Branded,29,19
6796,1,NL,-0.160835827,visa,0,1.745137642,0,Organic Search,29,19
6797,0,NL,0.49551105,ideal,1,-0.693841827,0,Paid Search Branded,29,19
6798,0,NL,1.33282956,visa,0,-0.616909813,1,Direct Access,29,19
6799,0,NL,0.120579391,ideal,0,0.029170921,0,Direct Access,29,19
6800,0,NL,0.206880058,ideal,0,-0.628764505,1,Campaigning,29,19
6801,0,BE,0.062853192,visa,1,-0.693841827,0,Paid Search Non-Branded,29,19
6802,0,NL,-0.312367098,ideal,0,-0.15457681,0,Direct Access,29,19
6803,1,NL,-0.312367098,ideal,1,-0.693841827,0,Paid Search Branded,29,19
6805,0,NL,1.274814731,ideal,0,0.577450443,0,Paid Search Branded,29,19
6806,0,NL,1.938954645,ideal,0,0.352211288,0,Paid Search Branded,29,19
6807,0,NL,0.55352588,ideal,1,-0.693841827,0,Paid Search Branded,29,19
6808,1,NL,0.437784852,ideal,1,-0.693841827,0,Direct Access,29,19
6809,1,NL,3.29552031,ideal,1,-0.693841827,0,Paid Search Branded,29,20
6810,1,NL,0.120579391,ideal,0,-0.127903753,0,Direct Access,29,20
6811,0,NL,0.986472369,visa,1,-0.693841827,0,Direct Access,29,20
6812,0,NL,-0.209903096,ideal,0,0.850108368,0,Direct Access,29,20
6813,0,NL,-0.312367098,ideal,0,0.364065981,0,Paid Search Branded,29,20
6814,1,NL,-0.2257778,ideal,1,-0.693841827,0,Paid Search Branded,29,20
6815,1,NL,0.235743157,ideal,0,0.761198175,0,Campaigning,29,20
6816,0,NL,-0.28379263,ideal,1,-0.693841827,0,Paid Search Non-Branded,29,20
6817,1,NL,-1.03394458,ideal,0,1.306514024,1,Paid Search Branded,29,20
6818,0,NL,-0.023736105,ideal,1,-0.693841827,0,Paid Search Branded,29,20
6819,1,BE,-0.485545694,visa,1,-0.693841827,0,Organic Search,29,20
6820,1,NL,-0.889917714,ideal,0,-0.00046581,0,Direct Access,29,20
6822,0,NL,-0.2257778,ideal,0,0.841217349,0,Direct Access,29,20
6824,0,NL,-0.745313587,visa,0,0.761198175,0,Paid Search Branded,29,20
6825,1,NL,1.592597453,ideal,0,1.742173968,1,Paid Search Branded,29,20
6826,1,NL,1.217377163,ideal,0,0.94790958,0,Paid Search Branded,29,20
6827,1,NL,0.726415845,ideal,0,0.192172941,0,Direct Access,29,20
6828,0,NL,-1.03394458,ideal,0,0.491503924,0,Paid Search Branded,29,20
6829,0,NL,0.091716292,ideal,0,1.845902527,0,Direct Access,29,20
6830,0,NL,-0.2257778,ideal,1,-0.693841827,0,Paid Search Non-Branded,29,20
6831,0,NL,0.206880058,ideal,1,-0.693841827,0,Direct Access,29,20
6832,0,NL,-0.823243955,visa,0,0.722670425,0,Paid Search Branded,29,20
6833,0,NL,-0.312367098,ideal,0,-0.69100164,0,Paid Search Non-Branded,29,20
6834,0,NL,-0.023736105,ideal,1,-0.693841827,0,Organic Search,29,20
6835,1,NL,-0.774465317,ideal,1,-0.693841827,0,Paid Search Non-Branded,29,20
6836,1,NL,-0.832191516,ideal,0,1.013110388,0,Paid Search Branded,29,20
6837,1,NL,-0.889917714,ideal,1,-0.693841827,0,Paid Search Branded,29,20
6838,1,NL,0.582100348,ideal,1,-0.693841827,0,Paid Search Branded,29,20
6839,0,NL,-0.485545694,ideal,0,2.752786493,0,Paid Search Branded,29,20
6840,1,NL,0.120579391,ideal,1,-0.693841827,0,Paid Search Branded,29,20
6841,0,NL,0.49551105,ideal,0,0.141790499,0,Paid Search Branded,29,20
6842,1,NL,-1.03394458,ideal,1,-0.693841827,0,Paid Search Branded,29,20
6843,1,NL,-0.600998091,ideal,1,-0.693841827,0,Campaigning,29,20
6844,1,NL,1.216799901,ideal,1,-0.693841827,0,Direct Access,29,20
6845,1,NL,0.149153859,ideal,1,-0.693841827,0,Organic Search,29,20
6846,0,NL,0.091716292,ideal,0,0.375920673,0,Campaigning,29,21
6847,1,NL,1.309739081,ideal,0,1.499152775,0,Paid Search Branded,29,21
6848,0,NL,0.409210384,ideal,1,-0.693841827,1,Paid Search Non-Branded,29,21
6849,0,NL,-0.578196242,ideal,0,0.864926733,0,Paid Search Branded,29,21
6850,1,NL,-0.64746768,ideal,0,1.042747119,0,Display,29,21
6851,0,NL,0.452505033,ideal,0,0.781943887,0,Paid Search Branded,29,21
6852,1,NL,0.697841376,ideal,1,-0.693841827,0,Paid Search Branded,29,21
6853,0,NL,-0.485545694,ideal,1,-0.693841827,0,Paid Search Non-Branded,29,21
6854,0,NL,-0.052887836,ideal,0,-0.234595984,0,Direct Access,29,21
6855,1,NL,-0.486122956,ideal,1,-0.693841827,1,Organic Search,29,21
6856,1,NL,-0.774465317,ideal,1,-0.693841827,0,Paid Search Non-Branded,29,21
6857,0,NL,0.55352588,visa,0,-0.00046581,0,Organic Search,29,21
6858,1,NL,-0.28379263,ideal,1,-0.693841827,1,Paid Search Branded,29,21
6859,0,NL,0.084500517,visa,0,0.707852059,0,Direct Access,29,21
6860,0,NL,0.149153859,ideal,1,-0.693841827,1,Paid Search Branded,29,21
6861,0,NL,0.784142043,ideal,0,0.369993327,0,Paid Search Branded,29,21
6862,0,NL,-0.456682594,ideal,0,-0.48058085,0,Direct Access,29,21
6863,1,NL,0.380058653,ideal,1,-0.693841827,1,Paid Search Branded,29,21
6864,0,NL,-0.341230197,ideal,1,-0.693841827,0,Organic Search,29,21
6865,0,NL,-0.226066431,ideal,1,-0.693841827,0,Organic Search,29,21
6866,0,NL,3.154091124,ideal,1,-0.693841827,0,Direct Access,29,21
6867,1,NL,0.12029076,ideal,0,-0.69100164,0,Paid Search Branded,29,21
6868,1,NL,0.004838363,ideal,0,-0.69100164,1,Paid Search Branded,29,21
6869,0,NL,-0.485545694,ideal,0,2.062250662,0,Paid Search Branded,29,21
6871,1,NL,-0.312367098,ideal,1,-0.693841827,0,Paid Search Branded,29,22
6872,0,NL,2.586931223,ideal,0,1.472479717,0,Direct Access,29,22
6873,1,NL,-0.226066431,ideal,0,2.732040781,0,Organic Search,29,22
6875,0,NL,-0.226066431,ideal,1,-0.693841827,1,Paid Search Branded,29,22
6876,1,NL,1.823502248,visa,1,-0.693841827,0,Direct Access,29,22
6877,0,BE,-0.601575353,visa,1,-0.693841827,0,Paid Search Non-Branded,29,22
6878,0,NL,-0.067030754,ideal,0,2.382327356,0,Direct Access,29,22
6879,1,NL,-0.485545694,ideal,0,2.33787226,0,Paid Search Branded,29,22
6880,1,NL,-0.428108126,ideal,1,-0.693841827,0,Paid Search Branded,29,22
6881,1,NL,0.264894887,ideal,1,-0.693841827,0,Paid Search Branded,29,22
6882,0,NL,-0.572423622,ideal,1,-0.693841827,0,Paid Search Branded,29,22
6883,1,NL,0.784430674,ideal,1,-0.693841827,0,Organic Search,29,22
6884,0,BE,-0.023736105,visa,1,-0.693841827,0,Direct Access,29,22
6885,0,NL,0.235743157,visa,1,-0.693841827,1,Organic Search,29,22
6886,0,NL,0.207168689,ideal,1,-0.693841827,0,Direct Access,29,22
6887,1,NL,0.409210384,ideal,1,-0.693841827,0,Organic Search,29,22
6888,0,NL,-1.4671797,ideal,1,-0.693841827,0,Paid Search Branded,29,22
6889,0,NL,-0.081750935,visa,1,-0.693841827,0,Direct Access,29,22
6890,0,NL,-0.370670559,ideal,1,-0.693841827,0,Paid Search Branded,29,22
6891,1,NL,-0.947643913,ideal,1,-0.693841827,0,Paid Search Branded,29,22
6892,0,NL,-0.2751337,ideal,1,-0.693841827,0,Direct Access,29,23
6893,1,NL,1.909514283,ideal,1,-0.693841827,0,Paid Search Branded,29,23
6894,1,NL,-0.485545694,ideal,1,-0.693841827,0,Organic Search,29,23
6895,1,NL,2.631380396,ideal,1,-0.693841827,0,Direct Access,29,23
6896,1,NL,-0.889917714,ideal,0,1.825156815,0,Direct Access,29,23
6897,0,NL,1.073061667,ideal,1,-0.693841827,0,Paid Search Non-Branded,29,23
6898,0,BE,2.631380396,ideal,0,-0.471689831,0,Paid Search Branded,29,23
6899,0,NL,0.120579391,ideal,0,0.129935806,0,Paid Search Branded,29,23
6900,1,NL,0.409210384,ideal,1,-0.693841827,0,Paid Search Non-Branded,29,23
6901,0,BE,-0.62408857,ideal,0,0.218845999,0,Affiliate,29,23
6902,0,NL,2.111844609,ideal,1,-0.693841827,1,Paid Search Branded,29,23
6903,0,NL,0.149153859,ideal,0,0.251446403,0,Organic Search,29,23
6904,0,NL,2.227297006,ideal,1,-0.693841827,1,Paid Search Branded,29,23
6905,0,NL,-0.601286722,ideal,1,-0.693841827,0,Paid Search Branded,29,0
6906,0,NL,0.207168689,ideal,0,2.900970147,0,Organic Search,29,0
6907,1,NL,0.177439697,ideal,1,-0.693841827,1,Paid Search Non-Branded,29,0
6908,1,NL,-0.2257778,ideal,1,-0.693841827,0,Paid Search Branded,29,0
6909,1,NL,-0.197203332,ideal,0,0.138826826,0,Campaigning,29,0
6910,1,NL,-1.380301771,ideal,0,0.607087174,0,Paid Search Branded,30,1
6911,0,NL,-0.485545694,ideal,1,-0.693841827,1,Organic Search,30,1
6912,1,NL,2.804847623,ideal,0,1.955558431,0,Paid Search Branded,30,1
6913,1,NL,-0.600998091,ideal,1,-0.693841827,0,Paid Search Branded,30,1
6917,0,NL,1.073061667,visa,1,-0.693841827,0,Organic Search,30,5
6919,1,BE,0.157812789,visa,0,1.146475677,0,Campaigning,30,7
6920,0,NL,1.129921972,ideal,0,2.53940203,0,Direct Access,30,7
6921,0,NL,-0.485545694,ideal,0,1.036819773,0,Paid Search Branded,30,7
6922,0,NL,0.813293773,ideal,0,2.192652278,0,Campaigning,30,7
6923,1,NL,0.697841376,ideal,0,2.438637145,0,Organic Search,30,8
6924,0,NL,0.004838363,ideal,0,0.4500125,0,Paid Search Branded,30,8
6925,0,NL,1.439623027,ideal,1,-0.693841827,0,Paid Search Branded,30,8
6926,0,NL,0.726415845,ideal,0,2.566075088,0,Direct Access,30,8
6927,1,NL,-0.312367098,ideal,0,0.906418157,0,Paid Search Branded,30,8
6928,0,NL,0.582100348,ideal,1,-0.693841827,0,Paid Search Branded,30,8
6929,1,NL,0.408921753,ideal,0,1.016074061,0,Organic Search,30,9
6930,0,NL,0.92874617,visa,0,0.45890352,0,Organic Search,30,9
6931,0,NL,3.151204814,visa,0,0.269228442,0,Direct Access,30,9
6932,0,NL,-0.456682594,ideal,1,-0.693841827,1,Paid Search Branded,30,9
6933,0,NL,-0.889917714,ideal,1,-0.693841827,0,Paid Search Branded,30,9
6934,0,NL,0.49551105,ideal,1,-0.693841827,0,Direct Access,30,9
6935,0,NL,-1.03394458,ideal,0,0.08548071,0,Campaigning,30,9
6936,1,NL,-0.889917714,ideal,0,-0.276087407,0,Paid Search Branded,30,9
6937,0,NL,0.120579391,ideal,1,-0.693841827,0,Organic Search,30,9
6938,0,NL,-0.2257778,ideal,0,1.365787486,0,Paid Search Branded,30,9
6939,0,BE,-0.023736105,ideal,0,0.417412096,0,Direct Access,30,9
6940,0,NL,0.409210384,ideal,0,3.016553398,0,Paid Search Branded,30,9
6941,0,NL,-0.168340233,ideal,1,-0.693841827,0,Organic Search,30,10
6942,0,NL,0.178016958,ideal,0,2.515692645,0,Direct Access,30,10
6943,0,NL,-0.889629083,ideal,1,-0.693841827,0,Paid Search Branded,30,10
6944,0,NL,1.217088532,ideal,1,-0.693841827,0,Paid Search Branded,30,10
6945,0,BE,-0.482659384,visa,0,0.201063961,0,Organic Search,30,10
6946,1,NL,0.264894887,ideal,0,0.118081114,0,Organic Search,30,10
6947,0,NL,-0.312367098,ideal,0,-0.20199558,0,Paid Search Branded,30,10
6948,0,NL,-0.514697424,ideal,1,-0.693841827,0,Paid Search Branded,30,10
6949,0,BE,-0.485545694,visa,1,-0.693841827,0,Paid Search Non-Branded,30,10
6950,0,NL,-0.600998091,ideal,0,-0.69100164,0,Paid Search Branded,30,10
6951,1,NL,-0.600998091,visa,1,-0.693841827,0,Paid Search Non-Branded,30,10
6952,1,NL,0.120579391,ideal,0,0.716743079,0,Direct Access,30,10
6953,1,NL,-0.226355062,ideal,0,2.409000414,0,Organic Search,30,10
6954,0,NL,-0.889917714,ideal,1,-0.693841827,0,Organic Search,30,10
6955,0,NL,4.392029451,ideal,0,1.395424217,0,Organic Search,30,10
6956,1,NL,-0.658724289,ideal,1,-0.693841827,0,Paid Search Branded,30,10
6957,1,NL,-0.197203332,ideal,1,-0.693841827,0,Paid Search Non-Branded,30,10
6958,1,NL,1.275103362,ideal,1,-0.693841827,1,Paid Search Branded,30,10
6959,0,NL,-1.322864203,ideal,1,-0.693841827,0,Paid Search Non-Branded,30,10
6960,0,NL,0.004838363,visa,0,1.208712812,0,Paid Search Branded,30,10
6961,0,NL,-0.572423622,ideal,0,0.793798579,0,Paid Search Branded,30,10
6962,1,NL,-0.052887836,ideal,1,-0.693841827,0,Paid Search Branded,30,10
6963,0,NL,-0.658724289,ideal,1,-0.693841827,0,Paid Search Branded,30,10
6964,0,NL,-0.308326264,ideal,0,0.713779406,0,Paid Search Branded,30,10
6965,0,NL,0.120579391,ideal,0,0.808616945,0,Direct Access,30,11
6966,0,NL,-0.658724289,ideal,0,0.020279902,1,Organic Search,30,11
6967,0,NL,-0.341518828,ideal,1,-0.693841827,0,Paid Search Branded,30,11
6968,0,NL,2.169859439,ideal,0,2.100778413,0,Affiliate,30,11
6969,0,NL,-0.600998091,ideal,1,-0.693841827,0,Paid Search Branded,30,11
6970,0,NL,-0.658724289,ideal,1,-0.693841827,0,Paid Search Branded,30,11
6971,1,NL,-0.514697424,ideal,1,-0.693841827,0,Paid Search Branded,30,11
6972,0,NL,-0.2257778,ideal,0,0.944945907,0,Campaigning,30,11
6973,0,NL,-0.889629083,ideal,0,1.270949947,1,Direct Access,30,11
6974,0,NL,1.592308822,ideal,0,2.847624032,1,Organic Search,30,11
6975,0,NL,0.351484185,ideal,1,-0.693841827,0,Paid Search Non-Branded,30,11
6976,1,NL,0.062853192,ideal,1,-0.693841827,1,Organic Search,30,11
6977,0,NL,0.380058653,ideal,0,1.650300103,0,Direct Access,30,11
6978,0,NL,-0.745602218,ideal,0,-0.068630291,0,Organic Search,30,11
6979,0,NL,0.351195554,ideal,1,-0.693841827,0,Paid Search Non-Branded,30,11
6980,0,NL,0.812716511,ideal,1,-0.693841827,0,Paid Search Branded,30,11
6981,0,NL,-0.658724289,ideal,0,0.088444383,0,Direct Access,30,11
6982,0,NL,-0.918492183,ideal,0,1.084238542,0,Campaigning,30,11
6983,0,NL,-0.601863984,ideal,0,1.042747119,0,Campaigning,30,11
6984,1,NL,1.823213617,ideal,0,1.113875273,0,Paid Search Branded,30,11
6985,0,NL,-0.139477133,ideal,0,1.567317256,0,Organic Search,30,11
6986,0,NL,-0.341230197,visa,1,-0.693841827,0,Organic Search,30,11
6987,1,NL,1.938954645,ideal,0,0.212918653,0,Organic Search,30,11
6988,0,BE,0.293469356,visa,1,-0.693841827,0,Direct Access,30,12
6989,0,NL,-0.485545694,ideal,1,-0.693841827,0,Direct Access,30,12
6990,1,NL,0.524662781,ideal,0,-0.510217581,1,Organic Search,30,12
6991,1,NL,-0.658724289,ideal,0,2.681658339,0,Paid Social,30,12
6992,0,NL,0.437784852,visa,0,1.834047834,0,Paid Search Branded,30,12
6993,1,NL,-0.312367098,ideal,0,-0.222741291,1,Paid Search Non-Branded,30,12
6994,0,NL,-1.4671797,ideal,1,-0.693841827,0,Organic Search,30,12
6995,0,NL,-0.861343246,ideal,1,-0.693841827,0,Paid Search Branded,30,12
6996,0,NL,-1.034233211,ideal,0,1.928885373,0,Campaigning,30,12
6997,0,NL,-0.600998091,ideal,0,1.125729965,0,Paid Search Branded,30,12
6998,1,NL,-0.2257778,ideal,0,2.598675492,0,Paid Search Branded,30,12
6999,1,NL,-0.455239439,ideal,0,2.429746126,0,Organic Search,30,12
7000,0,NL,1.506008156,ideal,1,-0.693841827,0,Direct Access,30,12
7001,1,NL,0.697841376,ideal,0,2.195615952,0,Paid Search Branded,30,12
7002,0,NL,-0.081462304,ideal,1,-0.693841827,0,Direct Access,30,12
7003,0,NL,-0.341230197,ideal,0,0.713779406,0,Campaigning,30,12
7004,0,NL,-0.485545694,ideal,0,-0.113085387,0,Organic Search,30,12
7005,0,NL,-0.572423622,ideal,0,-0.219777618,0,Display,30,12
7006,1,NL,-0.658724289,ideal,1,-0.693841827,0,Paid Search Branded,30,12
7008,1,NL,-1.03394458,ideal,1,-0.693841827,0,Organic Search,30,12
7009,0,NL,0.697841376,ideal,1,-0.693841827,0,Paid Search Branded,30,12
7010,1,NL,-0.658724289,ideal,0,0.728597771,1,Paid Search Branded,30,12
7011,1,NL,0.55352588,visa,1,-0.693841827,0,Paid Search Branded,30,12
7012,1,NL,-0.889917714,ideal,1,-0.693841827,0,Campaigning,30,12
7013,0,NL,-0.312367098,ideal,1,-0.693841827,0,Paid Search Branded,30,12
7014,1,NL,-0.658724289,ideal,0,1.1109116,0,Paid Search Branded,30,12
7015,1,NL,-0.600998091,ideal,0,-0.11604906,0,Paid Search Branded,30,13
7016,1,NL,-0.658724289,ideal,1,-0.693841827,0,Paid Search Branded,30,13
7017,0,NL,0.120579391,ideal,1,-0.693841827,0,Paid Search Branded,30,13
7018,1,NL,-0.2257778,ideal,1,-0.693841827,0,Organic Search,30,13
7019,1,NL,0.986472369,ideal,0,2.491983261,0,Direct Access,30,13
7020,0,NL,-0.485545694,ideal,1,-0.693841827,0,Direct Access,30,13
7021,0,NL,-0.739540967,ideal,1,-0.693841827,0,Paid Search Branded,30,13
7023,1,NL,0.120579391,ideal,0,0.808616945,0,Direct Access,30,13
7024,1,NL,2.140996339,ideal,0,-0.376852292,0,Paid Search Branded,30,13
7025,1,NL,-0.600998091,ideal,0,1.928885373,0,Paid Search Branded,30,13
7026,0,NL,-0.485545694,ideal,0,1.190930773,0,Paid Search Branded,30,13
7027,0,NL,-0.023736105,ideal,0,1.460625025,0,Campaigning,30,13
7028,0,NL,-0.745602218,ideal,0,0.215882326,0,Paid Search Branded,30,13
7029,0,NL,-1.03394458,visa,0,0.011388883,0,Paid Search Branded,30,13
7030,1,NL,0.784142043,ideal,1,-0.693841827,0,Organic Search,30,13
7031,0,NL,0.409210384,ideal,1,-0.693841827,0,Direct Access,30,13
7032,1,NL,-0.651508514,ideal,1,-0.693841827,0,Affiliate,30,13
7033,1,NL,-0.197203332,ideal,0,-0.510217581,0,Paid Search Branded,30,13
7034,1,NL,-0.823243955,ideal,0,1.090165888,0,Direct Access,30,13
7035,1,NL,-0.600998091,ideal,0,-0.459835139,0,Paid Search Branded,30,13
7036,1,NL,-0.2257778,ideal,1,-0.693841827,0,Organic Search,30,13
7037,0,NL,0.842156873,ideal,0,0.447048827,0,Paid Search Branded,30,13
7038,1,NL,1.823502248,ideal,0,-0.133831099,0,Organic Search,30,13
7039,0,NL,1.130787865,ideal,0,0.882708772,0,Paid Search Branded,30,13
7040,1,NL,-0.023736105,ideal,0,2.151160855,0,Paid Search Branded,30,13
7041,0,NL,-0.2257778,ideal,0,0.304792519,0,Paid Search Branded,30,14
7042,1,NL,0.380058653,ideal,1,-0.693841827,0,Organic Search,30,14
7043,0,NL,-0.341230197,ideal,1,-0.693841827,0,Direct Access,30,14
7044,0,NL,-1.294001104,ideal,0,2.468273876,0,Paid Search Branded,30,14
7045,1,NL,-0.087523555,ideal,0,2.103742086,0,Organic Search,30,14
7046,0,NL,0.120579391,ideal,1,-0.693841827,0,Paid Search Branded,30,14
7047,0,NL,-0.456971225,ideal,0,-0.673219601,0,Direct Access,30,14
7048,0,NL,0.784430674,ideal,0,-0.688037967,0,Direct Access,30,14
7049,0,NL,1.794639148,ideal,0,2.906897494,0,Organic Search,30,14
7050,0,NL,0.293469356,ideal,1,-0.693841827,0,Paid Search Branded,30,14
7051,0,NL,-0.630149821,ideal,0,-0.273123734,0,Paid Search Branded,30,14
7052,1,NL,0.120579391,ideal,0,-0.246450676,0,Direct Access,30,14
7053,1,NL,-0.139477133,ideal,1,-0.693841827,0,Paid Search Branded,30,14
7054,0,NL,0.12029076,ideal,0,0.067698672,0,Paid Search Non-Branded,30,14
7055,1,NL,-0.676042149,ideal,0,0.906418157,0,Paid Search Branded,30,14
7056,1,NL,-0.370381928,ideal,1,-0.693841827,0,Paid Search Non-Branded,30,14
7057,1,NL,-0.528840342,ideal,0,0.838253675,0,Campaigning,30,14
7058,1,NL,0.120579391,ideal,0,1.128693638,0,Paid Search Branded,30,14
7059,0,NL,-0.774465317,ideal,1,-0.693841827,0,Paid Search Branded,30,14
7060,0,NL,0.149153859,ideal,1,-0.693841827,0,Direct Access,30,14
7061,0,NL,0.409210384,ideal,0,1.276877293,0,Organic Search,30,14
7062,0,NL,-0.139477133,ideal,1,-0.693841827,0,Paid Search Branded,30,14
7063,1,NL,0.120579391,ideal,1,-0.693841827,0,Organic Search,30,14
7064,0,NL,-0.140054395,ideal,0,-0.637655524,0,Organic Search,30,15
7065,0,NL,-0.081462304,ideal,0,-0.693965313,0,Direct Access,30,15
7066,1,BE,-0.528840342,visa,0,0.678215328,1,Direct Access,30,15
7067,0,BE,-0.485545694,visa,0,0.876781426,0,Paid Search Branded,30,15
7069,1,NL,0.957320639,ideal,1,-0.693841827,0,Direct Access,30,15
7070,1,NL,-0.139477133,ideal,1,-0.693841827,0,Paid Search Branded,30,15
7071,0,NL,0.581811717,ideal,0,0.245519057,0,Direct Access,30,15
7072,0,NL,0.091716292,ideal,1,-0.693841827,0,Organic Search,30,15
7073,1,NL,-1.4671797,ideal,0,-0.095303349,0,Paid Search Branded,30,15
7074,1,NL,1.967817744,ideal,1,-0.693841827,0,Organic Search,30,15
7075,0,NL,-1.4671797,ideal,0,0.853072041,0,Direct Access,30,15
7076,1,NL,2.544791098,ideal,1,-0.693841827,0,Paid Search Branded,30,15
7077,1,NL,-0.312367098,ideal,1,-0.693841827,0,Organic Search,30,15
7078,0,NL,-1.005370111,ideal,1,-0.693841827,1,Affiliate,30,15
7079,0,NL,-1.322864203,ideal,1,-0.693841827,1,Paid Search Branded,30,15
7080,0,NL,-0.081750935,ideal,1,-0.693841827,1,Direct Access,30,15
7081,1,NL,-0.600998091,ideal,0,0.159572537,0,Paid Search Branded,30,15
7082,1,NL,-0.918492183,ideal,1,-0.693841827,0,Paid Search Branded,30,15
7083,1,NL,0.120579391,ideal,0,2.364545318,0,Paid Search Branded,30,15
7084,1,NL,0.120579391,ideal,0,-0.2879421,0,Organic Search,30,15
7085,0,NL,-0.168051602,ideal,1,-0.693841827,0,Direct Access,30,15
7086,0,NL,3.151204814,ideal,0,0.020279902,0,Organic Search,30,15
7087,0,NL,-0.312367098,ideal,0,2.225252682,0,Paid Search Branded,30,15
7088,0,NL,-0.28379263,ideal,1,-0.693841827,0,Paid Search Branded,30,15
7089,0,NL,-0.139477133,ideal,0,-0.610982467,0,Organic Search,30,15
7090,0,NL,0.149153859,ideal,0,-0.685074294,0,Organic Search,30,15
7092,0,NL,-0.832191516,ideal,1,-0.693841827,0,Paid Search Branded,30,15
7094,0,NL,-0.918492183,ideal,1,-0.693841827,0,Direct Access,30,15
7095,0,NL,-0.081462304,ideal,0,1.054601811,0,Organic Search,30,15
7096,1,NL,-0.052599205,ideal,0,-0.676183275,0,Organic Search,30,15
7097,0,NL,-0.560878383,ideal,1,-0.693841827,0,Paid Search Non-Branded,30,15
7098,0,NL,0.49551105,ideal,0,3.046190129,0,Paid Search Branded,30,15
7099,1,NL,0.235454526,ideal,0,1.134620985,0,Organic Search,30,15
7101,0,NL,-0.486122956,ideal,1,-0.693841827,0,Organic Search,30,15
7103,1,NL,2.4582018,ideal,0,1.472479717,0,Paid Search Branded,30,15
7104,0,NL,-1.4671797,ideal,1,-0.693841827,0,Paid Search Branded,30,16
7105,0,NL,1.159362334,ideal,0,0.227737018,0,Paid Search Branded,30,16
7106,0,NL,-0.832191516,ideal,0,-0.530963293,0,Direct Access,30,16
7110,0,NL,0.842156873,ideal,1,-0.693841827,0,Paid Search Branded,30,16
7111,0,NL,-0.2257778,ideal,0,-0.655437563,0,Organic Search,30,16
7112,1,NL,0.668689646,ideal,1,-0.693841827,0,Paid Search Branded,30,16
7113,0,NL,1.621460553,ideal,0,-0.130867426,1,Paid Search Branded,30,16
7114,1,NL,-0.2257778,ideal,1,-0.693841827,0,Paid Search Branded,30,16
7115,1,NL,-0.658724289,ideal,1,-0.693841827,0,Paid Search Non-Branded,30,16
7116,0,NL,0.697841376,ideal,0,1.709573564,0,Direct Access,30,16
7117,1,NL,-0.28379263,ideal,0,2.942461571,0,Campaigning,30,16
7118,1,NL,0.726415845,ideal,0,-0.184213541,0,Paid Search Branded,30,16
7119,0,NL,-0.023736105,ideal,1,-0.693841827,0,Paid Search Branded,30,16
7120,0,NL,0.120579391,ideal,1,-0.693841827,0,Organic Search,30,16
7121,1,NL,-0.052887836,visa,1,-0.693841827,0,Paid Search Branded,30,16
7122,1,NL,-0.485545694,ideal,0,1.039783446,0,Paid Search Branded,30,16
7123,1,NL,-0.139477133,ideal,0,0.675251655,0,Paid Search Branded,30,16
7124,0,NL,-0.067030754,ideal,1,-0.693841827,0,Direct Access,30,16
7125,0,NL,-0.456682594,ideal,0,0.876781426,0,Direct Access,30,16
7126,0,NL,1.419418858,ideal,1,-0.693841827,0,Direct Access,30,16
7127,0,NL,1.794350517,ideal,1,-0.693841827,0,Organic Search,30,16
7128,0,NL,1.101924766,ideal,0,0.49743127,0,Paid Search Branded,30,16
7129,0,NL,-0.918492183,ideal,1,-0.693841827,1,Organic Search,30,16
7130,0,NL,0.120579391,ideal,0,1.875539258,0,Paid Search Branded,30,16
7131,0,NL,0.524662781,ideal,0,2.909861167,0,Organic Search,30,16
7132,0,NL,0.351484185,ideal,0,-0.059739271,1,Paid Search Branded,30,16
7133,1,NL,-0.889917714,ideal,1,-0.693841827,0,Paid Search Branded,30,16
7134,1,NL,-0.312367098,ideal,1,-0.693841827,0,Paid Search Branded,30,16
7135,1,BE,-0.514697424,visa,1,-0.693841827,0,Organic Search,30,17
7136,1,NL,-0.658724289,ideal,0,1.914067008,0,Direct Access,30,17
7137,1,NL,1.384783139,ideal,0,0.470758212,0,Affiliate,30,17
7138,1,NL,1.563734354,ideal,1,-0.693841827,0,Paid Search Non-Branded,30,17
7140,0,BE,-1.322864203,visa,1,-0.693841827,0,Paid Search Non-Branded,30,17
7141,1,NL,-0.2257778,visa,0,-0.596164101,1,Paid Search Branded,30,17
7142,1,NL,-0.312367098,ideal,0,-0.462798812,0,Paid Search Branded,30,17
7143,0,NL,-0.081462304,ideal,0,-0.676183275,0,Organic Search,30,17
7144,1,NL,0.351484185,ideal,1,-0.693841827,0,Paid Search Branded,30,17
7145,0,NL,0.55352588,ideal,1,-0.693841827,0,Paid Search Non-Branded,30,17
7146,0,NL,-0.226066431,ideal,1,-0.693841827,0,Paid Search Branded,30,17
7147,0,NL,-0.676042149,ideal,0,1.56138991,0,Paid Search Branded,30,17
7149,0,NL,-1.323152834,ideal,1,-0.693841827,0,Direct Access,30,17
7150,0,NL,-0.658724289,ideal,1,-0.693841827,0,Paid Search Branded,30,17
7151,1,BE,-0.485545694,visa,0,-0.578382063,0,Direct Access,30,17
7152,1,NL,-0.600998091,ideal,1,-0.693841827,0,Organic Search,30,17
7153,1,NL,0.120579391,ideal,1,-0.693841827,0,Direct Access,30,17
7154,0,NL,0.062853192,ideal,1,-0.693841827,1,Paid Search Branded,30,17
7155,0,NL,0.351195554,ideal,0,-0.453907793,1,Paid Search Non-Branded,30,17
7156,0,NL,-0.197203332,ideal,1,-0.693841827,0,Paid Search Branded,30,17
7157,0,NL,-0.023736105,ideal,1,-0.693841827,0,Organic Search,30,17
7158,1,NL,2.718258325,ideal,1,-0.693841827,0,Organic Search,30,18
7159,0,NL,2.977448956,ideal,0,2.453455511,0,Campaigning,30,18
7160,0,NL,-0.370381928,ideal,0,0.094371729,0,Paid Search Branded,30,18
7161,0,NL,0.409210384,visa,0,1.140548331,1,Direct Access,30,18
7162,1,NL,0.062853192,ideal,0,0.435194135,0,Paid Search Branded,30,18
7163,0,NL,-0.456682594,visa,1,-0.693841827,0,Paid Search Non-Branded,30,18
7164,0,NL,-0.918492183,ideal,1,-0.693841827,0,Organic Search,30,18
7166,1,NL,0.697841376,ideal,0,-0.053811925,0,Paid Search Branded,30,18
7167,0,NL,-1.322864203,ideal,1,-0.693841827,0,Paid Search Branded,30,18
7168,0,NL,0.882276581,ideal,0,-0.628764505,0,Paid Search Branded,30,18
7169,0,NL,0.178305589,ideal,1,-0.693841827,0,Paid Search Branded,30,18
7170,0,NL,-0.947643913,ideal,1,-0.693841827,0,Paid Search Branded,30,18
7171,0,NL,-0.600998091,ideal,1,-0.693841827,0,Organic Search,30,18
7172,0,NL,3.984771121,ideal,0,0.49743127,0,Paid Search Branded,30,18
7173,1,NL,-0.658724289,ideal,1,-0.693841827,1,Paid Search Non-Branded,30,18
7174,0,NL,1.360826766,ideal,0,-0.563563697,0,Organic Search,30,18
7175,1,NL,2.515927999,ideal,1,-0.693841827,1,Organic Search,30,18
7176,1,NL,3.093478615,ideal,0,-0.501326562,1,Paid Search Branded,30,18
7177,1,NL,0.726415845,ideal,0,0.109190095,0,Paid Search Branded,30,19
7179,0,NL,-0.24886828,ideal,0,0.921236522,0,Paid Search Non-Branded,30,19
7180,1,NL,0.068625812,ideal,1,-0.693841827,0,Organic Search,30,19
7181,1,NL,0.264606256,visa,1,-0.693841827,0,Organic Search,30,19
7182,1,NL,-0.514697424,ideal,1,-0.693841827,0,Paid Search Branded,30,19
7183,0,NL,-0.052599205,ideal,1,-0.693841827,0,Paid Search Non-Branded,30,19
7184,1,NL,0.264894887,ideal,0,1.048674465,0,Direct Access,30,19
7185,1,NL,-0.226066431,ideal,0,0.242555384,0,Paid Search Branded,30,19
7186,0,NL,-0.428108126,ideal,0,0.669324309,1,Paid Search Branded,30,19
7187,0,NL,0.812716511,ideal,0,0.204027634,0,Paid Social,30,19
7188,0,NL,1.419130227,ideal,1,-0.693841827,0,Paid Search Branded,30,19
7189,0,NL,-0.2257778,ideal,1,-0.693841827,0,Paid Search Branded,30,19
7190,0,NL,1.708049851,ideal,0,2.032613931,0,Paid Search Branded,30,19
7192,1,NL,-0.312367098,ideal,1,-0.693841827,0,Paid Search Branded,30,19
7193,0,NL,1.419418858,visa,1,-0.693841827,1,Direct Access,30,19
7194,0,NL,0.553237249,ideal,1,-0.693841827,0,Paid Search Non-Branded,30,19
7195,1,NL,1.130787865,ideal,0,-0.661364909,1,Organic Search,30,19
7196,0,NL,0.120579391,ideal,0,0.212918653,0,Direct Access,30,19
7197,0,NL,1.880939815,ideal,1,-0.693841827,0,Campaigning,30,19
7198,0,NL,0.149153859,ideal,0,0.126972133,0,Paid Search Branded,30,19
7199,1,NL,0.120579391,ideal,0,0.826398983,0,Organic Search,30,19
7200,0,NL,-1.005370111,ideal,1,-0.693841827,1,Paid Search Non-Branded,30,19
7201,1,NL,-0.456971225,ideal,1,-0.693841827,0,Paid Search Branded,30,19
7202,1,NL,0.120579391,ideal,1,-0.693841827,0,Paid Search Branded,30,19
7203,1,NL,-1.03394458,ideal,1,-0.693841827,0,Paid Social,30,19
7204,1,NL,0.264894887,ideal,1,-0.693841827,0,Direct Access,30,20
7205,1,NL,0.495799681,visa,1,-0.693841827,0,Paid Search Non-Branded,30,20
7206,1,NL,-0.2257778,ideal,1,-0.693841827,0,Direct Access,30,20
7207,0,NL,3.151204814,ideal,1,-0.693841827,0,Direct Access,30,20
7208,1,NL,-0.600998091,ideal,1,-0.693841827,0,Paid Search Branded,30,20
7209,1,NL,-0.038167655,ideal,0,-0.65247389,0,Campaigning,30,20
7210,0,NL,-1.149685608,ideal,1,-0.693841827,0,Organic Search,30,20
7211,0,NL,-0.168051602,ideal,0,-0.036029887,0,Paid Search Branded,30,20
7212,1,NL,-0.485545694,ideal,1,-0.693841827,1,Direct Access,30,20
7213,0,NL,0.524662781,ideal,0,0.78490756,0,Paid Search Branded,30,20
7214,1,NL,0.108456889,ideal,0,1.199821793,0,Campaigning,30,20
7215,1,NL,-0.456971225,ideal,0,2.936534225,0,Direct Access,30,20
7216,1,NL,-0.600998091,ideal,1,-0.693841827,0,Paid Search Branded,30,20
7217,0,NL,-0.160835827,ideal,1,-0.693841827,0,Affiliate,30,20
7218,1,NL,-0.600998091,ideal,1,-0.693841827,0,Organic Search,30,20
7219,1,NL,0.235743157,ideal,1,-0.693841827,0,Paid Search Branded,30,20
7220,1,NL,-0.312367098,ideal,1,-0.693841827,0,Paid Search Non-Branded,30,20
7221,0,NL,1.830429391,ideal,0,1.653263776,1,Organic Search,30,20
7222,1,NL,-1.03394458,ideal,1,-0.693841827,0,Organic Search,30,20
7224,1,NL,-1.03394458,ideal,1,-0.693841827,0,Organic Search,30,20
7225,0,NL,1.217377163,ideal,0,0.236628038,0,Direct Access,30,20
7226,0,NL,-1.03394458,ideal,1,-0.693841827,0,Paid Search Branded,30,20
7228,0,BE,-0.312367098,visa,1,-0.693841827,0,Member-get-member,30,20
7229,0,NL,-1.03394458,ideal,1,-0.693841827,0,Paid Search Non-Branded,30,20
7230,0,NL,-0.428396757,ideal,1,-0.693841827,0,Paid Search Non-Branded,30,20
7231,1,BE,-0.023736105,visa,1,-0.693841827,0,Paid Search Branded,30,21
7232,0,NL,0.409210384,visa,0,0.026207248,1,Paid Search Branded,30,21
7234,1,NL,0.062853192,visa,1,-0.693841827,0,Paid Search Branded,30,21
7235,0,NL,0.351484185,visa,1,-0.693841827,0,Paid Search Branded,30,21
7236,1,NL,-0.745602218,ideal,1,-0.693841827,0,Organic Search,30,21
7237,0,NL,0.091716292,ideal,0,-0.243487003,0,Paid Search Branded,30,21
7238,0,NL,0.091427661,ideal,1,-0.693841827,0,Organic Search,30,21
7239,1,NL,-0.312367098,visa,1,-0.693841827,1,Paid Search Branded,30,21
7240,1,NL,-1.03394458,ideal,0,2.800205262,0,Paid Search Branded,30,21
7241,1,NL,0.409210384,ideal,1,-0.693841827,0,Direct Access,30,21
7242,0,NL,-0.2257778,visa,0,-0.693965313,0,Paid Search Branded,30,21
7243,0,NL,-0.878083844,ideal,1,-0.693841827,0,Affiliate,30,21
7244,1,NL,2.545079729,ideal,1,-0.693841827,0,Organic Search,30,21
7245,0,NL,-0.2257778,ideal,0,1.478407063,0,Paid Search Branded,30,21
7246,1,NL,-0.600998091,ideal,1,-0.693841827,0,Organic Search,30,21
7247,1,NL,-0.081750935,ideal,1,-0.693841827,0,Paid Search Branded,30,21
7248,0,NL,-0.600998091,ideal,0,1.878502931,0,Paid Search Branded,30,21
7249,0,NL,-0.168051602,ideal,0,-0.587273082,1,Direct Access,30,21
7250,0,NL,1.130787865,ideal,0,0.156608864,0,Direct Access,30,21
7251,1,BE,3.526136473,visa,1,-0.693841827,0,Organic Search,30,21
7252,1,NL,-0.312367098,ideal,1,-0.693841827,0,Paid Search Branded,30,21
7253,0,NL,-0.485545694,ideal,0,1.247240562,0,Paid Search Branded,30,21
7254,0,NL,-0.600998091,ideal,1,-0.693841827,0,Paid Search Branded,30,21
7255,0,NL,0.697841376,ideal,0,2.53940203,0,Direct Access,30,21
7256,0,NL,-0.2257778,ideal,1,-0.693841827,0,Paid Search Branded,30,21
7257,1,NL,-0.168340233,ideal,1,-0.693841827,0,Direct Access,30,21
7258,1,NL,1.044198567,ideal,0,1.022001407,0,Paid Search Branded,30,21
7259,1,NL,-0.2257778,ideal,0,2.038541278,0,Paid Search Branded,30,21
7260,1,NL,-1.03394458,ideal,1,-0.693841827,0,Paid Search Branded,30,21
7261,1,NL,0.784142043,ideal,1,-0.693841827,0,Paid Search Branded,30,21
7263,0,NL,-0.600998091,ideal,1,-0.693841827,0,Direct Access,30,21
7264,0,NL,-0.197203332,ideal,0,2.228216356,0,Organic Search,30,21
7265,0,NL,-0.889629083,ideal,0,1.02496508,0,Direct Access,30,21
7266,1,NL,-1.438605231,ideal,1,-0.693841827,0,Organic Search,30,21
7267,1,NL,-0.312367098,ideal,1,-0.693841827,0,Direct Access,30,21
7268,1,NL,0.091427661,ideal,1,-0.693841827,1,Paid Search Branded,30,21
7269,0,NL,-0.312367098,ideal,0,-0.40352535,0,Paid Search Non-Branded,30,21
7270,1,NL,-0.485545694,ideal,0,0.239591711,0,Paid Search Branded,30,21
7272,1,NL,-1.03394458,ideal,1,-0.693841827,0,Paid Search Branded,30,21
7273,0,NL,0.207168689,ideal,1,-0.693841827,0,Direct Access,30,21
7274,1,NL,-0.428108126,ideal,1,-0.693841827,1,Paid Search Branded,30,21
7275,1,NL,-0.514697424,ideal,1,-0.693841827,0,Paid Search Branded,30,22
7276,0,NL,-0.038167655,ideal,1,-0.693841827,0,Affiliate,30,22
7277,1,NL,-0.832191516,ideal,1,-0.693841827,0,Direct Access,30,22
7278,1,NL,-0.774465317,ideal,1,-0.693841827,0,Paid Search Branded,30,22
7279,1,NL,2.544791098,ideal,0,1.96444945,0,Organic Search,30,22
7280,0,NL,-0.341518828,ideal,0,0.90049081,1,Direct Access,30,22
7281,0,NL,1.044198567,ideal,1,-0.693841827,1,Direct Access,30,22
7282,0,NL,-0.485545694,ideal,1,-0.693841827,0,Direct Access,30,22
7283,1,NL,-0.196914701,ideal,0,0.476685558,0,Direct Access,30,22
7284,1,NL,2.083270141,ideal,0,0.58337779,0,Member-get-member,30,22
7285,1,NL,-1.005370111,ideal,1,-0.693841827,0,Paid Search Branded,30,22
7286,0,NL,2.660532126,ideal,1,-0.693841827,0,Direct Access,30,22
7287,1,NL,0.09113903,ideal,1,-0.693841827,1,Direct Access,30,22
7288,0,NL,0.091716292,ideal,0,1.202785466,0,Organic Search,30,22
7289,1,NL,1.621460553,ideal,0,1.47544339,0,Direct Access,30,22
7290,1,NL,-0.25492953,ideal,0,-0.590236755,0,Direct Access,30,22
7291,1,NL,-0.600998091,ideal,0,1.540644198,0,Paid Search Branded,30,22
7292,0,NL,-0.514697424,ideal,0,1.596953987,0,Paid Search Branded,30,22
7293,1,NL,-0.139477133,ideal,1,-0.693841827,0,Organic Search,30,22
7294,0,NL,0.92874617,visa,0,0.636723905,0,Direct Access,30,22
7295,1,NL,0.004838363,ideal,1,-0.693841827,1,Paid Search Non-Branded,30,22
7296,0,NL,-0.658724289,ideal,1,-0.693841827,1,Organic Search,30,22
7297,0,NL,1.465599817,ideal,1,-0.693841827,1,Direct Access,30,22
7298,0,NL,0.351484185,ideal,0,0.346283942,0,Organic Search,30,22
7299,0,NL,0.264894887,ideal,1,-0.693841827,0,Paid Search Branded,30,22
7300,0,NL,0.091716292,ideal,1,-0.693841827,1,Paid Search Branded,30,22
7301,1,NL,-0.832191516,ideal,1,-0.693841827,0,Organic Search,30,22
7302,1,BE,-0.456971225,visa,1,-0.693841827,0,Paid Search Non-Branded,30,22
7303,0,NL,-0.658724289,ideal,0,0.272192115,0,Paid Search Branded,30,22
7304,0,NL,-0.283503999,ideal,0,0.915309176,0,Campaigning,30,22
7306,1,NL,0.149153859,ideal,0,2.557184069,0,Paid Search Branded,30,23
7307,0,NL,0.409210384,ideal,0,1.075347523,0,Paid Search Branded,30,23
7308,0,NL,0.668401015,ideal,0,0.503358616,0,Campaigning,30,23
7309,1,NL,-0.023736105,ideal,0,-0.640619197,0,Paid Social,30,23
7310,1,NL,-0.081462304,ideal,1,-0.693841827,0,Paid Search Branded,30,23
7311,0,NL,3.728466799,ideal,1,-0.693841827,0,Paid Search Branded,30,23
7312,1,NL,1.708049851,ideal,0,1.167221389,0,Paid Search Branded,30,23
7313,0,NL,-0.25492953,ideal,0,1.193894446,0,Direct Access,30,23
7314,0,NL,0.120579391,ideal,1,-0.693841827,0,Organic Search,30,23
7315,0,NL,-0.023736105,ideal,0,-0.015284175,0,Direct Access,30,23
7316,1,NL,2.429627332,ideal,0,1.318368716,0,Organic Search,30,23
7317,0,NL,-0.600998091,ideal,0,0.24848273,0,Paid Search Branded,30,23
7318,1,NL,0.409210384,ideal,1,-0.693841827,0,Paid Search Branded,30,23
7319,1,NL,-0.889917714,ideal,1,-0.693841827,0,Paid Search Branded,30,23
7320,1,NL,-0.600998091,ideal,1,-0.693841827,0,Paid Search Branded,30,23
7321,1,NL,-0.918492183,ideal,0,0.091408056,0,Paid Search Branded,30,23
7322,1,NL,-0.370381928,visa,1,-0.693841827,0,Paid Search Branded,30,23
7323,0,NL,0.264606256,visa,1,-0.693841827,0,Paid Search Branded,30,23
7324,0,NL,-0.341230197,ideal,0,-0.685074294,0,Organic Search,30,23
7325,0,NL,-0.600998091,ideal,1,-0.693841827,1,Organic Search,30,0
7326,0,NL,3.382109608,ideal,1,-0.693841827,0,Organic Search,30,0
7327,1,NL,-0.745602218,ideal,0,0.076589691,0,Affiliate,30,0
7328,0,NL,2.169570808,ideal,0,1.303550351,0,Paid Search Non-Branded,30,0
7329,0,NL,-0.889917714,ideal,0,0.939018561,1,Organic Search,30,0
7330,1,NL,0.553237249,ideal,0,0.734525117,1,Paid Search Branded,30,0
7331,0,NL,0.380058653,ideal,1,-0.693841827,0,Paid Search Branded,30,0
7332,0,BE,0.322621086,visa,1,-0.693841827,0,Paid Search Non-Branded,30,0
7333,0,NL,2.4582018,ideal,0,2.198579625,0,Paid Search Branded,31,1
7334,0,NL,0.610674816,ideal,1,-0.693841827,1,Direct Access,31,2
7337,0,NL,-0.485545694,ideal,1,-0.693841827,0,Organic Search,31,3
7338,0,NL,-1.03394458,ideal,1,-0.693841827,1,Paid Search Branded,31,4
7339,0,NL,-0.918492183,ideal,0,1.176112408,0,Paid Search Branded,31,6
7340,0,NL,-0.508924804,ideal,0,0.349247615,1,Affiliate,31,7
7341,1,BE,-1.322864203,visa,1,-0.693841827,0,Paid Search Non-Branded,31,7
7342,1,NL,0.530435401,ideal,1,-0.693841827,0,Paid Search Branded,31,8
7344,1,NL,0.035433248,ideal,0,0.778980214,0,Campaigning,31,8
7345,1,NL,0.120579391,ideal,0,-0.631728178,0,Organic Search,31,8
7346,0,NL,0.437496221,ideal,1,-0.693841827,0,Organic Search,31,9
7347,1,NL,-0.2257778,ideal,0,-0.554672678,0,Direct Access,31,9
7348,1,NL,-0.600998091,ideal,1,-0.693841827,0,Paid Search Branded,31,9
7349,1,NL,0.668978277,ideal,0,-0.554672678,0,Direct Access,31,9
7350,0,NL,0.409210384,visa,1,-0.693841827,0,Paid Search Branded,31,9
7351,1,NL,-0.918492183,ideal,1,-0.693841827,0,Organic Search,31,9
7352,1,NL,-0.456971225,ideal,1,-0.693841827,0,Organic Search,31,9
7353,1,NL,0.524662781,visa,1,-0.693841827,0,Direct Access,31,9
7354,1,NL,-0.197203332,ideal,0,1.31244137,0,Paid Social,31,9
7355,1,BE,0.062853192,visa,0,0.876781426,0,Paid Search Branded,31,9
7356,1,NL,-0.889917714,ideal,0,0.968655291,0,Organic Search,31,10
7357,1,NL,-0.312367098,ideal,0,1.377642178,1,Paid Search Branded,31,10
7358,0,NL,-1.03394458,ideal,0,-0.667292255,0,Paid Search Branded,31,10
7359,1,NL,0.409210384,ideal,0,2.207470644,0,Direct Access,31,10
7360,1,NL,0.784430674,ideal,0,1.004219369,0,Paid Search Branded,31,10
7361,1,NL,0.120579391,ideal,1,-0.693841827,0,Organic Search,31,10
7362,1,NL,0.55352588,ideal,1,-0.693841827,0,Paid Search Branded,31,10
7363,1,NL,3.352957878,ideal,0,1.682900507,1,Paid Search Branded,31,10
7364,0,NL,-0.370381928,ideal,1,-0.693841827,0,Paid Search Branded,31,10
7365,1,NL,0.091716292,ideal,0,0.820471637,0,Paid Search Branded,31,10
7366,1,NL,-0.658724289,ideal,1,-0.693841827,0,Direct Access,31,10
7367,0,NL,-0.2257778,ideal,0,2.157088201,0,Paid Search Branded,31,10
7368,0,NL,-0.399245027,ideal,0,1.321332389,0,Paid Search Branded,31,10
7369,1,NL,1.303966461,visa,0,2.551256723,0,Paid Search Branded,31,10
7370,1,NL,-0.312367098,ideal,1,-0.693841827,1,Organic Search,31,10
7371,0,NL,-0.081750935,ideal,1,-0.693841827,0,Paid Search Branded,31,10
7372,0,NL,-1.03394458,ideal,1,-0.693841827,0,Paid Search Branded,31,10
7373,1,NL,-0.2257778,visa,0,2.551256723,0,Paid Search Branded,31,10
7375,1,NL,-0.196914701,ideal,0,1.324296063,1,Campaigning,31,11
7376,1,NL,-0.28379263,ideal,0,-0.533926966,1,Paid Search Branded,31,11
7377,1,NL,0.235743157,ideal,1,-0.693841827,0,Paid Search Non-Branded,31,11
7378,1,NL,-0.658724289,ideal,1,-0.693841827,0,Paid Search Branded,31,11
7379,1,NL,0.120579391,ideal,1,-0.693841827,0,Paid Search Branded,31,11
7380,1,NL,-0.918492183,ideal,0,0.094371729,0,Paid Search Branded,31,11
7381,1,NL,-0.31294436,ideal,1,-0.693841827,0,Organic Search,31,11
7382,1,NL,0.351484185,ideal,1,-0.693841827,0,Paid Search Branded,31,11
7383,0,NL,-0.745602218,ideal,0,-0.631728178,0,Organic Search,31,11
7384,1,BE,-0.312367098,visa,1,-0.693841827,1,Organic Search,31,11
7385,0,NL,-0.341230197,visa,0,2.871333417,0,Direct Access,31,11
7386,0,NL,1.101924766,ideal,0,-0.664328582,0,Paid Search Branded,31,11
7387,1,NL,-0.196914701,ideal,1,-0.693841827,0,Paid Search Branded,31,11
7388,0,NL,-0.803617047,ideal,0,1.798483757,0,Member-get-member,31,11
7389,1,NL,-0.803617047,ideal,1,-0.693841827,1,Paid Search Branded,31,11
7390,1,NL,-0.2257778,ideal,1,-0.693841827,0,Paid Search Branded,31,11
7391,1,NL,1.433850408,ideal,0,0.767125521,0,Paid Search Branded,31,11
7392,0,NL,-0.428108126,ideal,0,1.940740066,0,Paid Search Branded,31,12
7393,0,NL,0.149153859,ideal,0,2.26081676,0,Campaigning,31,12
7395,0,NL,-0.600998091,ideal,0,-0.009356829,1,Affiliate,31,12
7396,0,NL,1.794639148,ideal,1,-0.693841827,0,Paid Search Branded,31,12
7397,0,NL,0.437784852,ideal,1,-0.693841827,0,Paid Search Branded,31,12
7398,0,NL,-0.918492183,ideal,1,-0.693841827,0,Paid Search Branded,31,12
7399,1,NL,0.438073483,visa,1,-0.693841827,0,Organic Search,31,12
7400,0,NL,1.072773036,ideal,0,-0.560600024,0,Direct Access,31,12
7401,0,NL,-0.658724289,ideal,1,-0.693841827,0,Direct Access,31,12
7402,1,NL,-0.2257778,ideal,1,-0.693841827,0,Paid Search Branded,31,12
7403,0,NL,-0.918492183,ideal,0,-0.693965313,1,Paid Search Branded,31,12
7404,0,NL,-0.226066431,ideal,1,-0.693841827,0,Paid Search Branded,31,12
7406,1,NL,-0.185658092,ideal,0,1.238349543,0,Paid Search Branded,31,12
7407,0,NL,0.149153859,ideal,0,1.030892426,0,Direct Access,31,12
7408,0,NL,4.189987756,ideal,0,1.285768312,0,Campaigning,31,12
7409,0,NL,-0.312367098,ideal,0,2.171906567,0,Paid Search Non-Branded,31,12
7410,0,NL,-0.485545694,ideal,1,-0.693841827,0,Direct Access,31,12
7411,1,NL,0.437784852,ideal,1,-0.693841827,1,Paid Search Branded,31,12
7412,0,NL,-0.889917714,ideal,1,-0.693841827,0,Paid Search Non-Branded,31,12
7413,0,NL,-1.03394458,ideal,0,-0.693965313,0,Paid Search Branded,31,12
7414,0,NL,-0.023736105,ideal,1,-0.693841827,0,Paid Search Branded,31,12
7415,1,NL,2.4870649,ideal,1,-0.693841827,0,Paid Search Branded,31,12
7416,0,NL,0.235743157,ideal,0,-0.602091447,1,Campaigning,31,12
7417,1,NL,0.235743157,ideal,1,-0.693841827,0,Direct Access,31,13
7418,0,NL,-1.03394458,ideal,1,-0.693841827,0,Paid Search Branded,31,13
7419,0,NL,0.264894887,ideal,0,0.375920673,0,Paid Search Branded,31,13
7420,0,NL,-0.2257778,ideal,0,-0.513181254,0,Paid Search Branded,31,13
7421,0,NL,-0.485545694,ideal,1,-0.693841827,0,Paid Search Branded,31,13
7422,0,NL,0.004838363,ideal,1,-0.693841827,0,Paid Search Non-Branded,31,13
7423,1,NL,-0.600998091,visa,1,-0.693841827,0,Paid Search Branded,31,13
7424,0,NL,-1.005370111,ideal,0,0.666360636,0,Paid Social,31,13
7425,0,NL,-0.658724289,visa,1,-0.693841827,0,Paid Search Branded,31,13
7426,0,NL,0.207168689,ideal,0,0.781943887,0,Campaigning,31,13
7427,0,NL,0.120579391,ideal,1,-0.693841827,0,Paid Search Non-Branded,31,13
7428,0,NL,-0.023736105,ideal,0,1.448770332,1,Organic Search,31,13
7429,0,NL,-0.45552807,visa,0,0.927163868,0,Direct Access,31,13
7431,1,NL,-0.023736105,ideal,1,-0.693841827,1,Paid Search Branded,31,13
7432,0,NL,-0.658724289,ideal,0,1.410242582,1,Organic Search,31,13
7433,0,NL,-0.485545694,ideal,1,-0.693841827,0,Organic Search,31,13
7434,0,NL,-0.774176686,ideal,0,1.069420177,0,Direct Access,31,13
7435,0,NL,0.12029076,ideal,1,-0.693841827,0,Paid Search Branded,31,13
7436,1,NL,4.796401472,ideal,0,-0.071593964,0,Paid Search Non-Branded,31,13
7437,1,NL,-0.28379263,ideal,1,-0.693841827,0,Paid Search Branded,31,13
7438,0,NL,-0.081462304,ideal,1,-0.693841827,0,Direct Access,31,13
7439,0,NL,-0.2257778,ideal,1,-0.693841827,0,Paid Search Branded,31,13
7440,0,NL,1.880939815,ideal,0,-0.184213541,0,Paid Search Branded,31,13
7441,0,NL,1.621171922,ideal,1,-0.693841827,1,Paid Search Non-Branded,31,14
7442,0,NL,0.091716292,ideal,1,-0.693841827,0,Paid Search Branded,31,14
7443,1,NL,-0.312367098,ideal,0,0.624869213,0,Paid Search Branded,31,14
7444,0,NL,1.130787865,ideal,0,-0.083448656,0,Direct Access,31,14
7445,1,NL,0.12029076,ideal,1,-0.693841827,0,Paid Search Branded,31,14
7446,0,NL,1.016778623,ideal,0,1.291695659,0,Paid Search Non-Branded,31,14
7447,0,NL,-0.052599205,ideal,0,-0.634691851,0,Paid Search Branded,31,14
7448,0,NL,1.967817744,ideal,0,1.119802619,0,Paid Search Branded,31,14
7449,1,NL,-1.03394458,ideal,1,-0.693841827,0,Paid Search Branded,31,14
7450,0,NL,0.351484185,ideal,1,-0.693841827,0,Paid Search Branded,31,14
7451,0,NL,-0.2257778,ideal,1,-0.693841827,0,Direct Access,31,14
7452,1,NL,-0.600998091,ideal,1,-0.693841827,0,Paid Search Non-Branded,31,14
7453,0,NL,-0.600998091,ideal,1,-0.693841827,0,Paid Search Branded,31,14
7454,1,BE,-0.918492183,visa,1,-0.693841827,0,Affiliate,31,14
7455,1,NL,0.207168689,ideal,1,-0.693841827,0,Paid Search Non-Branded,31,14
7456,0,NL,-0.600998091,ideal,0,-0.688037967,0,Paid Search Branded,31,14
7457,1,NL,0.351484185,ideal,0,0.826398983,0,Direct Access,31,14
7458,0,NL,1.736624319,ideal,1,-0.693841827,0,Paid Search Branded,31,14
7459,1,NL,-0.312367098,visa,1,-0.693841827,0,Paid Search Branded,31,14
7460,0,NL,-1.03394458,ideal,1,-0.693841827,0,Paid Search Non-Branded,31,14
7461,1,NL,0.784430674,ideal,1,-0.693841827,1,Paid Search Branded,31,14
7462,0,NL,0.035433248,ideal,0,2.014831893,0,Direct Access,31,14
7463,1,NL,-0.658724289,visa,0,0.061771325,0,Paid Search Branded,31,14
7464,1,NL,-0.600998091,ideal,1,-0.693841827,0,Organic Search,31,14
7465,1,NL,1.419418858,visa,0,0.384811692,0,Organic Search,31,14
7466,0,NL,0.409210384,visa,1,-0.693841827,1,Paid Search Non-Branded,31,14
7467,1,NL,-1.03394458,ideal,0,-0.086412329,0,Paid Search Non-Branded,31,15
7468,0,NL,1.491576606,ideal,0,1.430988294,0,Paid Search Branded,31,15
7469,0,NL,0.523796888,ideal,0,0.278119461,0,Paid Search Branded,31,15
7470,0,NL,0.270378876,ideal,0,0.310719865,0,Paid Search Non-Branded,31,15
7471,0,NL,2.083270141,ideal,0,-0.530963293,0,Organic Search,31,15
7472,0,NL,-0.196914701,ideal,0,0.038061941,0,Direct Access,31,15
7473,0,NL,0.409210384,ideal,0,-0.409452696,0,Paid Search Branded,31,15
7474,0,BE,-1.236563536,visa,1,-0.693841827,0,Organic Search,31,15
7476,0,NL,-0.456682594,visa,0,0.903454483,0,Paid Search Branded,31,15
7477,0,NL,-0.456971225,ideal,1,-0.693841827,0,Paid Search Non-Branded,31,15
7478,1,NL,2.861996559,ideal,0,3.138063995,0,Direct Access,31,15
7479,1,NL,0.985895107,ideal,0,-0.548745332,0,Organic Search,31,15
7480,0,NL,-0.341518828,ideal,1,-0.693841827,0,Paid Search Branded,31,15
7482,1,NL,0.49551105,ideal,1,-0.693841827,0,Organic Search,31,15
7484,0,NL,-0.038456286,ideal,1,-0.693841827,0,Paid Search Branded,31,15
7485,0,NL,-0.081462304,ideal,1,-0.693841827,0,Paid Search Branded,31,15
7486,1,NL,-0.889917714,ideal,1,-0.693841827,0,Organic Search,31,15
7487,0,NL,0.084211886,visa,0,2.693513031,0,Direct Access,31,15
7488,0,NL,2.083270141,ideal,0,1.380605851,0,Direct Access,31,16
7489,0,NL,-0.25492953,ideal,1,-0.693841827,0,Paid Search Branded,31,16
7490,1,NL,0.697552745,ideal,1,-0.693841827,0,Organic Search,31,16
7491,0,NL,0.986472369,ideal,1,-0.693841827,0,Organic Search,31,16
7492,0,NL,2.86228519,ideal,1,-0.693841827,1,Direct Access,31,16
7493,0,NL,-0.774176686,ideal,0,0.811580618,0,Organic Search,31,16
7494,0,NL,1.332252298,ideal,0,1.96444945,0,Direct Access,31,16
7495,0,NL,0.091716292,ideal,0,0.00842521,1,Paid Search Branded,31,16
7496,0,NL,0.437784852,ideal,1,-0.693841827,0,Paid Search Branded,31,16
7497,0,NL,-0.485545694,ideal,1,-0.693841827,0,Paid Search Branded,31,16
7499,0,NL,-0.312367098,ideal,0,-0.69100164,0,Paid Search Branded,31,16
7500,1,NL,3.295231679,ideal,0,-0.219777618,0,Paid Search Branded,31,16
7501,0,BE,0.784430674,visa,1,-0.693841827,0,Paid Search Non-Branded,31,16
7502,0,NL,-0.196914701,ideal,0,1.457661352,0,Paid Search Non-Branded,31,16
7503,1,NL,1.534871255,ideal,1,-0.693841827,0,Paid Search Branded,31,16
7504,0,NL,1.852076716,ideal,1,-0.693841827,0,Organic Search,31,16
7505,0,NL,-0.378752226,ideal,0,-0.059739271,0,Paid Search Branded,31,16
7506,0,NL,-0.658724289,ideal,0,-0.693965313,0,Paid Search Branded,31,16
7507,0,NL,-0.485545694,ideal,1,-0.693841827,1,Direct Access,31,16
7508,0,NL,0.351484185,ideal,0,-0.69100164,0,Paid Search Branded,31,16
7509,1,NL,-0.312367098,ideal,1,-0.693841827,0,Paid Search Non-Branded,31,16
7511,0,NL,-1.322864203,ideal,0,0.254410076,0,Organic Search,31,16
7514,1,NL,-0.918492183,ideal,0,-0.619873486,0,Paid Search Branded,31,16
7515,0,NL,0.813293773,ideal,0,1.80144743,1,Organic Search,31,16
7516,1,NL,0.207168689,ideal,1,-0.693841827,0,Organic Search,31,16
7517,0,NL,-0.081462304,ideal,0,-0.688037967,0,Direct Access,31,16
7518,1,BE,0.55352588,visa,0,1.229458524,0,Direct Access,31,17
7519,1,NL,-0.341230197,ideal,1,-0.693841827,0,Direct Access,31,17
7520,0,NL,0.697552745,ideal,0,0.829362656,0,Direct Access,31,17
7521,0,NL,2.169859439,ideal,0,2.082996374,1,Organic Search,31,17
7522,0,NL,-0.226066431,ideal,1,-0.693841827,0,Paid Search Branded,31,17
7523,1,NL,-0.2257778,ideal,0,-0.48947187,0,Direct Access,31,17
7524,0,NL,-0.600998091,ideal,0,1.991122508,0,Direct Access,31,17
7525,0,NL,-0.197491963,ideal,1,-0.693841827,1,Organic Search,31,17
7526,0,NL,-0.378752226,ideal,1,-0.693841827,1,Paid Search Non-Branded,31,17
7527,1,NL,1.647437342,ideal,1,-0.693841827,0,Direct Access,31,17
7528,1,NL,1.015335468,ideal,0,2.53940203,1,Paid Search Branded,31,17
7529,0,NL,-0.485545694,ideal,1,-0.693841827,0,Paid Search Branded,31,17
7530,1,BE,1.072484405,visa,0,-0.69100164,0,Paid Search Branded,31,17
7531,0,NL,-0.739540967,ideal,0,1.104984254,0,Paid Search Branded,31,17
7532,1,NL,-0.160835827,ideal,0,0.66043329,1,Paid Search Branded,31,17
7533,0,NL,-1.322864203,ideal,0,-0.688037967,0,Direct Access,31,17
7534,0,NL,-0.485545694,ideal,1,-0.693841827,0,Organic Search,31,17
7535,0,NL,0.296644296,ideal,0,2.062250662,0,Paid Search Non-Branded,31,17
7536,1,NL,0.149153859,ideal,0,-0.693965313,0,Affiliate,31,17
7538,0,NL,-0.456971225,ideal,0,-0.48947187,0,Paid Social,31,17
7539,1,BE,0.697841376,visa,0,2.077069028,0,Paid Search Branded,31,17
7540,0,NL,-0.081462304,ideal,1,-0.693841827,0,Organic Search,31,17
7541,0,NL,0.351484185,ideal,0,-0.15457681,0,Member-get-member,31,17
7542,0,NL,0.553237249,ideal,0,-0.00046581,0,Paid Search Branded,31,17
7543,1,NL,-0.600998091,ideal,1,-0.693841827,0,Organic Search,31,17
7545,1,NL,0.12029076,ideal,0,0.026207248,0,Paid Search Branded,31,17
7546,0,NL,0.264606256,ideal,1,-0.693841827,0,Direct Access,31,17
7547,0,NL,1.361692659,ideal,0,3.043226456,0,Direct Access,31,17
7548,0,NL,2.082692879,ideal,1,-0.693841827,0,Paid Search Branded,31,18
7549,0,NL,-1.03394458,ideal,0,-0.69100164,0,Paid Search Branded,31,18
7550,1,NL,-0.918492183,ideal,1,-0.693841827,1,Direct Access,31,18
7551,0,NL,0.120579391,ideal,0,1.588062968,0,Direct Access,31,18
7552,0,NL,0.084500517,ideal,0,0.749343483,0,Campaigning,31,18
7553,0,NL,-0.485545694,ideal,0,2.835769339,0,Direct Access,31,18
7554,1,NL,-0.600998091,ideal,1,-0.693841827,0,Paid Search Branded,31,18
7555,1,NL,-0.081462304,ideal,0,-0.661364909,0,Paid Search Branded,31,18
7556,0,NL,-0.139477133,ideal,0,0.73748879,0,Direct Access,31,19
7557,0,NL,0.697841376,ideal,0,-0.563563697,0,Paid Search Branded,31,19
7558,0,NL,-0.485545694,ideal,0,-0.397598004,0,Paid Search Branded,31,19
7559,1,BE,-1.03394458,visa,0,-0.655437563,0,Member-get-member,31,19
7560,0,NL,0.120579391,ideal,0,-0.03899356,0,Paid Search Branded,31,19
7563,0,NL,-0.2257778,ideal,1,-0.693841827,0,Paid Search Branded,31,19
7564,1,BE,-0.196914701,visa,0,0.944945907,0,Paid Search Branded,31,19
7565,1,NL,-0.023736105,ideal,1,-0.693841827,0,Paid Search Branded,31,19
7566,0,NL,-0.600998091,ideal,1,-0.693841827,0,Direct Access,31,19
7567,0,NL,-0.658724289,ideal,1,-0.693841827,0,Organic Search,31,19
7568,1,NL,0.062853192,ideal,0,-0.190140887,0,Paid Search Branded,31,19
7569,0,NL,-0.023736105,ideal,1,-0.693841827,1,Direct Access,31,20
7570,1,NL,-0.456682594,ideal,1,-0.693841827,0,Paid Search Branded,31,20
7571,0,NL,0.351484185,ideal,0,-0.696928986,1,Direct Access,31,20
7572,0,NL,4.161413288,ideal,1,-0.693841827,0,Paid Search Branded,31,20
7573,0,NL,-0.023736105,ideal,0,-0.696928986,1,Direct Access,31,20
7576,1,NL,-0.600998091,ideal,1,-0.693841827,0,Paid Search Branded,31,20
7577,0,NL,0.329836861,ideal,0,1.422097275,0,Organic Search,31,20
7580,0,NL,0.380058653,ideal,1,-0.693841827,0,Organic Search,31,20
7581,1,NL,-0.2257778,ideal,0,0.2959015,0,Direct Access,31,20
7583,0,NL,0.452505033,ideal,0,-0.264232715,0,Paid Search Non-Branded,31,21
7584,0,NL,-0.024024736,visa,0,0.885672445,0,Organic Search,31,21
7585,1,NL,0.120579391,ideal,0,2.909861167,1,Paid Search Branded,31,21
7586,0,NL,0.12029076,ideal,1,-0.693841827,0,Paid Search Branded,31,21
7587,1,NL,-0.081462304,ideal,0,1.285768312,0,Paid Search Branded,31,21
7588,0,NL,-1.03394458,ideal,1,-0.693841827,0,Paid Search Non-Branded,31,21
7589,1,NL,0.264606256,ideal,0,1.300586678,1,Campaigning,31,21
7590,1,NL,-0.658724289,ideal,1,-0.693841827,0,Paid Search Branded,31,21
7591,0,NL,-0.600998091,ideal,1,-0.693841827,0,Organic Search,31,21
7592,1,NL,1.361115397,ideal,0,1.300586678,0,Campaigning,31,21
7593,1,NL,-0.528840342,ideal,0,0.550777386,0,Organic Search,31,22
7594,0,NL,1.794350517,ideal,1,-0.693841827,0,Organic Search,31,22
7595,1,NL,2.429627332,ideal,0,-0.45094412,0,Direct Access,31,22
7596,1,NL,1.275103362,ideal,0,2.459382857,0,Paid Search Branded,31,22
7597,0,NL,-0.600998091,ideal,1,-0.693841827,0,Paid Search Non-Branded,31,22
7598,0,NL,0.207168689,ideal,0,0.749343483,0,Organic Search,31,22
7599,0,NL,0.55352588,ideal,1,-0.693841827,1,Organic Search,31,22
7600,0,NL,0.697841376,ideal,0,2.933570551,0,Direct Access,31,22
7601,0,NL,-0.485545694,ideal,0,-0.113085387,0,Organic Search,31,22
7602,1,NL,-0.341230197,ideal,1,-0.693841827,1,Paid Search Branded,31,23
7603,0,NL,-0.24886828,ideal,1,-0.693841827,0,Paid Search Non-Branded,31,23
7604,0,NL,-1.03394458,ideal,0,2.216361663,0,Paid Search Branded,31,23
7605,0,NL,0.784430674,ideal,0,-0.4420531,0,Paid Search Branded,31,23
7606,0,NL,0.697841376,ideal,0,0.82343531,0,Paid Search Branded,31,23
